\batchmode
\documentclass{article}
\usepackage{amsfonts}
\usepackage{amssymb}
\usepackage{amsmath}
\setlength\parindent{0pt}
\setlength\parskip{8pt}
\begin{document}
\newcommand{\meets}{\mathrel{\supset\!\!\!\subset}}
\newcommand{\notmeets}{\mathrel{\not\meets}}
\newcommand{\Complex}{\mathbb{C}}
\newcommand{\Integer}{\mathbb{Z}}
\newcommand{\Integral}[4]{\int_{ #1 }^{#2} #4 d #3}
\newcommand{\Natural}{\mathbb{N}}
\newcommand{\Rational}{\mathbb{Q}}
\newcommand{\Real}{\mathbb{R}}
\newcommand{\Summa}[4]{\sum_{ #3 = #1 }^{#2}{#4}}
\newcommand{\congruent}[3]{#1 \equiv #2 \, \mbox{mod} \, #3}
\newcommand{\divides}[2]{#1 \mid #2}
\newcommand{\divisible}[2]{#2 \mid #1}
\newcommand{\infinity}{\infty}
\newcommand{\isempty}[1]{#1 = \emptyset}
Definition. The sets are a basic type.

Definition. The propositions are a basic type.

Definition. Let $A$ be a set. Then the elements of $A$ are a basic type.

Definition. Let $A$ be a proposition. Then we can say that $A$.

Definition. We can say that we have a contradiction.

Definition. Let $A$ and $B$ be propositions. Then we can say that $A$ and $B$.

Definition. Let $A$ and $B$ be propositions. Then we can say that $A$ or $B$.

Definition. Let $A$ and $B$ be propositions. Then we can say that if $A$, then $B$.

Definition. Let $A$ be a set. Let $B$ be a function from elements $x$ of $A$ to propositions. Then we can say that for all elements $x$ of $A$, $B$.

Definition. Let $A$ be a set. Let $B$ be a function from elements $x$ of $A$ to propositions. Then we can say that there exists an element $x$ of $A$, such that $B$.

Definition. Let $A$ be a proposition. Then it is not the case that $A$, if if $A$, then we have a contradiction.

Definition. Let $A$ and $B$ be propositions. Then $A$, if and only if $B$, if if $A$, then $B$ and if $B$, then $A$.

Definition. The numbers are a basic type.

Definition. A digit is a number.

Definition. A natural number is a number.

Definition. $\Natural$ is a set defined as the set of numbers.

Definition. An integer is a number.

Definition. $\Integer$ is a set defined as the set of numbers.

Definition. A rational number is a number.

Definition. $\Rational$ is a set defined as the set of numbers.

Definition. A real number is a number.

Definition. $\Real$ is a set defined as the set of numbers.

Definition. A complex is a number.

Definition. $\Complex$ is a set defined as the set of numbers.

Definition. A cardinal is a number.

Definition. $0$ is a digit.

Definition. $1$ is a digit.

Definition. $2$ is a digit.

Definition. $3$ is a digit.

Definition. $4$ is a digit.

Definition. $5$ is a digit.

Definition. $6$ is a digit.

Definition. $7$ is a digit.

Definition. $8$ is a digit.

Definition. $9$ is a digit.

Definition. Let $x$ be a digit. Then $\mathrm{nd}$ applied to $x$ is a natural number.

Definition. Let $x$ be a digit. Then $\mathrm{nd}$ applied to $x$ is an element of $\Natural$.

Definition. Let $x$ be a digit. Let $y$ be a natural number. Then $\mathrm{nn}$ applied to $x$ and $y$ is a natural number.

Definition. Let $x$ be a digit. Let $y$ be a natural number. Then $\mathrm{nn}$ applied to $x$ and $y$ is an element of $\Natural$.

Definition. Let $x$ be a digit. Let $y$ be an element of $\Natural$. Then $\mathrm{nn}$ applied to $x$ and $y$ is a natural number.

Definition. Let $x$ be a digit. Let $y$ be an element of $\Natural$. Then $\mathrm{nn}$ applied to $x$ and $y$ is an element of $\Natural$.

Definition. Let $x$ and $y$ be numbers. Then we can say that $x = y$.

Definition. Let $x$ and $y$ be numbers. Then we can say that $x$ is equal to $y$.

Definition. Let $x$ and $y$ be numbers. Then we can say that $x$ and $y$ are equal.

Definition. Let $x$ and $y$ be numbers. Then we can say that $x < y$.

Definition. Let $x$ and $y$ be numbers. Then we can say that $x$ is less than $y$.

Definition. Let $x$ and $y$ be numbers. Then we can say that $x > y$.

Definition. Let $x$ and $y$ be numbers. Then we can say that $x$ is greater than $y$.

Definition. Let $x$ and $y$ be numbers. Then we can say that $x \neq y$.

Definition. Let $x$ and $y$ be numbers. Then we can say that $x$ is distinct from $y$.

Definition. Let $x$ and $y$ be numbers. Then we can say that $x$ and $y$ are distinct.

Definition. Let $x$ and $y$ be numbers. Then we can say that $x \leq y$.

Definition. Let $x$ and $y$ be numbers. Then we can say that $x$ is less than or equal to $y$.

Definition. Let $x$ and $y$ be numbers. Then we can say that $x \geq y$.

Definition. Let $x$ and $y$ be numbers. Then we can say that $x$ is greater than or equal to $y$.

Definition. Let $A$ be a set. Let $y$ and $z$ be elements of $A$. Then we can say that $\mathrm{Eqt}$ holds for $A$, $y$ and $z$.

Definition. Let $x$ be a real number. Then we can say that $x$ is positive.

Definition. Let $x$ be an element of $\Real$. Then we can say that $x$ is positive.

Definition. Let $x$ be a real number. Then we can say that $x$ is negative.

Definition. Let $x$ be an element of $\Real$. Then we can say that $x$ is negative.

Definition. Let $x$ and $y$ be numbers. Then $x + y$ is a number.

Definition. Let $x$ and $y$ be numbers. Then the sum of $x$ and $y$ is a number.

Definition. Let $x$ and $y$ be numbers. Then $x - y$ is a number.

Definition. Let $x$ and $y$ be numbers. Then the difference between $x$ and $y$ is a number.

Definition. Let $x$ and $y$ be numbers. Then $x \times y$ is a number.

Definition. Let $x$ and $y$ be numbers. Then the product of $x$ and $y$ is a number.

Definition. Let $x$ and $y$ be numbers. Then $\frac{ x}{y}$ is a number.

Definition. Let $x$ and $y$ be numbers. Then the quotient of $x$ and $y$ is a number.

Definition. Let $x$ and $y$ be numbers. Then $x ^ {y}$ is a number.

Definition. Let $x$ and $y$ be numbers. Then the exponentiation of $x$ to $y$ is a number.

Definition. Let $x$ be a number. Then $- x$ is a number.

Definition. Let $x$ be a number. Then the negation of $x$ is a number.

Definition. Let $x$ be a number. Then $\sqrt{ x}$ is a number.

Definition. Let $x$ be a number. Then the square root of $x$ is a number.

Definition. Let $x$ and $y$ be numbers. Then $\log_{ x}y$ is a number.

Definition. Let $x$ and $y$ be numbers. Then the logarithm of $x$ in base $y$ is a number.

Definition. Let $x$ be a natural number. Then the successor of $x$ is a natural number.

Definition. Let $x$ be a natural number. Then the successor of $x$ is an element of $\Natural$.

Definition. Let $x$ be an element of $\Natural$. Then the successor of $x$ is a natural number.

Definition. Let $x$ be an element of $\Natural$. Then the successor of $x$ is an element of $\Natural$.

Definition. Let $x$ and $y$ be integers. Then the greatest common divisor of $x$ and $y$ is an integer.

Definition. Let $x$ and $y$ be integers. Then the greatest common divisor of $x$ and $y$ is an element of $\Integer$.

Definition. Let $x$ and $y$ be elements of $\Integer$. Then the greatest common divisor of $x$ and $y$ is an integer.

Definition. Let $x$ and $y$ be elements of $\Integer$. Then the greatest common divisor of $x$ and $y$ is an element of $\Integer$.

Definition. Let $x$ be an element of $\Integer$. Let $y$ be an integer. Then the greatest common divisor of $x$ and $y$ is an integer.

Definition. Let $x$ be an integer. Let $y$ be an element of $\Integer$. Then the greatest common divisor of $x$ and $y$ is an integer.

Definition. Let $x$ be an element of $\Integer$. Let $y$ be an integer. Then the greatest common divisor of $x$ and $y$ is an element of $\Integer$.

Definition. Let $x$ be an integer. Let $y$ be an element of $\Integer$. Then the greatest common divisor of $x$ and $y$ is an element of $\Integer$.

Definition. Let $r$ be a real number. Then $| r |$ is a real number.

Definition. Let $r$ be a real number. Then $| r |$ is an element of $\Real$.

Definition. Let $r$ be an element of $\Real$. Then $| r |$ is a real number.

Definition. Let $r$ be a real number. Then the absolute value of $r$ is a real number.

Definition. Let $r$ be an element of $\Real$. Then $| r |$ is an element of $\Real$.

Definition. Let $r$ be a real number. Then the absolute value of $r$ is an element of $\Real$.

Definition. Let $r$ be an element of $\Real$. Then the absolute value of $r$ is a real number.

Definition. Let $r$ be an element of $\Real$. Then the absolute value of $r$ is an element of $\Real$.

Definition. Let $x$ be a natural number. Then $x !$ is a natural number.

Definition. Let $x$ be a natural number. Then $x !$ is an element of $\Natural$.

Definition. Let $x$ be an element of $\Natural$. Then $x !$ is a natural number.

Definition. Let $x$ be a natural number. Then the factorial of $x$ is a natural number.

Definition. Let $x$ be an element of $\Natural$. Then $x !$ is an element of $\Natural$.

Definition. Let $x$ be a natural number. Then the factorial of $x$ is an element of $\Natural$.

Definition. Let $x$ be an element of $\Natural$. Then the factorial of $x$ is a natural number.

Definition. Let $x$ be an element of $\Natural$. Then the factorial of $x$ is an element of $\Natural$.

Definition. Let $x$ be an integer. Then we can say that $x$ is even.

Definition. Let $x$ be an element of $\Integer$. Then we can say that $x$ is even.

Definition. Let $n$ be an integer. Then $n$ is odd, if $n$ is not even.

Definition. Let $n$ be an element of $\Integer$. Then $n$ is odd, if $n$ is not even.

Definition. Let $n$ and $m$ be integers. Then $n$ is divisible by $m$, if there exists an integer $k$, such that $n = k \times m$.

Definition. Let $n$ and $m$ be integers. Then $n$ is divisible by $m$, if there exists an integer $k$, such that $n$ is equal to $k \times m$.

Definition. Let $n$ and $m$ be integers. Then $n$ is divisible by $m$, if there exists an integer $k$, such that $n$ and $k \times m$ are equal.

Definition. Let $n$ and $m$ be elements of $\Integer$. Then $n$ is divisible by $m$, if there exists an integer $k$, such that $n = k \times m$.

Definition. Let $n$ and $m$ be integers. Then $n$ is divisible by $m$, if there exists an element $k$ of $\Integer$, such that $n = k \times m$.

Definition. Let $n$ and $m$ be integers. Then $n$ is divisible by $m$, if there exists an integer $k$, such that $n$ is equal to the product of $k$ and $m$.

Definition. Let $n$ and $m$ be elements of $\Integer$. Then $n$ is divisible by $m$, if there exists an integer $k$, such that $n$ is equal to $k \times m$.

Definition. Let $n$ and $m$ be integers. Then $n$ is divisible by $m$, if there exists an element $k$ of $\Integer$, such that $n$ is equal to $k \times m$.

Definition. Let $n$ and $m$ be integers. Then $n$ is divisible by $m$, if there exists an integer $k$, such that $n$ and the product of $k$ and $m$ are equal.

Definition. Let $n$ and $m$ be elements of $\Integer$. Then $n$ is divisible by $m$, if there exists an integer $k$, such that $n$ and $k \times m$ are equal.

Definition. Let $n$ and $m$ be integers. Then $n$ is divisible by $m$, if there exists an element $k$ of $\Integer$, such that $n$ and $k \times m$ are equal.

Definition. Let $n$ and $m$ be elements of $\Integer$. Then $n$ is divisible by $m$, if there exists an element $k$ of $\Integer$, such that $n = k \times m$.

Definition. Let $n$ be an element of $\Integer$. Let $m$ be an integer. Then $n$ is divisible by $m$, if there exists an integer $k$, such that $n = k \times m$.

Definition. Let $n$ be an integer. Let $m$ be an element of $\Integer$. Then $n$ is divisible by $m$, if there exists an integer $k$, such that $n = k \times m$.

Definition. Let $n$ and $m$ be integers. Then $\divisible {n}{m}$ is a proposition defined as the proposition that there exists an integer $k$, such that $n = k \times m$.

Definition. Let $n$ and $m$ be elements of $\Integer$. Then $n$ is divisible by $m$, if there exists an integer $k$, such that $n$ is equal to the product of $k$ and $m$.

Definition. Let $n$ and $m$ be integers. Then $n$ is divisible by $m$, if there exists an element $k$ of $\Integer$, such that $n$ is equal to the product of $k$ and $m$.

Definition. Let $n$ and $m$ be elements of $\Integer$. Then $n$ is divisible by $m$, if there exists an element $k$ of $\Integer$, such that $n$ is equal to $k \times m$.

Definition. Let $n$ and $m$ be elements of $\Integer$. Then $n$ is divisible by $m$, if there exists an integer $k$, such that $n$ and the product of $k$ and $m$ are equal.

Definition. Let $n$ and $m$ be integers. Then $n$ is divisible by $m$, if there exists an element $k$ of $\Integer$, such that $n$ and the product of $k$ and $m$ are equal.

Definition. Let $n$ and $m$ be elements of $\Integer$. Then $n$ is divisible by $m$, if there exists an element $k$ of $\Integer$, such that $n$ and $k \times m$ are equal.

Definition. Let $n$ be an element of $\Integer$. Let $m$ be an integer. Then $n$ is divisible by $m$, if there exists an integer $k$, such that $n$ is equal to $k \times m$.

Definition. Let $n$ be an integer. Let $m$ be an element of $\Integer$. Then $n$ is divisible by $m$, if there exists an integer $k$, such that $n$ is equal to $k \times m$.

Definition. Let $n$ be an element of $\Integer$. Let $m$ be an integer. Then $n$ is divisible by $m$, if there exists an integer $k$, such that $n$ and $k \times m$ are equal.

Definition. Let $n$ be an integer. Let $m$ be an element of $\Integer$. Then $n$ is divisible by $m$, if there exists an integer $k$, such that $n$ and $k \times m$ are equal.

Definition. Let $n$ and $m$ be integers. Then $\divisible {n}{m}$ is a proposition defined as the proposition that there exists an integer $k$, such that $n$ is equal to $k \times m$.

Definition. Let $n$ and $m$ be integers. Then $\divisible {n}{m}$ is a proposition defined as the proposition that there exists an integer $k$, such that $n$ and $k \times m$ are equal.

Definition. Let $n$ be an element of $\Integer$. Let $m$ be an integer. Then $n$ is divisible by $m$, if there exists an element $k$ of $\Integer$, such that $n = k \times m$.

Definition. Let $n$ be an integer. Let $m$ be an element of $\Integer$. Then $n$ is divisible by $m$, if there exists an element $k$ of $\Integer$, such that $n = k \times m$.

Definition. Let $n$ and $m$ be elements of $\Integer$. Then $\divisible {n}{m}$ is a proposition defined as the proposition that there exists an integer $k$, such that $n = k \times m$.

Definition. Let $n$ and $m$ be integers. Then $\divisible {n}{m}$ is a proposition defined as the proposition that there exists an element $k$ of $\Integer$, such that $n = k \times m$.

Definition. Let $n$ and $m$ be elements of $\Integer$. Then $n$ is divisible by $m$, if there exists an element $k$ of $\Integer$, such that $n$ is equal to the product of $k$ and $m$.

Definition. Let $n$ and $m$ be elements of $\Integer$. Then $n$ is divisible by $m$, if there exists an element $k$ of $\Integer$, such that $n$ and the product of $k$ and $m$ are equal.

Definition. Let $n$ be an element of $\Integer$. Let $m$ be an integer. Then $n$ is divisible by $m$, if there exists an integer $k$, such that $n$ is equal to the product of $k$ and $m$.

Definition. Let $n$ be an integer. Let $m$ be an element of $\Integer$. Then $n$ is divisible by $m$, if there exists an integer $k$, such that $n$ is equal to the product of $k$ and $m$.

Definition. Let $n$ be an element of $\Integer$. Let $m$ be an integer. Then $n$ is divisible by $m$, if there exists an element $k$ of $\Integer$, such that $n$ is equal to $k \times m$.

Definition. Let $n$ be an element of $\Integer$. Let $m$ be an integer. Then $n$ is divisible by $m$, if there exists an integer $k$, such that $n$ and the product of $k$ and $m$ are equal.

Definition. Let $n$ be an integer. Let $m$ be an element of $\Integer$. Then $n$ is divisible by $m$, if there exists an element $k$ of $\Integer$, such that $n$ is equal to $k \times m$.

Definition. Let $n$ be an integer. Let $m$ be an element of $\Integer$. Then $n$ is divisible by $m$, if there exists an integer $k$, such that $n$ and the product of $k$ and $m$ are equal.

Definition. Let $n$ and $m$ be integers. Then $\divisible {n}{m}$ is a proposition defined as the proposition that there exists an integer $k$, such that $n$ is equal to the product of $k$ and $m$.

Definition. Let $n$ be an element of $\Integer$. Let $m$ be an integer. Then $n$ is divisible by $m$, if there exists an element $k$ of $\Integer$, such that $n$ and $k \times m$ are equal.

Definition. Let $n$ be an integer. Let $m$ be an element of $\Integer$. Then $n$ is divisible by $m$, if there exists an element $k$ of $\Integer$, such that $n$ and $k \times m$ are equal.

Definition. Let $n$ and $m$ be elements of $\Integer$. Then $\divisible {n}{m}$ is a proposition defined as the proposition that there exists an integer $k$, such that $n$ is equal to $k \times m$.

Definition. Let $n$ and $m$ be integers. Then $\divisible {n}{m}$ is a proposition defined as the proposition that there exists an element $k$ of $\Integer$, such that $n$ is equal to $k \times m$.

Definition. Let $n$ and $m$ be integers. Then $\divisible {n}{m}$ is a proposition defined as the proposition that there exists an integer $k$, such that $n$ and the product of $k$ and $m$ are equal.

Definition. Let $n$ and $m$ be elements of $\Integer$. Then $\divisible {n}{m}$ is a proposition defined as the proposition that there exists an integer $k$, such that $n$ and $k \times m$ are equal.

Definition. Let $n$ and $m$ be integers. Then $\divisible {n}{m}$ is a proposition defined as the proposition that there exists an element $k$ of $\Integer$, such that $n$ and $k \times m$ are equal.

Definition. Let $n$ and $m$ be elements of $\Integer$. Then $\divisible {n}{m}$ is a proposition defined as the proposition that there exists an element $k$ of $\Integer$, such that $n = k \times m$.

Definition. Let $n$ be an element of $\Integer$. Let $m$ be an integer. Then $\divisible {n}{m}$ is a proposition defined as the proposition that there exists an integer $k$, such that $n = k \times m$.

Definition. Let $n$ be an integer. Let $m$ be an element of $\Integer$. Then $\divisible {n}{m}$ is a proposition defined as the proposition that there exists an integer $k$, such that $n = k \times m$.

Definition. Let $n$ be an element of $\Integer$. Let $m$ be an integer. Then $n$ is divisible by $m$, if there exists an element $k$ of $\Integer$, such that $n$ is equal to the product of $k$ and $m$.

Definition. Let $n$ be an integer. Let $m$ be an element of $\Integer$. Then $n$ is divisible by $m$, if there exists an element $k$ of $\Integer$, such that $n$ is equal to the product of $k$ and $m$.

Definition. Let $n$ be an element of $\Integer$. Let $m$ be an integer. Then $n$ is divisible by $m$, if there exists an element $k$ of $\Integer$, such that $n$ and the product of $k$ and $m$ are equal.

Definition. Let $n$ be an integer. Let $m$ be an element of $\Integer$. Then $n$ is divisible by $m$, if there exists an element $k$ of $\Integer$, such that $n$ and the product of $k$ and $m$ are equal.

Definition. Let $n$ and $m$ be elements of $\Integer$. Then $\divisible {n}{m}$ is a proposition defined as the proposition that there exists an integer $k$, such that $n$ is equal to the product of $k$ and $m$.

Definition. Let $n$ and $m$ be integers. Then $\divisible {n}{m}$ is a proposition defined as the proposition that there exists an element $k$ of $\Integer$, such that $n$ is equal to the product of $k$ and $m$.

Definition. Let $n$ and $m$ be elements of $\Integer$. Then $\divisible {n}{m}$ is a proposition defined as the proposition that there exists an element $k$ of $\Integer$, such that $n$ is equal to $k \times m$.

Definition. Let $n$ and $m$ be elements of $\Integer$. Then $\divisible {n}{m}$ is a proposition defined as the proposition that there exists an integer $k$, such that $n$ and the product of $k$ and $m$ are equal.

Definition. Let $n$ and $m$ be integers. Then $\divisible {n}{m}$ is a proposition defined as the proposition that there exists an element $k$ of $\Integer$, such that $n$ and the product of $k$ and $m$ are equal.

Definition. Let $n$ and $m$ be elements of $\Integer$. Then $\divisible {n}{m}$ is a proposition defined as the proposition that there exists an element $k$ of $\Integer$, such that $n$ and $k \times m$ are equal.

Definition. Let $n$ be an element of $\Integer$. Let $m$ be an integer. Then $\divisible {n}{m}$ is a proposition defined as the proposition that there exists an integer $k$, such that $n$ is equal to $k \times m$.

Definition. Let $n$ be an integer. Let $m$ be an element of $\Integer$. Then $\divisible {n}{m}$ is a proposition defined as the proposition that there exists an integer $k$, such that $n$ is equal to $k \times m$.

Definition. Let $n$ be an element of $\Integer$. Let $m$ be an integer. Then $\divisible {n}{m}$ is a proposition defined as the proposition that there exists an integer $k$, such that $n$ and $k \times m$ are equal.

Definition. Let $n$ be an integer. Let $m$ be an element of $\Integer$. Then $\divisible {n}{m}$ is a proposition defined as the proposition that there exists an integer $k$, such that $n$ and $k \times m$ are equal.

Definition. Let $n$ be an element of $\Integer$. Let $m$ be an integer. Then $\divisible {n}{m}$ is a proposition defined as the proposition that there exists an element $k$ of $\Integer$, such that $n = k \times m$.

Definition. Let $n$ be an integer. Let $m$ be an element of $\Integer$. Then $\divisible {n}{m}$ is a proposition defined as the proposition that there exists an element $k$ of $\Integer$, such that $n = k \times m$.

Definition. Let $n$ and $m$ be elements of $\Integer$. Then $\divisible {n}{m}$ is a proposition defined as the proposition that there exists an element $k$ of $\Integer$, such that $n$ is equal to the product of $k$ and $m$.

Definition. Let $n$ and $m$ be elements of $\Integer$. Then $\divisible {n}{m}$ is a proposition defined as the proposition that there exists an element $k$ of $\Integer$, such that $n$ and the product of $k$ and $m$ are equal.

Definition. Let $n$ be an element of $\Integer$. Let $m$ be an integer. Then $\divisible {n}{m}$ is a proposition defined as the proposition that there exists an integer $k$, such that $n$ is equal to the product of $k$ and $m$.

Definition. Let $n$ be an integer. Let $m$ be an element of $\Integer$. Then $\divisible {n}{m}$ is a proposition defined as the proposition that there exists an integer $k$, such that $n$ is equal to the product of $k$ and $m$.

Definition. Let $n$ be an element of $\Integer$. Let $m$ be an integer. Then $\divisible {n}{m}$ is a proposition defined as the proposition that there exists an element $k$ of $\Integer$, such that $n$ is equal to $k \times m$.

Definition. Let $n$ be an element of $\Integer$. Let $m$ be an integer. Then $\divisible {n}{m}$ is a proposition defined as the proposition that there exists an integer $k$, such that $n$ and the product of $k$ and $m$ are equal.

Definition. Let $n$ be an integer. Let $m$ be an element of $\Integer$. Then $\divisible {n}{m}$ is a proposition defined as the proposition that there exists an element $k$ of $\Integer$, such that $n$ is equal to $k \times m$.

Definition. Let $n$ be an integer. Let $m$ be an element of $\Integer$. Then $\divisible {n}{m}$ is a proposition defined as the proposition that there exists an integer $k$, such that $n$ and the product of $k$ and $m$ are equal.

Definition. Let $n$ be an element of $\Integer$. Let $m$ be an integer. Then $\divisible {n}{m}$ is a proposition defined as the proposition that there exists an element $k$ of $\Integer$, such that $n$ and $k \times m$ are equal.

Definition. Let $n$ be an integer. Let $m$ be an element of $\Integer$. Then $\divisible {n}{m}$ is a proposition defined as the proposition that there exists an element $k$ of $\Integer$, such that $n$ and $k \times m$ are equal.

Definition. Let $n$ be an element of $\Integer$. Let $m$ be an integer. Then $\divisible {n}{m}$ is a proposition defined as the proposition that there exists an element $k$ of $\Integer$, such that $n$ is equal to the product of $k$ and $m$.

Definition. Let $n$ be an integer. Let $m$ be an element of $\Integer$. Then $\divisible {n}{m}$ is a proposition defined as the proposition that there exists an element $k$ of $\Integer$, such that $n$ is equal to the product of $k$ and $m$.

Definition. Let $n$ be an element of $\Integer$. Let $m$ be an integer. Then $\divisible {n}{m}$ is a proposition defined as the proposition that there exists an element $k$ of $\Integer$, such that $n$ and the product of $k$ and $m$ are equal.

Definition. Let $n$ be an integer. Let $m$ be an element of $\Integer$. Then $\divisible {n}{m}$ is a proposition defined as the proposition that there exists an element $k$ of $\Integer$, such that $n$ and the product of $k$ and $m$ are equal.

Definition. Let $n$ and $m$ be integers. Then $n$ divides $m$, if $\divisible {m}{n}$.

Definition. Let $n$ and $m$ be integers. Then $n$ divides $m$, if $m$ is divisible by $n$.

Definition. Let $n$ and $m$ be elements of $\Integer$. Then $n$ divides $m$, if $\divisible {m}{n}$.

Definition. Let $n$ and $m$ be elements of $\Integer$. Then $n$ divides $m$, if $m$ is divisible by $n$.

Definition. Let $n$ and $m$ be integers. Then $\divides {n}{m}$ is a proposition defined as $\divisible {m}{n}$.

Definition. Let $n$ be an element of $\Integer$. Let $m$ be an integer. Then $n$ divides $m$, if $\divisible {m}{n}$.

Definition. Let $n$ be an integer. Let $m$ be an element of $\Integer$. Then $n$ divides $m$, if $\divisible {m}{n}$.

Definition. Let $n$ be an element of $\Integer$. Let $m$ be an integer. Then $n$ divides $m$, if $m$ is divisible by $n$.

Definition. Let $n$ be an integer. Let $m$ be an element of $\Integer$. Then $n$ divides $m$, if $m$ is divisible by $n$.

Definition. Let $n$ and $m$ be elements of $\Integer$. Then $\divides {n}{m}$ is a proposition defined as $\divisible {m}{n}$.

Definition. Let $n$ and $m$ be integers. Then $\divides {n}{m}$ is a proposition defined as the proposition that $m$ is divisible by $n$.

Definition. Let $n$ be an element of $\Integer$. Let $m$ be an integer. Then $\divides {n}{m}$ is a proposition defined as $\divisible {m}{n}$.

Definition. Let $n$ be an integer. Let $m$ be an element of $\Integer$. Then $\divides {n}{m}$ is a proposition defined as $\divisible {m}{n}$.

Definition. Let $n$ and $m$ be elements of $\Integer$. Then $\divides {n}{m}$ is a proposition defined as the proposition that $m$ is divisible by $n$.

Definition. Let $n$ be an element of $\Integer$. Let $m$ be an integer. Then $\divides {n}{m}$ is a proposition defined as the proposition that $m$ is divisible by $n$.

Definition. Let $n$ be an integer. Let $m$ be an element of $\Integer$. Then $\divides {n}{m}$ is a proposition defined as the proposition that $m$ is divisible by $n$.

Definition. Let $x$ and $y$ be integers. Then $x$ is a divisor of $y$, if $x$ divides $y$.

Definition. Let $x$ and $y$ be integers. Then $x$ is a divisor of $y$, if $\divides {x}{y}$.

Definition. Let $x$ and $y$ be elements of $\Integer$. Then $x$ is a divisor of $y$, if $x$ divides $y$.

Definition. Let $x$ and $y$ be elements of $\Integer$. Then $x$ is a divisor of $y$, if $\divides {x}{y}$.

Definition. Let $x$ be an element of $\Integer$. Let $y$ be an integer. Then $x$ is a divisor of $y$, if $x$ divides $y$.

Definition. Let $x$ be an integer. Let $y$ be an element of $\Integer$. Then $x$ is a divisor of $y$, if $x$ divides $y$.

Definition. Let $x$ be an element of $\Integer$. Let $y$ be an integer. Then $x$ is a divisor of $y$, if $\divides {x}{y}$.

Definition. Let $x$ be an integer. Let $y$ be an element of $\Integer$. Then $x$ is a divisor of $y$, if $\divides {x}{y}$.

Definition. Let $n$ be a natural number. Then $n$ is prime, if it is not the case that there exists a natural number $m$, such that $1 < m < n$ and $\divisible {n}{m}$.

Definition. Let $n$ be a natural number. Then $n$ is prime, if it is not the case that there exists a natural number $m$, such that $1 < m < n$ and $n$ is divisible by $m$.

Definition. Let $n$ be an element of $\Natural$. Then $n$ is prime, if it is not the case that there exists a natural number $m$, such that $1 < m < n$ and $\divisible {n}{m}$.

Definition. Let $n$ be a natural number. Then $n$ is prime, if it is not the case that there exists an element $m$ of $\Natural$, such that $1 < m < n$ and $\divisible {n}{m}$.

Definition. Let $n$ be an element of $\Natural$. Then $n$ is prime, if it is not the case that there exists a natural number $m$, such that $1 < m < n$ and $n$ is divisible by $m$.

Definition. Let $n$ be a natural number. Then $n$ is prime, if it is not the case that there exists an element $m$ of $\Natural$, such that $1 < m < n$ and $n$ is divisible by $m$.

Definition. Let $n$ be an element of $\Natural$. Then $n$ is prime, if it is not the case that there exists an element $m$ of $\Natural$, such that $1 < m < n$ and $\divisible {n}{m}$.

Definition. Let $n$ be an element of $\Natural$. Then $n$ is prime, if it is not the case that there exists an element $m$ of $\Natural$, such that $1 < m < n$ and $n$ is divisible by $m$.

Definition. Let $n$ be a natural number. Then $n$ is prime, if it is not the case that there exists a natural number $m$, such that $1$ is less than $m$, $m < n$ and $\divisible {n}{m}$.

Definition. Let $n$ be a natural number. Then $n$ is prime, if it is not the case that there exists a natural number $m$, such that $1 < m$, $m$ is less than $n$ and $\divisible {n}{m}$.

Definition. Let $n$ be a natural number. Then $n$ is prime, if it is not the case that there exists a natural number $m$, such that $1$ is less than $m$, $m < n$ and $n$ is divisible by $m$.

Definition. Let $n$ be a natural number. Then $n$ is prime, if it is not the case that there exists a natural number $m$, such that $1 < m$, $m$ is less than $n$ and $n$ is divisible by $m$.

Definition. Let $n$ be an element of $\Natural$. Then $n$ is prime, if it is not the case that there exists a natural number $m$, such that $1$ is less than $m$, $m < n$ and $\divisible {n}{m}$.

Definition. Let $n$ be an element of $\Natural$. Then $n$ is prime, if it is not the case that there exists a natural number $m$, such that $1 < m$, $m$ is less than $n$ and $\divisible {n}{m}$.

Definition. Let $n$ be a natural number. Then $n$ is prime, if it is not the case that there exists an element $m$ of $\Natural$, such that $1$ is less than $m$, $m < n$ and $\divisible {n}{m}$.

Definition. Let $n$ be a natural number. Then $n$ is prime, if it is not the case that there exists an element $m$ of $\Natural$, such that $1 < m$, $m$ is less than $n$ and $\divisible {n}{m}$.

Definition. Let $n$ be a natural number. Then $n$ is prime, if it is not the case that there exists a natural number $m$, such that $1$ is less than $m$, $m$ is less than $n$ and $\divisible {n}{m}$.

Definition. Let $n$ be an element of $\Natural$. Then $n$ is prime, if it is not the case that there exists a natural number $m$, such that $1$ is less than $m$, $m < n$ and $n$ is divisible by $m$.

Definition. Let $n$ be an element of $\Natural$. Then $n$ is prime, if it is not the case that there exists a natural number $m$, such that $1 < m$, $m$ is less than $n$ and $n$ is divisible by $m$.

Definition. Let $n$ be a natural number. Then $n$ is prime, if it is not the case that there exists an element $m$ of $\Natural$, such that $1$ is less than $m$, $m < n$ and $n$ is divisible by $m$.

Definition. Let $n$ be a natural number. Then $n$ is prime, if it is not the case that there exists an element $m$ of $\Natural$, such that $1 < m$, $m$ is less than $n$ and $n$ is divisible by $m$.

Definition. Let $n$ be a natural number. Then $n$ is prime, if it is not the case that there exists a natural number $m$, such that $1$ is less than $m$, $m$ is less than $n$ and $n$ is divisible by $m$.

Definition. Let $n$ be an element of $\Natural$. Then $n$ is prime, if it is not the case that there exists an element $m$ of $\Natural$, such that $1$ is less than $m$, $m < n$ and $\divisible {n}{m}$.

Definition. Let $n$ be an element of $\Natural$. Then $n$ is prime, if it is not the case that there exists an element $m$ of $\Natural$, such that $1 < m$, $m$ is less than $n$ and $\divisible {n}{m}$.

Definition. Let $n$ be an element of $\Natural$. Then $n$ is prime, if it is not the case that there exists a natural number $m$, such that $1$ is less than $m$, $m$ is less than $n$ and $\divisible {n}{m}$.

Definition. Let $n$ be a natural number. Then $n$ is prime, if it is not the case that there exists an element $m$ of $\Natural$, such that $1$ is less than $m$, $m$ is less than $n$ and $\divisible {n}{m}$.

Definition. Let $n$ be an element of $\Natural$. Then $n$ is prime, if it is not the case that there exists an element $m$ of $\Natural$, such that $1$ is less than $m$, $m < n$ and $n$ is divisible by $m$.

Definition. Let $n$ be an element of $\Natural$. Then $n$ is prime, if it is not the case that there exists an element $m$ of $\Natural$, such that $1 < m$, $m$ is less than $n$ and $n$ is divisible by $m$.

Definition. Let $n$ be an element of $\Natural$. Then $n$ is prime, if it is not the case that there exists a natural number $m$, such that $1$ is less than $m$, $m$ is less than $n$ and $n$ is divisible by $m$.

Definition. Let $n$ be a natural number. Then $n$ is prime, if it is not the case that there exists an element $m$ of $\Natural$, such that $1$ is less than $m$, $m$ is less than $n$ and $n$ is divisible by $m$.

Definition. Let $n$ be an element of $\Natural$. Then $n$ is prime, if it is not the case that there exists an element $m$ of $\Natural$, such that $1$ is less than $m$, $m$ is less than $n$ and $\divisible {n}{m}$.

Definition. Let $n$ be an element of $\Natural$. Then $n$ is prime, if it is not the case that there exists an element $m$ of $\Natural$, such that $1$ is less than $m$, $m$ is less than $n$ and $n$ is divisible by $m$.

Definition. The booleans are a basic type.

Definition. Let $x$ be a set. Then the lists of elements of $x$ are a basic type.

Definition. Let $A$ be a set. Let $y$ be an element of $A$. Let $z$ be a list of elements of $A$. Then we can say that $\mathrm{member}$ holds for $A$, $y$ and $z$.

Definition. Let $x$ and $y$ be sets. Then the functions from elements of $x$ to elements of $y$ are a basic type.

Definition. Let $x$ and $y$ be sets. Then $x \cup y$ is a set.

Definition. Let $x$ and $y$ be sets. Then the union of $x$ and $y$ is a set.

Definition. Let $x$ and $y$ be sets. Then $x \cap y$ is a set.

Definition. Let $x$ and $y$ be sets. Then the intersection of $x$ and $y$ is a set.

Definition. Let $x$ and $y$ be sets. Then $x \setminus y$ is a set.

Definition. Let $x$ and $y$ be sets. Then the difference of $x$ and $y$ is a set.

Definition. Let $x$ and $y$ be sets. Then $x \times y$ is a set.

Definition. Let $x$ and $y$ be sets. Then the cartesian product of $x$ and $y$ is a set.

Definition. Let $x$ be a set. Then the complement of $x$ is a set.

Definition. Let $x$ be a set. Then ${x }^{\complement}$ is a set.

Definition. Let $x$ be a set. Then $\wp x$ is a set.

Definition. Let $x$ be a set. Then the power set of $x$ is a set.

Definition. The empty set is a set.

Definition. $\emptyset$ is a set.

Definition. The universal set is a set.

Definition. $\mathbb{ U}$ is a set.

Definition. Let $x$ and $y$ be sets. Then we can say that $x \subset y$.

Definition. Let $x$ and $y$ be sets. Then we can say that $x$ is a proper subset of $y$.

Definition. Let $x$ and $y$ be sets. Then we can say that $x \subseteq y$.

Definition. Let $x$ and $y$ be sets. Then we can say that $x$ is a subset of $y$.

Definition. Let $x$ and $y$ be sets. Then we can say that $x \supset y$.

Definition. Let $x$ and $y$ be sets. Then we can say that $x$ is a proper superset of $y$.

Definition. Let $x$ and $y$ be sets. Then we can say that $x \supseteq y$.

Definition. Let $x$ and $y$ be sets. Then we can say that $x$ is a superset of $y$.

Definition. Let $x$ and $y$ be sets. Then we can say that $x = y$.

Definition. Let $x$ and $y$ be sets. Then we can say that $x$ is equal to $y$.

Definition. Let $x$ and $y$ be sets. Then we can say that $x$ and $y$ are equal.

Definition. Let $x$ be an element of the universal set. Let $y$ be a set. Then we can say that $x \in y$.

Definition. Let $x$ be an element of $\mathbb{ U}$. Let $y$ be a set. Then we can say that $x \in y$.

Definition. Let $x$ be an element of the universal set. Let $y$ be a set. Then we can say that $x$ is an element of $y$.

Definition. Let $x$ be an element of $\mathbb{ U}$. Let $y$ be a set. Then we can say that $x$ is an element of $y$.

Definition. Let $x$ be an element of the universal set. Let $y$ be a set. Then we can say that $x \notin y$.

Definition. Let $x$ be an element of $\mathbb{ U}$. Let $y$ be a set. Then we can say that $x \notin y$.

Definition. Let $x$ be an element of the universal set. Let $y$ be a set. Then we can say that $x$ is a non-element of $y$.

Definition. Let $x$ be an element of $\mathbb{ U}$. Let $y$ be a set. Then we can say that $x$ is a non-element of $y$.

Definition. Let $x$ be a set. Then the elements of $\mathrm{positivePart}$ applied to $x$ are a basic type.

Definition. Let $x$ be a set. Then the elements of $\mathrm{negativePart}$ applied to $x$ are a basic type.

Definition. Let $x$ be a set. Then we can say that $x$ is finite.

Definition. Let $A$ be a set. Then $A$ is infinite, if $A$ is not finite.

Definition. Let $A$ be a set. Let $B$ be a function from elements $x$ of $A$ to propositions. Then the elements $x$ of $A$ such that $B$ are a basic type.

Definition. Let $A$ be a set. Let $B$ be a function from elements $x$ of $A$ to propositions. Let $z$ be an element $x$ of $A$ such that $B$ holds for $x$. Then $\mathrm{fst}$ applied to $B$ and $z$ is an element of $A$.

Definition. Let $a$ and $b$ be integers. Let $m$ be a natural number. Then $a$ is congruent to $b$ modulo $m$, if there exists a natural number $k$, such that $a - b = k \times m$.

Definition. Let $a$ and $b$ be integers. Let $m$ be an element of $\Natural$. Then $a$ is congruent to $b$ modulo $m$, if there exists a natural number $k$, such that $a - b = k \times m$.

Definition. Let $a$ and $b$ be integers. Let $m$ be a natural number. Then $a$ is congruent to $b$ modulo $m$, if there exists an element $k$ of $\Natural$, such that $a - b = k \times m$.

Definition. Let $a$ and $b$ be integers. Let $m$ be a natural number. Then $a$ is congruent to $b$ modulo $m$, if there exists a natural number $k$, such that $a - b$ is equal to $k \times m$.

Definition. Let $a$ and $b$ be integers. Let $m$ be a natural number. Then $a$ is congruent to $b$ modulo $m$, if there exists a natural number $k$, such that $a - b$ and $k \times m$ are equal.

Definition. Let $a$ and $b$ be elements of $\Integer$. Let $m$ be a natural number. Then $a$ is congruent to $b$ modulo $m$, if there exists a natural number $k$, such that $a - b = k \times m$.

Definition. Let $a$ and $b$ be integers. Let $m$ be an element of $\Natural$. Then $a$ is congruent to $b$ modulo $m$, if there exists an element $k$ of $\Natural$, such that $a - b = k \times m$.

Definition. Let $a$ and $b$ be integers. Let $m$ be an element of $\Natural$. Then $a$ is congruent to $b$ modulo $m$, if there exists a natural number $k$, such that $a - b$ is equal to $k \times m$.

Definition. Let $a$ and $b$ be integers. Let $m$ be a natural number. Then $a$ is congruent to $b$ modulo $m$, if there exists an element $k$ of $\Natural$, such that $a - b$ is equal to $k \times m$.

Definition. Let $a$ and $b$ be integers. Let $m$ be an element of $\Natural$. Then $a$ is congruent to $b$ modulo $m$, if there exists a natural number $k$, such that $a - b$ and $k \times m$ are equal.

Definition. Let $a$ and $b$ be integers. Let $m$ be a natural number. Then $a$ is congruent to $b$ modulo $m$, if there exists an element $k$ of $\Natural$, such that $a - b$ and $k \times m$ are equal.

Definition. Let $a$ and $b$ be elements of $\Integer$. Let $m$ be an element of $\Natural$. Then $a$ is congruent to $b$ modulo $m$, if there exists a natural number $k$, such that $a - b = k \times m$.

Definition. Let $a$ and $b$ be elements of $\Integer$. Let $m$ be a natural number. Then $a$ is congruent to $b$ modulo $m$, if there exists an element $k$ of $\Natural$, such that $a - b = k \times m$.

Definition. Let $a$ and $b$ be integers. Let $m$ be a natural number. Then $a$ is congruent to $b$ modulo $m$, if there exists a natural number $k$, such that $a - b$ is equal to the product of $k$ and $m$.

Definition. Let $a$ and $b$ be elements of $\Integer$. Let $m$ be a natural number. Then $a$ is congruent to $b$ modulo $m$, if there exists a natural number $k$, such that $a - b$ is equal to $k \times m$.

Definition. Let $a$ and $b$ be integers. Let $m$ be a natural number. Then $a$ is congruent to $b$ modulo $m$, if there exists a natural number $k$, such that $a - b$ and the product of $k$ and $m$ are equal.

Definition. Let $a$ and $b$ be elements of $\Integer$. Let $m$ be a natural number. Then $a$ is congruent to $b$ modulo $m$, if there exists a natural number $k$, such that $a - b$ and $k \times m$ are equal.

Definition. Let $a$ and $b$ be integers. Let $m$ be a natural number. Then $\congruent {a}{b}{m}$ is a proposition defined as the proposition that there exists a natural number $k$, such that $a - b = k \times m$.

Definition. Let $a$ and $b$ be integers. Let $m$ be an element of $\Natural$. Then $a$ is congruent to $b$ modulo $m$, if there exists an element $k$ of $\Natural$, such that $a - b$ is equal to $k \times m$.

Definition. Let $a$ and $b$ be integers. Let $m$ be an element of $\Natural$. Then $a$ is congruent to $b$ modulo $m$, if there exists an element $k$ of $\Natural$, such that $a - b$ and $k \times m$ are equal.

Definition. Let $a$ be an element of $\Integer$. Let $b$ be an integer. Let $m$ be a natural number. Then $a$ is congruent to $b$ modulo $m$, if there exists a natural number $k$, such that $a - b = k \times m$.

Definition. Let $a$ be an integer. Let $b$ be an element of $\Integer$. Let $m$ be a natural number. Then $a$ is congruent to $b$ modulo $m$, if there exists a natural number $k$, such that $a - b = k \times m$.

Definition. Let $a$ and $b$ be integers. Let $m$ be a natural number. Then $a$ is congruent to $b$ modulo $m$, if there exists a natural number $k$, such that the difference between $a$ and $b$ is equal to $k \times m$.

Definition. Let $a$ and $b$ be elements of $\Integer$. Let $m$ be an element of $\Natural$. Then $a$ is congruent to $b$ modulo $m$, if there exists an element $k$ of $\Natural$, such that $a - b = k \times m$.

Definition. Let $a$ and $b$ be integers. Let $m$ be an element of $\Natural$. Then $a$ is congruent to $b$ modulo $m$, if there exists a natural number $k$, such that $a - b$ is equal to the product of $k$ and $m$.

Definition. Let $a$ and $b$ be integers. Let $m$ be a natural number. Then $a$ is congruent to $b$ modulo $m$, if there exists an element $k$ of $\Natural$, such that $a - b$ is equal to the product of $k$ and $m$.

Definition. Let $a$ and $b$ be integers. Let $m$ be a natural number. Then $a$ is congruent to $b$ modulo $m$, if there exists a natural number $k$, such that the difference between $a$ and $b$ and $k \times m$ are equal.

Definition. Let $a$ and $b$ be elements of $\Integer$. Let $m$ be an element of $\Natural$. Then $a$ is congruent to $b$ modulo $m$, if there exists a natural number $k$, such that $a - b$ is equal to $k \times m$.

Definition. Let $a$ and $b$ be elements of $\Integer$. Let $m$ be a natural number. Then $a$ is congruent to $b$ modulo $m$, if there exists an element $k$ of $\Natural$, such that $a - b$ is equal to $k \times m$.

Definition. Let $a$ and $b$ be integers. Let $m$ be an element of $\Natural$. Then $a$ is congruent to $b$ modulo $m$, if there exists a natural number $k$, such that $a - b$ and the product of $k$ and $m$ are equal.

Definition. Let $a$ and $b$ be integers. Let $m$ be a natural number. Then $a$ is congruent to $b$ modulo $m$, if there exists an element $k$ of $\Natural$, such that $a - b$ and the product of $k$ and $m$ are equal.

Definition. Let $a$ and $b$ be elements of $\Integer$. Let $m$ be an element of $\Natural$. Then $a$ is congruent to $b$ modulo $m$, if there exists a natural number $k$, such that $a - b$ and $k \times m$ are equal.

Definition. Let $a$ and $b$ be elements of $\Integer$. Let $m$ be a natural number. Then $a$ is congruent to $b$ modulo $m$, if there exists an element $k$ of $\Natural$, such that $a - b$ and $k \times m$ are equal.

Definition. Let $a$ and $b$ be integers. Let $m$ be an element of $\Natural$. Then $\congruent {a}{b}{m}$ is a proposition defined as the proposition that there exists a natural number $k$, such that $a - b = k \times m$.

Definition. Let $a$ and $b$ be integers. Let $m$ be a natural number. Then $\congruent {a}{b}{m}$ is a proposition defined as the proposition that there exists an element $k$ of $\Natural$, such that $a - b = k \times m$.

Definition. Let $a$ and $b$ be integers. Let $m$ be a natural number. Then $\congruent {a}{b}{m}$ is a proposition defined as the proposition that there exists a natural number $k$, such that $a - b$ is equal to $k \times m$.

Definition. Let $a$ and $b$ be elements of $\Integer$. Let $m$ be a natural number. Then $a$ is congruent to $b$ modulo $m$, if there exists a natural number $k$, such that $a - b$ is equal to the product of $k$ and $m$.

Definition. Let $a$ and $b$ be integers. Let $m$ be a natural number. Then $\congruent {a}{b}{m}$ is a proposition defined as the proposition that there exists a natural number $k$, such that $a - b$ and $k \times m$ are equal.

Definition. Let $a$ and $b$ be elements of $\Integer$. Let $m$ be a natural number. Then $a$ is congruent to $b$ modulo $m$, if there exists a natural number $k$, such that $a - b$ and the product of $k$ and $m$ are equal.

Definition. Let $a$ be an element of $\Integer$. Let $b$ be an integer. Let $m$ be a natural number. Then $a$ is congruent to $b$ modulo $m$, if there exists an element $k$ of $\Natural$, such that $a - b = k \times m$.

Definition. Let $a$ be an integer. Let $b$ be an element of $\Integer$. Let $m$ be a natural number. Then $a$ is congruent to $b$ modulo $m$, if there exists an element $k$ of $\Natural$, such that $a - b = k \times m$.

Definition. Let $a$ and $b$ be elements of $\Integer$. Let $m$ be a natural number. Then $\congruent {a}{b}{m}$ is a proposition defined as the proposition that there exists a natural number $k$, such that $a - b = k \times m$.

Definition. Let $a$ be an element of $\Integer$. Let $b$ be an integer. Let $m$ be an element of $\Natural$. Then $a$ is congruent to $b$ modulo $m$, if there exists a natural number $k$, such that $a - b = k \times m$.

Definition. Let $a$ be an element of $\Integer$. Let $b$ be an integer. Let $m$ be a natural number. Then $a$ is congruent to $b$ modulo $m$, if there exists a natural number $k$, such that $a - b$ is equal to $k \times m$.

Definition. Let $a$ be an integer. Let $b$ be an element of $\Integer$. Let $m$ be an element of $\Natural$. Then $a$ is congruent to $b$ modulo $m$, if there exists a natural number $k$, such that $a - b = k \times m$.

Definition. Let $a$ and $b$ be integers. Let $m$ be an element of $\Natural$. Then $a$ is congruent to $b$ modulo $m$, if there exists a natural number $k$, such that the difference between $a$ and $b$ is equal to $k \times m$.

Definition. Let $a$ and $b$ be integers. Let $m$ be a natural number. Then $a$ is congruent to $b$ modulo $m$, if there exists an element $k$ of $\Natural$, such that the difference between $a$ and $b$ is equal to $k \times m$.

Definition. Let $a$ be an integer. Let $b$ be an element of $\Integer$. Let $m$ be a natural number. Then $a$ is congruent to $b$ modulo $m$, if there exists a natural number $k$, such that $a - b$ is equal to $k \times m$.

Definition. Let $a$ and $b$ be integers. Let $m$ be an element of $\Natural$. Then $a$ is congruent to $b$ modulo $m$, if there exists an element $k$ of $\Natural$, such that $a - b$ is equal to the product of $k$ and $m$.

Definition. Let $a$ be an element of $\Integer$. Let $b$ be an integer. Let $m$ be a natural number. Then $a$ is congruent to $b$ modulo $m$, if there exists a natural number $k$, such that $a - b$ and $k \times m$ are equal.

Definition. Let $a$ and $b$ be elements of $\Integer$. Let $m$ be an element of $\Natural$. Then $a$ is congruent to $b$ modulo $m$, if there exists an element $k$ of $\Natural$, such that $a - b$ is equal to $k \times m$.

Definition. Let $a$ and $b$ be integers. Let $m$ be an element of $\Natural$. Then $a$ is congruent to $b$ modulo $m$, if there exists a natural number $k$, such that the difference between $a$ and $b$ and $k \times m$ are equal.

Definition. Let $a$ and $b$ be integers. Let $m$ be a natural number. Then $a$ is congruent to $b$ modulo $m$, if there exists an element $k$ of $\Natural$, such that the difference between $a$ and $b$ and $k \times m$ are equal.

Definition. Let $a$ be an integer. Let $b$ be an element of $\Integer$. Let $m$ be a natural number. Then $a$ is congruent to $b$ modulo $m$, if there exists a natural number $k$, such that $a - b$ and $k \times m$ are equal.

Definition. Let $a$ and $b$ be integers. Let $m$ be an element of $\Natural$. Then $a$ is congruent to $b$ modulo $m$, if there exists an element $k$ of $\Natural$, such that $a - b$ and the product of $k$ and $m$ are equal.

Definition. Let $a$ and $b$ be elements of $\Integer$. Let $m$ be an element of $\Natural$. Then $a$ is congruent to $b$ modulo $m$, if there exists an element $k$ of $\Natural$, such that $a - b$ and $k \times m$ are equal.

Definition. Let $a$ and $b$ be integers. Let $m$ be a natural number. Then $a$ is congruent to $b$ modulo $m$, if there exists a natural number $k$, such that the difference between $a$ and $b$ is equal to the product of $k$ and $m$.

Definition. Let $a$ and $b$ be integers. Let $m$ be an element of $\Natural$. Then $\congruent {a}{b}{m}$ is a proposition defined as the proposition that there exists an element $k$ of $\Natural$, such that $a - b = k \times m$.

Definition. Let $a$ and $b$ be elements of $\Integer$. Let $m$ be a natural number. Then $a$ is congruent to $b$ modulo $m$, if there exists a natural number $k$, such that the difference between $a$ and $b$ is equal to $k \times m$.

Definition. Let $a$ and $b$ be integers. Let $m$ be an element of $\Natural$. Then $\congruent {a}{b}{m}$ is a proposition defined as the proposition that there exists a natural number $k$, such that $a - b$ is equal to $k \times m$.

Definition. Let $a$ and $b$ be integers. Let $m$ be a natural number. Then $a$ is congruent to $b$ modulo $m$, if there exists a natural number $k$, such that the difference between $a$ and $b$ and the product of $k$ and $m$ are equal.

Definition. Let $a$ and $b$ be integers. Let $m$ be a natural number. Then $\congruent {a}{b}{m}$ is a proposition defined as the proposition that there exists an element $k$ of $\Natural$, such that $a - b$ is equal to $k \times m$.

Definition. Let $a$ and $b$ be elements of $\Integer$. Let $m$ be an element of $\Natural$. Then $a$ is congruent to $b$ modulo $m$, if there exists a natural number $k$, such that $a - b$ is equal to the product of $k$ and $m$.

Definition. Let $a$ and $b$ be elements of $\Integer$. Let $m$ be a natural number. Then $a$ is congruent to $b$ modulo $m$, if there exists an element $k$ of $\Natural$, such that $a - b$ is equal to the product of $k$ and $m$.

Definition. Let $a$ and $b$ be elements of $\Integer$. Let $m$ be a natural number. Then $a$ is congruent to $b$ modulo $m$, if there exists a natural number $k$, such that the difference between $a$ and $b$ and $k \times m$ are equal.

Definition. Let $a$ and $b$ be integers. Let $m$ be an element of $\Natural$. Then $\congruent {a}{b}{m}$ is a proposition defined as the proposition that there exists a natural number $k$, such that $a - b$ and $k \times m$ are equal.

Definition. Let $a$ and $b$ be integers. Let $m$ be a natural number. Then $\congruent {a}{b}{m}$ is a proposition defined as the proposition that there exists an element $k$ of $\Natural$, such that $a - b$ and $k \times m$ are equal.

Definition. Let $a$ and $b$ be elements of $\Integer$. Let $m$ be an element of $\Natural$. Then $a$ is congruent to $b$ modulo $m$, if there exists a natural number $k$, such that $a - b$ and the product of $k$ and $m$ are equal.

Definition. Let $a$ and $b$ be elements of $\Integer$. Let $m$ be a natural number. Then $a$ is congruent to $b$ modulo $m$, if there exists an element $k$ of $\Natural$, such that $a - b$ and the product of $k$ and $m$ are equal.

Definition. Let $a$ and $b$ be elements of $\Integer$. Let $m$ be an element of $\Natural$. Then $\congruent {a}{b}{m}$ is a proposition defined as the proposition that there exists a natural number $k$, such that $a - b = k \times m$.

Definition. Let $a$ and $b$ be elements of $\Integer$. Let $m$ be a natural number. Then $\congruent {a}{b}{m}$ is a proposition defined as the proposition that there exists an element $k$ of $\Natural$, such that $a - b = k \times m$.

Definition. Let $a$ and $b$ be integers. Let $m$ be a natural number. Then $\congruent {a}{b}{m}$ is a proposition defined as the proposition that there exists a natural number $k$, such that $a - b$ is equal to the product of $k$ and $m$.

Definition. Let $a$ be an element of $\Integer$. Let $b$ be an integer. Let $m$ be an element of $\Natural$. Then $a$ is congruent to $b$ modulo $m$, if there exists an element $k$ of $\Natural$, such that $a - b = k \times m$.

Definition. Let $a$ be an integer. Let $b$ be an element of $\Integer$. Let $m$ be an element of $\Natural$. Then $a$ is congruent to $b$ modulo $m$, if there exists an element $k$ of $\Natural$, such that $a - b = k \times m$.

Definition. Let $a$ and $b$ be elements of $\Integer$. Let $m$ be a natural number. Then $\congruent {a}{b}{m}$ is a proposition defined as the proposition that there exists a natural number $k$, such that $a - b$ is equal to $k \times m$.

Definition. Let $a$ and $b$ be integers. Let $m$ be an element of $\Natural$. Then $a$ is congruent to $b$ modulo $m$, if there exists an element $k$ of $\Natural$, such that the difference between $a$ and $b$ is equal to $k \times m$.

Definition. Let $a$ be an element of $\Integer$. Let $b$ be an integer. Let $m$ be a natural number. Then $a$ is congruent to $b$ modulo $m$, if there exists an element $k$ of $\Natural$, such that $a - b$ is equal to $k \times m$.

Definition. Let $a$ be an integer. Let $b$ be an element of $\Integer$. Let $m$ be a natural number. Then $a$ is congruent to $b$ modulo $m$, if there exists an element $k$ of $\Natural$, such that $a - b$ is equal to $k \times m$.

Definition. Let $a$ and $b$ be integers. Let $m$ be a natural number. Then $\congruent {a}{b}{m}$ is a proposition defined as the proposition that there exists a natural number $k$, such that $a - b$ and the product of $k$ and $m$ are equal.

Definition. Let $a$ be an element of $\Integer$. Let $b$ be an integer. Let $m$ be an element of $\Natural$. Then $a$ is congruent to $b$ modulo $m$, if there exists a natural number $k$, such that $a - b$ is equal to $k \times m$.

Definition. Let $a$ be an integer. Let $b$ be an element of $\Integer$. Let $m$ be an element of $\Natural$. Then $a$ is congruent to $b$ modulo $m$, if there exists a natural number $k$, such that $a - b$ is equal to $k \times m$.

Definition. Let $a$ and $b$ be elements of $\Integer$. Let $m$ be a natural number. Then $\congruent {a}{b}{m}$ is a proposition defined as the proposition that there exists a natural number $k$, such that $a - b$ and $k \times m$ are equal.

Definition. Let $a$ and $b$ be integers. Let $m$ be an element of $\Natural$. Then $a$ is congruent to $b$ modulo $m$, if there exists an element $k$ of $\Natural$, such that the difference between $a$ and $b$ and $k \times m$ are equal.

Definition. Let $a$ be an element of $\Integer$. Let $b$ be an integer. Let $m$ be a natural number. Then $a$ is congruent to $b$ modulo $m$, if there exists an element $k$ of $\Natural$, such that $a - b$ and $k \times m$ are equal.

Definition. Let $a$ be an integer. Let $b$ be an element of $\Integer$. Let $m$ be a natural number. Then $a$ is congruent to $b$ modulo $m$, if there exists an element $k$ of $\Natural$, such that $a - b$ and $k \times m$ are equal.

Definition. Let $a$ be an element of $\Integer$. Let $b$ be an integer. Let $m$ be an element of $\Natural$. Then $a$ is congruent to $b$ modulo $m$, if there exists a natural number $k$, such that $a - b$ and $k \times m$ are equal.

Definition. Let $a$ be an integer. Let $b$ be an element of $\Integer$. Let $m$ be an element of $\Natural$. Then $a$ is congruent to $b$ modulo $m$, if there exists a natural number $k$, such that $a - b$ and $k \times m$ are equal.

Definition. Let $a$ be an element of $\Integer$. Let $b$ be an integer. Let $m$ be a natural number. Then $a$ is congruent to $b$ modulo $m$, if there exists a natural number $k$, such that $a - b$ is equal to the product of $k$ and $m$.

Definition. Let $a$ and $b$ be integers. Let $m$ be an element of $\Natural$. Then $a$ is congruent to $b$ modulo $m$, if there exists a natural number $k$, such that the difference between $a$ and $b$ is equal to the product of $k$ and $m$.

Definition. Let $a$ and $b$ be integers. Let $m$ be a natural number. Then $a$ is congruent to $b$ modulo $m$, if there exists an element $k$ of $\Natural$, such that the difference between $a$ and $b$ is equal to the product of $k$ and $m$.

Definition. Let $a$ be an integer. Let $b$ be an element of $\Integer$. Let $m$ be a natural number. Then $a$ is congruent to $b$ modulo $m$, if there exists a natural number $k$, such that $a - b$ is equal to the product of $k$ and $m$.

Definition. Let $a$ and $b$ be elements of $\Integer$. Let $m$ be an element of $\Natural$. Then $a$ is congruent to $b$ modulo $m$, if there exists a natural number $k$, such that the difference between $a$ and $b$ is equal to $k \times m$.

Definition. Let $a$ and $b$ be elements of $\Integer$. Let $m$ be a natural number. Then $a$ is congruent to $b$ modulo $m$, if there exists an element $k$ of $\Natural$, such that the difference between $a$ and $b$ is equal to $k \times m$.

Definition. Let $a$ be an element of $\Integer$. Let $b$ be an integer. Let $m$ be a natural number. Then $a$ is congruent to $b$ modulo $m$, if there exists a natural number $k$, such that $a - b$ and the product of $k$ and $m$ are equal.

Definition. Let $a$ and $b$ be integers. Let $m$ be an element of $\Natural$. Then $\congruent {a}{b}{m}$ is a proposition defined as the proposition that there exists an element $k$ of $\Natural$, such that $a - b$ is equal to $k \times m$.

Definition. Let $a$ and $b$ be elements of $\Integer$. Let $m$ be an element of $\Natural$. Then $a$ is congruent to $b$ modulo $m$, if there exists an element $k$ of $\Natural$, such that $a - b$ is equal to the product of $k$ and $m$.

Definition. Let $a$ and $b$ be integers. Let $m$ be an element of $\Natural$. Then $a$ is congruent to $b$ modulo $m$, if there exists a natural number $k$, such that the difference between $a$ and $b$ and the product of $k$ and $m$ are equal.

Definition. Let $a$ and $b$ be integers. Let $m$ be a natural number. Then $a$ is congruent to $b$ modulo $m$, if there exists an element $k$ of $\Natural$, such that the difference between $a$ and $b$ and the product of $k$ and $m$ are equal.

Definition. Let $a$ be an integer. Let $b$ be an element of $\Integer$. Let $m$ be a natural number. Then $a$ is congruent to $b$ modulo $m$, if there exists a natural number $k$, such that $a - b$ and the product of $k$ and $m$ are equal.

Definition. Let $a$ and $b$ be elements of $\Integer$. Let $m$ be an element of $\Natural$. Then $a$ is congruent to $b$ modulo $m$, if there exists a natural number $k$, such that the difference between $a$ and $b$ and $k \times m$ are equal.

Definition. Let $a$ and $b$ be elements of $\Integer$. Let $m$ be a natural number. Then $a$ is congruent to $b$ modulo $m$, if there exists an element $k$ of $\Natural$, such that the difference between $a$ and $b$ and $k \times m$ are equal.

Definition. Let $a$ and $b$ be integers. Let $m$ be an element of $\Natural$. Then $\congruent {a}{b}{m}$ is a proposition defined as the proposition that there exists an element $k$ of $\Natural$, such that $a - b$ and $k \times m$ are equal.

Definition. Let $a$ and $b$ be elements of $\Integer$. Let $m$ be an element of $\Natural$. Then $a$ is congruent to $b$ modulo $m$, if there exists an element $k$ of $\Natural$, such that $a - b$ and the product of $k$ and $m$ are equal.

Definition. Let $a$ be an element of $\Integer$. Let $b$ be an integer. Let $m$ be a natural number. Then $\congruent {a}{b}{m}$ is a proposition defined as the proposition that there exists a natural number $k$, such that $a - b = k \times m$.

Definition. Let $a$ be an integer. Let $b$ be an element of $\Integer$. Let $m$ be a natural number. Then $\congruent {a}{b}{m}$ is a proposition defined as the proposition that there exists a natural number $k$, such that $a - b = k \times m$.

Definition. Let $a$ and $b$ be integers. Let $m$ be a natural number. Then $\congruent {a}{b}{m}$ is a proposition defined as the proposition that there exists a natural number $k$, such that the difference between $a$ and $b$ is equal to $k \times m$.

Definition. Let $a$ and $b$ be elements of $\Integer$. Let $m$ be a natural number. Then $a$ is congruent to $b$ modulo $m$, if there exists a natural number $k$, such that the difference between $a$ and $b$ is equal to the product of $k$ and $m$.

Definition. Let $a$ and $b$ be elements of $\Integer$. Let $m$ be an element of $\Natural$. Then $\congruent {a}{b}{m}$ is a proposition defined as the proposition that there exists an element $k$ of $\Natural$, such that $a - b = k \times m$.

Definition. Let $a$ and $b$ be integers. Let $m$ be an element of $\Natural$. Then $\congruent {a}{b}{m}$ is a proposition defined as the proposition that there exists a natural number $k$, such that $a - b$ is equal to the product of $k$ and $m$.

Definition. Let $a$ and $b$ be elements of $\Integer$. Let $m$ be an element of $\Natural$. Then $\congruent {a}{b}{m}$ is a proposition defined as the proposition that there exists a natural number $k$, such that $a - b$ is equal to $k \times m$.

Definition. Let $a$ and $b$ be integers. Let $m$ be a natural number. Then $\congruent {a}{b}{m}$ is a proposition defined as the proposition that there exists an element $k$ of $\Natural$, such that $a - b$ is equal to the product of $k$ and $m$.

Definition. Let $a$ and $b$ be integers. Let $m$ be a natural number. Then $\congruent {a}{b}{m}$ is a proposition defined as the proposition that there exists a natural number $k$, such that the difference between $a$ and $b$ and $k \times m$ are equal.

Definition. Let $a$ and $b$ be elements of $\Integer$. Let $m$ be a natural number. Then $a$ is congruent to $b$ modulo $m$, if there exists a natural number $k$, such that the difference between $a$ and $b$ and the product of $k$ and $m$ are equal.

Definition. Let $a$ and $b$ be elements of $\Integer$. Let $m$ be a natural number. Then $\congruent {a}{b}{m}$ is a proposition defined as the proposition that there exists an element $k$ of $\Natural$, such that $a - b$ is equal to $k \times m$.

Definition. Let $a$ and $b$ be integers. Let $m$ be an element of $\Natural$. Then $\congruent {a}{b}{m}$ is a proposition defined as the proposition that there exists a natural number $k$, such that $a - b$ and the product of $k$ and $m$ are equal.

Definition. Let $a$ be an element of $\Integer$. Let $b$ be an integer. Let $m$ be an element of $\Natural$. Then $a$ is congruent to $b$ modulo $m$, if there exists an element $k$ of $\Natural$, such that $a - b$ is equal to $k \times m$.

Definition. Let $a$ be an integer. Let $b$ be an element of $\Integer$. Let $m$ be an element of $\Natural$. Then $a$ is congruent to $b$ modulo $m$, if there exists an element $k$ of $\Natural$, such that $a - b$ is equal to $k \times m$.

Definition. Let $a$ and $b$ be elements of $\Integer$. Let $m$ be an element of $\Natural$. Then $\congruent {a}{b}{m}$ is a proposition defined as the proposition that there exists a natural number $k$, such that $a - b$ and $k \times m$ are equal.

Definition. Let $a$ and $b$ be integers. Let $m$ be a natural number. Then $\congruent {a}{b}{m}$ is a proposition defined as the proposition that there exists an element $k$ of $\Natural$, such that $a - b$ and the product of $k$ and $m$ are equal.

Definition. Let $a$ and $b$ be elements of $\Integer$. Let $m$ be a natural number. Then $\congruent {a}{b}{m}$ is a proposition defined as the proposition that there exists an element $k$ of $\Natural$, such that $a - b$ and $k \times m$ are equal.

Definition. Let $a$ be an element of $\Integer$. Let $b$ be an integer. Let $m$ be an element of $\Natural$. Then $a$ is congruent to $b$ modulo $m$, if there exists an element $k$ of $\Natural$, such that $a - b$ and $k \times m$ are equal.

Definition. Let $a$ be an integer. Let $b$ be an element of $\Integer$. Let $m$ be an element of $\Natural$. Then $a$ is congruent to $b$ modulo $m$, if there exists an element $k$ of $\Natural$, such that $a - b$ and $k \times m$ are equal.

Definition. Let $a$ be an element of $\Integer$. Let $b$ be an integer. Let $m$ be a natural number. Then $a$ is congruent to $b$ modulo $m$, if there exists a natural number $k$, such that the difference between $a$ and $b$ is equal to $k \times m$.

Definition. Let $a$ be an integer. Let $b$ be an element of $\Integer$. Let $m$ be a natural number. Then $a$ is congruent to $b$ modulo $m$, if there exists a natural number $k$, such that the difference between $a$ and $b$ is equal to $k \times m$.

Definition. Let $a$ and $b$ be elements of $\Integer$. Let $m$ be a natural number. Then $\congruent {a}{b}{m}$ is a proposition defined as the proposition that there exists a natural number $k$, such that $a - b$ is equal to the product of $k$ and $m$.

Definition. Let $a$ and $b$ be integers. Let $m$ be an element of $\Natural$. Then $a$ is congruent to $b$ modulo $m$, if there exists an element $k$ of $\Natural$, such that the difference between $a$ and $b$ is equal to the product of $k$ and $m$.

Definition. Let $a$ be an element of $\Integer$. Let $b$ be an integer. Let $m$ be a natural number. Then $a$ is congruent to $b$ modulo $m$, if there exists an element $k$ of $\Natural$, such that $a - b$ is equal to the product of $k$ and $m$.

Definition. Let $a$ be an element of $\Integer$. Let $b$ be an integer. Let $m$ be a natural number. Then $a$ is congruent to $b$ modulo $m$, if there exists a natural number $k$, such that the difference between $a$ and $b$ and $k \times m$ are equal.

Definition. Let $a$ be an integer. Let $b$ be an element of $\Integer$. Let $m$ be a natural number. Then $a$ is congruent to $b$ modulo $m$, if there exists an element $k$ of $\Natural$, such that $a - b$ is equal to the product of $k$ and $m$.

Definition. Let $a$ and $b$ be elements of $\Integer$. Let $m$ be an element of $\Natural$. Then $a$ is congruent to $b$ modulo $m$, if there exists an element $k$ of $\Natural$, such that the difference between $a$ and $b$ is equal to $k \times m$.

Definition. Let $a$ be an element of $\Integer$. Let $b$ be an integer. Let $m$ be an element of $\Natural$. Then $a$ is congruent to $b$ modulo $m$, if there exists a natural number $k$, such that $a - b$ is equal to the product of $k$ and $m$.

Definition. Let $a$ be an integer. Let $b$ be an element of $\Integer$. Let $m$ be an element of $\Natural$. Then $a$ is congruent to $b$ modulo $m$, if there exists a natural number $k$, such that $a - b$ is equal to the product of $k$ and $m$.

Definition. Let $a$ be an integer. Let $b$ be an element of $\Integer$. Let $m$ be a natural number. Then $a$ is congruent to $b$ modulo $m$, if there exists a natural number $k$, such that the difference between $a$ and $b$ and $k \times m$ are equal.

Definition. Let $a$ and $b$ be elements of $\Integer$. Let $m$ be a natural number. Then $\congruent {a}{b}{m}$ is a proposition defined as the proposition that there exists a natural number $k$, such that $a - b$ and the product of $k$ and $m$ are equal.

Definition. Let $a$ and $b$ be integers. Let $m$ be an element of $\Natural$. Then $a$ is congruent to $b$ modulo $m$, if there exists an element $k$ of $\Natural$, such that the difference between $a$ and $b$ and the product of $k$ and $m$ are equal.

Definition. Let $a$ be an element of $\Integer$. Let $b$ be an integer. Let $m$ be a natural number. Then $a$ is congruent to $b$ modulo $m$, if there exists an element $k$ of $\Natural$, such that $a - b$ and the product of $k$ and $m$ are equal.

Definition. Let $a$ be an integer. Let $b$ be an element of $\Integer$. Let $m$ be a natural number. Then $a$ is congruent to $b$ modulo $m$, if there exists an element $k$ of $\Natural$, such that $a - b$ and the product of $k$ and $m$ are equal.

Definition. Let $a$ and $b$ be elements of $\Integer$. Let $m$ be an element of $\Natural$. Then $a$ is congruent to $b$ modulo $m$, if there exists an element $k$ of $\Natural$, such that the difference between $a$ and $b$ and $k \times m$ are equal.

Definition. Let $a$ be an element of $\Integer$. Let $b$ be an integer. Let $m$ be an element of $\Natural$. Then $a$ is congruent to $b$ modulo $m$, if there exists a natural number $k$, such that $a - b$ and the product of $k$ and $m$ are equal.

Definition. Let $a$ be an integer. Let $b$ be an element of $\Integer$. Let $m$ be an element of $\Natural$. Then $a$ is congruent to $b$ modulo $m$, if there exists a natural number $k$, such that $a - b$ and the product of $k$ and $m$ are equal.

Definition. Let $a$ be an element of $\Integer$. Let $b$ be an integer. Let $m$ be an element of $\Natural$. Then $\congruent {a}{b}{m}$ is a proposition defined as the proposition that there exists a natural number $k$, such that $a - b = k \times m$.

Definition. Let $a$ be an element of $\Integer$. Let $b$ be an integer. Let $m$ be a natural number. Then $\congruent {a}{b}{m}$ is a proposition defined as the proposition that there exists an element $k$ of $\Natural$, such that $a - b = k \times m$.

Definition. Let $a$ be an integer. Let $b$ be an element of $\Integer$. Let $m$ be an element of $\Natural$. Then $\congruent {a}{b}{m}$ is a proposition defined as the proposition that there exists a natural number $k$, such that $a - b = k \times m$.

Definition. Let $a$ be an integer. Let $b$ be an element of $\Integer$. Let $m$ be a natural number. Then $\congruent {a}{b}{m}$ is a proposition defined as the proposition that there exists an element $k$ of $\Natural$, such that $a - b = k \times m$.

Definition. Let $a$ and $b$ be integers. Let $m$ be an element of $\Natural$. Then $\congruent {a}{b}{m}$ is a proposition defined as the proposition that there exists a natural number $k$, such that the difference between $a$ and $b$ is equal to $k \times m$.

Definition. Let $a$ be an element of $\Integer$. Let $b$ be an integer. Let $m$ be a natural number. Then $\congruent {a}{b}{m}$ is a proposition defined as the proposition that there exists a natural number $k$, such that $a - b$ is equal to $k \times m$.

Definition. Let $a$ be an integer. Let $b$ be an element of $\Integer$. Let $m$ be a natural number. Then $\congruent {a}{b}{m}$ is a proposition defined as the proposition that there exists a natural number $k$, such that $a - b$ is equal to $k \times m$.

Definition. Let $a$ and $b$ be integers. Let $m$ be a natural number. Then $\congruent {a}{b}{m}$ is a proposition defined as the proposition that there exists an element $k$ of $\Natural$, such that the difference between $a$ and $b$ is equal to $k \times m$.

Definition. Let $a$ and $b$ be elements of $\Integer$. Let $m$ be an element of $\Natural$. Then $a$ is congruent to $b$ modulo $m$, if there exists a natural number $k$, such that the difference between $a$ and $b$ is equal to the product of $k$ and $m$.

Definition. Let $a$ and $b$ be elements of $\Integer$. Let $m$ be a natural number. Then $a$ is congruent to $b$ modulo $m$, if there exists an element $k$ of $\Natural$, such that the difference between $a$ and $b$ is equal to the product of $k$ and $m$.

Definition. Let $a$ and $b$ be integers. Let $m$ be an element of $\Natural$. Then $\congruent {a}{b}{m}$ is a proposition defined as the proposition that there exists an element $k$ of $\Natural$, such that $a - b$ is equal to the product of $k$ and $m$.

Definition. Let $a$ and $b$ be integers. Let $m$ be an element of $\Natural$. Then $\congruent {a}{b}{m}$ is a proposition defined as the proposition that there exists a natural number $k$, such that the difference between $a$ and $b$ and $k \times m$ are equal.

Definition. Let $a$ be an element of $\Integer$. Let $b$ be an integer. Let $m$ be a natural number. Then $\congruent {a}{b}{m}$ is a proposition defined as the proposition that there exists a natural number $k$, such that $a - b$ and $k \times m$ are equal.

Definition. Let $a$ be an integer. Let $b$ be an element of $\Integer$. Let $m$ be a natural number. Then $\congruent {a}{b}{m}$ is a proposition defined as the proposition that there exists a natural number $k$, such that $a - b$ and $k \times m$ are equal.

Definition. Let $a$ and $b$ be elements of $\Integer$. Let $m$ be an element of $\Natural$. Then $\congruent {a}{b}{m}$ is a proposition defined as the proposition that there exists an element $k$ of $\Natural$, such that $a - b$ is equal to $k \times m$.

Definition. Let $a$ and $b$ be integers. Let $m$ be a natural number. Then $\congruent {a}{b}{m}$ is a proposition defined as the proposition that there exists an element $k$ of $\Natural$, such that the difference between $a$ and $b$ and $k \times m$ are equal.

Definition. Let $a$ and $b$ be elements of $\Integer$. Let $m$ be an element of $\Natural$. Then $a$ is congruent to $b$ modulo $m$, if there exists a natural number $k$, such that the difference between $a$ and $b$ and the product of $k$ and $m$ are equal.

Definition. Let $a$ and $b$ be elements of $\Integer$. Let $m$ be a natural number. Then $a$ is congruent to $b$ modulo $m$, if there exists an element $k$ of $\Natural$, such that the difference between $a$ and $b$ and the product of $k$ and $m$ are equal.

Definition. Let $a$ and $b$ be integers. Let $m$ be an element of $\Natural$. Then $\congruent {a}{b}{m}$ is a proposition defined as the proposition that there exists an element $k$ of $\Natural$, such that $a - b$ and the product of $k$ and $m$ are equal.

Definition. Let $a$ and $b$ be elements of $\Integer$. Let $m$ be an element of $\Natural$. Then $\congruent {a}{b}{m}$ is a proposition defined as the proposition that there exists an element $k$ of $\Natural$, such that $a - b$ and $k \times m$ are equal.

Definition. Let $a$ and $b$ be integers. Let $m$ be a natural number. Then $\congruent {a}{b}{m}$ is a proposition defined as the proposition that there exists a natural number $k$, such that the difference between $a$ and $b$ is equal to the product of $k$ and $m$.

Definition. Let $a$ and $b$ be elements of $\Integer$. Let $m$ be a natural number. Then $\congruent {a}{b}{m}$ is a proposition defined as the proposition that there exists a natural number $k$, such that the difference between $a$ and $b$ is equal to $k \times m$.

Definition. Let $a$ be an element of $\Integer$. Let $b$ be an integer. Let $m$ be a natural number. Then $a$ is congruent to $b$ modulo $m$, if there exists an element $k$ of $\Natural$, such that the difference between $a$ and $b$ is equal to $k \times m$.

Definition. Let $a$ be an integer. Let $b$ be an element of $\Integer$. Let $m$ be a natural number. Then $a$ is congruent to $b$ modulo $m$, if there exists an element $k$ of $\Natural$, such that the difference between $a$ and $b$ is equal to $k \times m$.

Definition. Let $a$ and $b$ be elements of $\Integer$. Let $m$ be an element of $\Natural$. Then $\congruent {a}{b}{m}$ is a proposition defined as the proposition that there exists a natural number $k$, such that $a - b$ is equal to the product of $k$ and $m$.

Definition. Let $a$ and $b$ be integers. Let $m$ be a natural number. Then $\congruent {a}{b}{m}$ is a proposition defined as the proposition that there exists a natural number $k$, such that the difference between $a$ and $b$ and the product of $k$ and $m$ are equal.

Definition. Let $a$ be an element of $\Integer$. Let $b$ be an integer. Let $m$ be an element of $\Natural$. Then $a$ is congruent to $b$ modulo $m$, if there exists a natural number $k$, such that the difference between $a$ and $b$ is equal to $k \times m$.

Definition. Let $a$ be an integer. Let $b$ be an element of $\Integer$. Let $m$ be an element of $\Natural$. Then $a$ is congruent to $b$ modulo $m$, if there exists a natural number $k$, such that the difference between $a$ and $b$ is equal to $k \times m$.

Definition. Let $a$ and $b$ be elements of $\Integer$. Let $m$ be a natural number. Then $\congruent {a}{b}{m}$ is a proposition defined as the proposition that there exists an element $k$ of $\Natural$, such that $a - b$ is equal to the product of $k$ and $m$.

Definition. Let $a$ and $b$ be elements of $\Integer$. Let $m$ be a natural number. Then $\congruent {a}{b}{m}$ is a proposition defined as the proposition that there exists a natural number $k$, such that the difference between $a$ and $b$ and $k \times m$ are equal.

Definition. Let $a$ be an element of $\Integer$. Let $b$ be an integer. Let $m$ be an element of $\Natural$. Then $a$ is congruent to $b$ modulo $m$, if there exists an element $k$ of $\Natural$, such that $a - b$ is equal to the product of $k$ and $m$.

Definition. Let $a$ be an element of $\Integer$. Let $b$ be an integer. Let $m$ be a natural number. Then $a$ is congruent to $b$ modulo $m$, if there exists an element $k$ of $\Natural$, such that the difference between $a$ and $b$ and $k \times m$ are equal.

Definition. Let $a$ be an integer. Let $b$ be an element of $\Integer$. Let $m$ be an element of $\Natural$. Then $a$ is congruent to $b$ modulo $m$, if there exists an element $k$ of $\Natural$, such that $a - b$ is equal to the product of $k$ and $m$.

Definition. Let $a$ be an integer. Let $b$ be an element of $\Integer$. Let $m$ be a natural number. Then $a$ is congruent to $b$ modulo $m$, if there exists an element $k$ of $\Natural$, such that the difference between $a$ and $b$ and $k \times m$ are equal.

Definition. Let $a$ and $b$ be elements of $\Integer$. Let $m$ be an element of $\Natural$. Then $\congruent {a}{b}{m}$ is a proposition defined as the proposition that there exists a natural number $k$, such that $a - b$ and the product of $k$ and $m$ are equal.

Definition. Let $a$ be an element of $\Integer$. Let $b$ be an integer. Let $m$ be an element of $\Natural$. Then $a$ is congruent to $b$ modulo $m$, if there exists a natural number $k$, such that the difference between $a$ and $b$ and $k \times m$ are equal.

Definition. Let $a$ be an integer. Let $b$ be an element of $\Integer$. Let $m$ be an element of $\Natural$. Then $a$ is congruent to $b$ modulo $m$, if there exists a natural number $k$, such that the difference between $a$ and $b$ and $k \times m$ are equal.

Definition. Let $a$ and $b$ be elements of $\Integer$. Let $m$ be a natural number. Then $\congruent {a}{b}{m}$ is a proposition defined as the proposition that there exists an element $k$ of $\Natural$, such that $a - b$ and the product of $k$ and $m$ are equal.

Definition. Let $a$ be an element of $\Integer$. Let $b$ be an integer. Let $m$ be an element of $\Natural$. Then $a$ is congruent to $b$ modulo $m$, if there exists an element $k$ of $\Natural$, such that $a - b$ and the product of $k$ and $m$ are equal.

Definition. Let $a$ be an integer. Let $b$ be an element of $\Integer$. Let $m$ be an element of $\Natural$. Then $a$ is congruent to $b$ modulo $m$, if there exists an element $k$ of $\Natural$, such that $a - b$ and the product of $k$ and $m$ are equal.

Definition. Let $a$ be an element of $\Integer$. Let $b$ be an integer. Let $m$ be a natural number. Then $a$ is congruent to $b$ modulo $m$, if there exists a natural number $k$, such that the difference between $a$ and $b$ is equal to the product of $k$ and $m$.

Definition. Let $a$ be an element of $\Integer$. Let $b$ be an integer. Let $m$ be an element of $\Natural$. Then $\congruent {a}{b}{m}$ is a proposition defined as the proposition that there exists an element $k$ of $\Natural$, such that $a - b = k \times m$.

Definition. Let $a$ be an integer. Let $b$ be an element of $\Integer$. Let $m$ be an element of $\Natural$. Then $\congruent {a}{b}{m}$ is a proposition defined as the proposition that there exists an element $k$ of $\Natural$, such that $a - b = k \times m$.

Definition. Let $a$ be an integer. Let $b$ be an element of $\Integer$. Let $m$ be a natural number. Then $a$ is congruent to $b$ modulo $m$, if there exists a natural number $k$, such that the difference between $a$ and $b$ is equal to the product of $k$ and $m$.

Definition. Let $a$ be an element of $\Integer$. Let $b$ be an integer. Let $m$ be a natural number. Then $a$ is congruent to $b$ modulo $m$, if there exists a natural number $k$, such that the difference between $a$ and $b$ and the product of $k$ and $m$ are equal.

Definition. Let $a$ and $b$ be integers. Let $m$ be an element of $\Natural$. Then $\congruent {a}{b}{m}$ is a proposition defined as the proposition that there exists an element $k$ of $\Natural$, such that the difference between $a$ and $b$ is equal to $k \times m$.

Definition. Let $a$ be an element of $\Integer$. Let $b$ be an integer. Let $m$ be an element of $\Natural$. Then $\congruent {a}{b}{m}$ is a proposition defined as the proposition that there exists a natural number $k$, such that $a - b$ is equal to $k \times m$.

Definition. Let $a$ be an element of $\Integer$. Let $b$ be an integer. Let $m$ be a natural number. Then $\congruent {a}{b}{m}$ is a proposition defined as the proposition that there exists an element $k$ of $\Natural$, such that $a - b$ is equal to $k \times m$.

Definition. Let $a$ be an integer. Let $b$ be an element of $\Integer$. Let $m$ be an element of $\Natural$. Then $\congruent {a}{b}{m}$ is a proposition defined as the proposition that there exists a natural number $k$, such that $a - b$ is equal to $k \times m$.

Definition. Let $a$ be an integer. Let $b$ be an element of $\Integer$. Let $m$ be a natural number. Then $\congruent {a}{b}{m}$ is a proposition defined as the proposition that there exists an element $k$ of $\Natural$, such that $a - b$ is equal to $k \times m$.

Definition. Let $a$ and $b$ be elements of $\Integer$. Let $m$ be an element of $\Natural$. Then $a$ is congruent to $b$ modulo $m$, if there exists an element $k$ of $\Natural$, such that the difference between $a$ and $b$ is equal to the product of $k$ and $m$.

Definition. Let $a$ be an integer. Let $b$ be an element of $\Integer$. Let $m$ be a natural number. Then $a$ is congruent to $b$ modulo $m$, if there exists a natural number $k$, such that the difference between $a$ and $b$ and the product of $k$ and $m$ are equal.

Definition. Let $a$ and $b$ be integers. Let $m$ be an element of $\Natural$. Then $\congruent {a}{b}{m}$ is a proposition defined as the proposition that there exists an element $k$ of $\Natural$, such that the difference between $a$ and $b$ and $k \times m$ are equal.

Definition. Let $a$ be an element of $\Integer$. Let $b$ be an integer. Let $m$ be an element of $\Natural$. Then $\congruent {a}{b}{m}$ is a proposition defined as the proposition that there exists a natural number $k$, such that $a - b$ and $k \times m$ are equal.

Definition. Let $a$ be an element of $\Integer$. Let $b$ be an integer. Let $m$ be a natural number. Then $\congruent {a}{b}{m}$ is a proposition defined as the proposition that there exists an element $k$ of $\Natural$, such that $a - b$ and $k \times m$ are equal.

Definition. Let $a$ be an integer. Let $b$ be an element of $\Integer$. Let $m$ be an element of $\Natural$. Then $\congruent {a}{b}{m}$ is a proposition defined as the proposition that there exists a natural number $k$, such that $a - b$ and $k \times m$ are equal.

Definition. Let $a$ be an integer. Let $b$ be an element of $\Integer$. Let $m$ be a natural number. Then $\congruent {a}{b}{m}$ is a proposition defined as the proposition that there exists an element $k$ of $\Natural$, such that $a - b$ and $k \times m$ are equal.

Definition. Let $a$ and $b$ be elements of $\Integer$. Let $m$ be an element of $\Natural$. Then $a$ is congruent to $b$ modulo $m$, if there exists an element $k$ of $\Natural$, such that the difference between $a$ and $b$ and the product of $k$ and $m$ are equal.

Definition. Let $a$ and $b$ be integers. Let $m$ be an element of $\Natural$. Then $\congruent {a}{b}{m}$ is a proposition defined as the proposition that there exists a natural number $k$, such that the difference between $a$ and $b$ is equal to the product of $k$ and $m$.

Definition. Let $a$ be an element of $\Integer$. Let $b$ be an integer. Let $m$ be a natural number. Then $\congruent {a}{b}{m}$ is a proposition defined as the proposition that there exists a natural number $k$, such that $a - b$ is equal to the product of $k$ and $m$.

Definition. Let $a$ be an integer. Let $b$ be an element of $\Integer$. Let $m$ be a natural number. Then $\congruent {a}{b}{m}$ is a proposition defined as the proposition that there exists a natural number $k$, such that $a - b$ is equal to the product of $k$ and $m$.

Definition. Let $a$ and $b$ be elements of $\Integer$. Let $m$ be an element of $\Natural$. Then $\congruent {a}{b}{m}$ is a proposition defined as the proposition that there exists a natural number $k$, such that the difference between $a$ and $b$ is equal to $k \times m$.

Definition. Let $a$ and $b$ be integers. Let $m$ be a natural number. Then $\congruent {a}{b}{m}$ is a proposition defined as the proposition that there exists an element $k$ of $\Natural$, such that the difference between $a$ and $b$ is equal to the product of $k$ and $m$.

Definition. Let $a$ and $b$ be elements of $\Integer$. Let $m$ be a natural number. Then $\congruent {a}{b}{m}$ is a proposition defined as the proposition that there exists an element $k$ of $\Natural$, such that the difference between $a$ and $b$ is equal to $k \times m$.

Definition. Let $a$ and $b$ be integers. Let $m$ be an element of $\Natural$. Then $\congruent {a}{b}{m}$ is a proposition defined as the proposition that there exists a natural number $k$, such that the difference between $a$ and $b$ and the product of $k$ and $m$ are equal.

Definition. Let $a$ be an element of $\Integer$. Let $b$ be an integer. Let $m$ be a natural number. Then $\congruent {a}{b}{m}$ is a proposition defined as the proposition that there exists a natural number $k$, such that $a - b$ and the product of $k$ and $m$ are equal.

Definition. Let $a$ be an integer. Let $b$ be an element of $\Integer$. Let $m$ be a natural number. Then $\congruent {a}{b}{m}$ is a proposition defined as the proposition that there exists a natural number $k$, such that $a - b$ and the product of $k$ and $m$ are equal.

Definition. Let $a$ be an element of $\Integer$. Let $b$ be an integer. Let $m$ be an element of $\Natural$. Then $a$ is congruent to $b$ modulo $m$, if there exists an element $k$ of $\Natural$, such that the difference between $a$ and $b$ is equal to $k \times m$.

Definition. Let $a$ be an integer. Let $b$ be an element of $\Integer$. Let $m$ be an element of $\Natural$. Then $a$ is congruent to $b$ modulo $m$, if there exists an element $k$ of $\Natural$, such that the difference between $a$ and $b$ is equal to $k \times m$.

Definition. Let $a$ and $b$ be elements of $\Integer$. Let $m$ be an element of $\Natural$. Then $\congruent {a}{b}{m}$ is a proposition defined as the proposition that there exists an element $k$ of $\Natural$, such that $a - b$ is equal to the product of $k$ and $m$.

Definition. Let $a$ and $b$ be elements of $\Integer$. Let $m$ be an element of $\Natural$. Then $\congruent {a}{b}{m}$ is a proposition defined as the proposition that there exists a natural number $k$, such that the difference between $a$ and $b$ and $k \times m$ are equal.

Definition. Let $a$ and $b$ be integers. Let $m$ be a natural number. Then $\congruent {a}{b}{m}$ is a proposition defined as the proposition that there exists an element $k$ of $\Natural$, such that the difference between $a$ and $b$ and the product of $k$ and $m$ are equal.

Definition. Let $a$ and $b$ be elements of $\Integer$. Let $m$ be a natural number. Then $\congruent {a}{b}{m}$ is a proposition defined as the proposition that there exists an element $k$ of $\Natural$, such that the difference between $a$ and $b$ and $k \times m$ are equal.

Definition. Let $a$ be an element of $\Integer$. Let $b$ be an integer. Let $m$ be an element of $\Natural$. Then $a$ is congruent to $b$ modulo $m$, if there exists an element $k$ of $\Natural$, such that the difference between $a$ and $b$ and $k \times m$ are equal.

Definition. Let $a$ be an integer. Let $b$ be an element of $\Integer$. Let $m$ be an element of $\Natural$. Then $a$ is congruent to $b$ modulo $m$, if there exists an element $k$ of $\Natural$, such that the difference between $a$ and $b$ and $k \times m$ are equal.

Definition. Let $a$ and $b$ be elements of $\Integer$. Let $m$ be an element of $\Natural$. Then $\congruent {a}{b}{m}$ is a proposition defined as the proposition that there exists an element $k$ of $\Natural$, such that $a - b$ and the product of $k$ and $m$ are equal.

Definition. Let $a$ and $b$ be elements of $\Integer$. Let $m$ be a natural number. Then $\congruent {a}{b}{m}$ is a proposition defined as the proposition that there exists a natural number $k$, such that the difference between $a$ and $b$ is equal to the product of $k$ and $m$.

Definition. Let $a$ be an element of $\Integer$. Let $b$ be an integer. Let $m$ be a natural number. Then $a$ is congruent to $b$ modulo $m$, if there exists an element $k$ of $\Natural$, such that the difference between $a$ and $b$ is equal to the product of $k$ and $m$.

Definition. Let $a$ be an integer. Let $b$ be an element of $\Integer$. Let $m$ be a natural number. Then $a$ is congruent to $b$ modulo $m$, if there exists an element $k$ of $\Natural$, such that the difference between $a$ and $b$ is equal to the product of $k$ and $m$.

Definition. Let $a$ be an element of $\Integer$. Let $b$ be an integer. Let $m$ be an element of $\Natural$. Then $a$ is congruent to $b$ modulo $m$, if there exists a natural number $k$, such that the difference between $a$ and $b$ is equal to the product of $k$ and $m$.

Definition. Let $a$ be an integer. Let $b$ be an element of $\Integer$. Let $m$ be an element of $\Natural$. Then $a$ is congruent to $b$ modulo $m$, if there exists a natural number $k$, such that the difference between $a$ and $b$ is equal to the product of $k$ and $m$.

Definition. Let $a$ and $b$ be elements of $\Integer$. Let $m$ be a natural number. Then $\congruent {a}{b}{m}$ is a proposition defined as the proposition that there exists a natural number $k$, such that the difference between $a$ and $b$ and the product of $k$ and $m$ are equal.

Definition. Let $a$ be an element of $\Integer$. Let $b$ be an integer. Let $m$ be an element of $\Natural$. Then $\congruent {a}{b}{m}$ is a proposition defined as the proposition that there exists an element $k$ of $\Natural$, such that $a - b$ is equal to $k \times m$.

Definition. Let $a$ be an integer. Let $b$ be an element of $\Integer$. Let $m$ be an element of $\Natural$. Then $\congruent {a}{b}{m}$ is a proposition defined as the proposition that there exists an element $k$ of $\Natural$, such that $a - b$ is equal to $k \times m$.

Definition. Let $a$ be an element of $\Integer$. Let $b$ be an integer. Let $m$ be a natural number. Then $a$ is congruent to $b$ modulo $m$, if there exists an element $k$ of $\Natural$, such that the difference between $a$ and $b$ and the product of $k$ and $m$ are equal.

Definition. Let $a$ be an integer. Let $b$ be an element of $\Integer$. Let $m$ be a natural number. Then $a$ is congruent to $b$ modulo $m$, if there exists an element $k$ of $\Natural$, such that the difference between $a$ and $b$ and the product of $k$ and $m$ are equal.

Definition. Let $a$ be an element of $\Integer$. Let $b$ be an integer. Let $m$ be an element of $\Natural$. Then $a$ is congruent to $b$ modulo $m$, if there exists a natural number $k$, such that the difference between $a$ and $b$ and the product of $k$ and $m$ are equal.

Definition. Let $a$ be an integer. Let $b$ be an element of $\Integer$. Let $m$ be an element of $\Natural$. Then $a$ is congruent to $b$ modulo $m$, if there exists a natural number $k$, such that the difference between $a$ and $b$ and the product of $k$ and $m$ are equal.

Definition. Let $a$ be an element of $\Integer$. Let $b$ be an integer. Let $m$ be an element of $\Natural$. Then $\congruent {a}{b}{m}$ is a proposition defined as the proposition that there exists an element $k$ of $\Natural$, such that $a - b$ and $k \times m$ are equal.

Definition. Let $a$ be an integer. Let $b$ be an element of $\Integer$. Let $m$ be an element of $\Natural$. Then $\congruent {a}{b}{m}$ is a proposition defined as the proposition that there exists an element $k$ of $\Natural$, such that $a - b$ and $k \times m$ are equal.

Definition. Let $a$ be an element of $\Integer$. Let $b$ be an integer. Let $m$ be a natural number. Then $\congruent {a}{b}{m}$ is a proposition defined as the proposition that there exists a natural number $k$, such that the difference between $a$ and $b$ is equal to $k \times m$.

Definition. Let $a$ be an integer. Let $b$ be an element of $\Integer$. Let $m$ be a natural number. Then $\congruent {a}{b}{m}$ is a proposition defined as the proposition that there exists a natural number $k$, such that the difference between $a$ and $b$ is equal to $k \times m$.

Definition. Let $a$ and $b$ be integers. Let $m$ be an element of $\Natural$. Then $\congruent {a}{b}{m}$ is a proposition defined as the proposition that there exists an element $k$ of $\Natural$, such that the difference between $a$ and $b$ is equal to the product of $k$ and $m$.

Definition. Let $a$ be an element of $\Integer$. Let $b$ be an integer. Let $m$ be an element of $\Natural$. Then $\congruent {a}{b}{m}$ is a proposition defined as the proposition that there exists a natural number $k$, such that $a - b$ is equal to the product of $k$ and $m$.

Definition. Let $a$ be an element of $\Integer$. Let $b$ be an integer. Let $m$ be a natural number. Then $\congruent {a}{b}{m}$ is a proposition defined as the proposition that there exists an element $k$ of $\Natural$, such that $a - b$ is equal to the product of $k$ and $m$.

Definition. Let $a$ be an element of $\Integer$. Let $b$ be an integer. Let $m$ be a natural number. Then $\congruent {a}{b}{m}$ is a proposition defined as the proposition that there exists a natural number $k$, such that the difference between $a$ and $b$ and $k \times m$ are equal.

Definition. Let $a$ be an integer. Let $b$ be an element of $\Integer$. Let $m$ be an element of $\Natural$. Then $\congruent {a}{b}{m}$ is a proposition defined as the proposition that there exists a natural number $k$, such that $a - b$ is equal to the product of $k$ and $m$.

Definition. Let $a$ be an integer. Let $b$ be an element of $\Integer$. Let $m$ be a natural number. Then $\congruent {a}{b}{m}$ is a proposition defined as the proposition that there exists an element $k$ of $\Natural$, such that $a - b$ is equal to the product of $k$ and $m$.

Definition. Let $a$ be an integer. Let $b$ be an element of $\Integer$. Let $m$ be a natural number. Then $\congruent {a}{b}{m}$ is a proposition defined as the proposition that there exists a natural number $k$, such that the difference between $a$ and $b$ and $k \times m$ are equal.

Definition. Let $a$ and $b$ be elements of $\Integer$. Let $m$ be an element of $\Natural$. Then $\congruent {a}{b}{m}$ is a proposition defined as the proposition that there exists an element $k$ of $\Natural$, such that the difference between $a$ and $b$ is equal to $k \times m$.

Definition. Let $a$ and $b$ be integers. Let $m$ be an element of $\Natural$. Then $\congruent {a}{b}{m}$ is a proposition defined as the proposition that there exists an element $k$ of $\Natural$, such that the difference between $a$ and $b$ and the product of $k$ and $m$ are equal.

Definition. Let $a$ be an element of $\Integer$. Let $b$ be an integer. Let $m$ be an element of $\Natural$. Then $\congruent {a}{b}{m}$ is a proposition defined as the proposition that there exists a natural number $k$, such that $a - b$ and the product of $k$ and $m$ are equal.

Definition. Let $a$ be an element of $\Integer$. Let $b$ be an integer. Let $m$ be a natural number. Then $\congruent {a}{b}{m}$ is a proposition defined as the proposition that there exists an element $k$ of $\Natural$, such that $a - b$ and the product of $k$ and $m$ are equal.

Definition. Let $a$ be an integer. Let $b$ be an element of $\Integer$. Let $m$ be an element of $\Natural$. Then $\congruent {a}{b}{m}$ is a proposition defined as the proposition that there exists a natural number $k$, such that $a - b$ and the product of $k$ and $m$ are equal.

Definition. Let $a$ be an integer. Let $b$ be an element of $\Integer$. Let $m$ be a natural number. Then $\congruent {a}{b}{m}$ is a proposition defined as the proposition that there exists an element $k$ of $\Natural$, such that $a - b$ and the product of $k$ and $m$ are equal.

Definition. Let $a$ and $b$ be elements of $\Integer$. Let $m$ be an element of $\Natural$. Then $\congruent {a}{b}{m}$ is a proposition defined as the proposition that there exists an element $k$ of $\Natural$, such that the difference between $a$ and $b$ and $k \times m$ are equal.

Definition. Let $a$ and $b$ be elements of $\Integer$. Let $m$ be an element of $\Natural$. Then $\congruent {a}{b}{m}$ is a proposition defined as the proposition that there exists a natural number $k$, such that the difference between $a$ and $b$ is equal to the product of $k$ and $m$.

Definition. Let $a$ and $b$ be elements of $\Integer$. Let $m$ be a natural number. Then $\congruent {a}{b}{m}$ is a proposition defined as the proposition that there exists an element $k$ of $\Natural$, such that the difference between $a$ and $b$ is equal to the product of $k$ and $m$.

Definition. Let $a$ be an element of $\Integer$. Let $b$ be an integer. Let $m$ be an element of $\Natural$. Then $a$ is congruent to $b$ modulo $m$, if there exists an element $k$ of $\Natural$, such that the difference between $a$ and $b$ is equal to the product of $k$ and $m$.

Definition. Let $a$ be an integer. Let $b$ be an element of $\Integer$. Let $m$ be an element of $\Natural$. Then $a$ is congruent to $b$ modulo $m$, if there exists an element $k$ of $\Natural$, such that the difference between $a$ and $b$ is equal to the product of $k$ and $m$.

Definition. Let $a$ and $b$ be elements of $\Integer$. Let $m$ be an element of $\Natural$. Then $\congruent {a}{b}{m}$ is a proposition defined as the proposition that there exists a natural number $k$, such that the difference between $a$ and $b$ and the product of $k$ and $m$ are equal.

Definition. Let $a$ and $b$ be elements of $\Integer$. Let $m$ be a natural number. Then $\congruent {a}{b}{m}$ is a proposition defined as the proposition that there exists an element $k$ of $\Natural$, such that the difference between $a$ and $b$ and the product of $k$ and $m$ are equal.

Definition. Let $a$ be an element of $\Integer$. Let $b$ be an integer. Let $m$ be an element of $\Natural$. Then $a$ is congruent to $b$ modulo $m$, if there exists an element $k$ of $\Natural$, such that the difference between $a$ and $b$ and the product of $k$ and $m$ are equal.

Definition. Let $a$ be an integer. Let $b$ be an element of $\Integer$. Let $m$ be an element of $\Natural$. Then $a$ is congruent to $b$ modulo $m$, if there exists an element $k$ of $\Natural$, such that the difference between $a$ and $b$ and the product of $k$ and $m$ are equal.

Definition. Let $a$ be an element of $\Integer$. Let $b$ be an integer. Let $m$ be an element of $\Natural$. Then $\congruent {a}{b}{m}$ is a proposition defined as the proposition that there exists a natural number $k$, such that the difference between $a$ and $b$ is equal to $k \times m$.

Definition. Let $a$ be an element of $\Integer$. Let $b$ be an integer. Let $m$ be a natural number. Then $\congruent {a}{b}{m}$ is a proposition defined as the proposition that there exists an element $k$ of $\Natural$, such that the difference between $a$ and $b$ is equal to $k \times m$.

Definition. Let $a$ be an integer. Let $b$ be an element of $\Integer$. Let $m$ be an element of $\Natural$. Then $\congruent {a}{b}{m}$ is a proposition defined as the proposition that there exists a natural number $k$, such that the difference between $a$ and $b$ is equal to $k \times m$.

Definition. Let $a$ be an integer. Let $b$ be an element of $\Integer$. Let $m$ be a natural number. Then $\congruent {a}{b}{m}$ is a proposition defined as the proposition that there exists an element $k$ of $\Natural$, such that the difference between $a$ and $b$ is equal to $k \times m$.

Definition. Let $a$ be an element of $\Integer$. Let $b$ be an integer. Let $m$ be an element of $\Natural$. Then $\congruent {a}{b}{m}$ is a proposition defined as the proposition that there exists an element $k$ of $\Natural$, such that $a - b$ is equal to the product of $k$ and $m$.

Definition. Let $a$ be an integer. Let $b$ be an element of $\Integer$. Let $m$ be an element of $\Natural$. Then $\congruent {a}{b}{m}$ is a proposition defined as the proposition that there exists an element $k$ of $\Natural$, such that $a - b$ is equal to the product of $k$ and $m$.

Definition. Let $a$ be an element of $\Integer$. Let $b$ be an integer. Let $m$ be an element of $\Natural$. Then $\congruent {a}{b}{m}$ is a proposition defined as the proposition that there exists a natural number $k$, such that the difference between $a$ and $b$ and $k \times m$ are equal.

Definition. Let $a$ be an element of $\Integer$. Let $b$ be an integer. Let $m$ be a natural number. Then $\congruent {a}{b}{m}$ is a proposition defined as the proposition that there exists an element $k$ of $\Natural$, such that the difference between $a$ and $b$ and $k \times m$ are equal.

Definition. Let $a$ be an integer. Let $b$ be an element of $\Integer$. Let $m$ be an element of $\Natural$. Then $\congruent {a}{b}{m}$ is a proposition defined as the proposition that there exists a natural number $k$, such that the difference between $a$ and $b$ and $k \times m$ are equal.

Definition. Let $a$ be an integer. Let $b$ be an element of $\Integer$. Let $m$ be a natural number. Then $\congruent {a}{b}{m}$ is a proposition defined as the proposition that there exists an element $k$ of $\Natural$, such that the difference between $a$ and $b$ and $k \times m$ are equal.

Definition. Let $a$ be an element of $\Integer$. Let $b$ be an integer. Let $m$ be an element of $\Natural$. Then $\congruent {a}{b}{m}$ is a proposition defined as the proposition that there exists an element $k$ of $\Natural$, such that $a - b$ and the product of $k$ and $m$ are equal.

Definition. Let $a$ be an integer. Let $b$ be an element of $\Integer$. Let $m$ be an element of $\Natural$. Then $\congruent {a}{b}{m}$ is a proposition defined as the proposition that there exists an element $k$ of $\Natural$, such that $a - b$ and the product of $k$ and $m$ are equal.

Definition. Let $a$ be an element of $\Integer$. Let $b$ be an integer. Let $m$ be a natural number. Then $\congruent {a}{b}{m}$ is a proposition defined as the proposition that there exists a natural number $k$, such that the difference between $a$ and $b$ is equal to the product of $k$ and $m$.

Definition. Let $a$ be an integer. Let $b$ be an element of $\Integer$. Let $m$ be a natural number. Then $\congruent {a}{b}{m}$ is a proposition defined as the proposition that there exists a natural number $k$, such that the difference between $a$ and $b$ is equal to the product of $k$ and $m$.

Definition. Let $a$ be an element of $\Integer$. Let $b$ be an integer. Let $m$ be a natural number. Then $\congruent {a}{b}{m}$ is a proposition defined as the proposition that there exists a natural number $k$, such that the difference between $a$ and $b$ and the product of $k$ and $m$ are equal.

Definition. Let $a$ be an integer. Let $b$ be an element of $\Integer$. Let $m$ be a natural number. Then $\congruent {a}{b}{m}$ is a proposition defined as the proposition that there exists a natural number $k$, such that the difference between $a$ and $b$ and the product of $k$ and $m$ are equal.

Definition. Let $a$ and $b$ be elements of $\Integer$. Let $m$ be an element of $\Natural$. Then $\congruent {a}{b}{m}$ is a proposition defined as the proposition that there exists an element $k$ of $\Natural$, such that the difference between $a$ and $b$ is equal to the product of $k$ and $m$.

Definition. Let $a$ and $b$ be elements of $\Integer$. Let $m$ be an element of $\Natural$. Then $\congruent {a}{b}{m}$ is a proposition defined as the proposition that there exists an element $k$ of $\Natural$, such that the difference between $a$ and $b$ and the product of $k$ and $m$ are equal.

Definition. Let $a$ be an element of $\Integer$. Let $b$ be an integer. Let $m$ be an element of $\Natural$. Then $\congruent {a}{b}{m}$ is a proposition defined as the proposition that there exists an element $k$ of $\Natural$, such that the difference between $a$ and $b$ is equal to $k \times m$.

Definition. Let $a$ be an integer. Let $b$ be an element of $\Integer$. Let $m$ be an element of $\Natural$. Then $\congruent {a}{b}{m}$ is a proposition defined as the proposition that there exists an element $k$ of $\Natural$, such that the difference between $a$ and $b$ is equal to $k \times m$.

Definition. Let $a$ be an element of $\Integer$. Let $b$ be an integer. Let $m$ be an element of $\Natural$. Then $\congruent {a}{b}{m}$ is a proposition defined as the proposition that there exists an element $k$ of $\Natural$, such that the difference between $a$ and $b$ and $k \times m$ are equal.

Definition. Let $a$ be an integer. Let $b$ be an element of $\Integer$. Let $m$ be an element of $\Natural$. Then $\congruent {a}{b}{m}$ is a proposition defined as the proposition that there exists an element $k$ of $\Natural$, such that the difference between $a$ and $b$ and $k \times m$ are equal.

Definition. Let $a$ be an element of $\Integer$. Let $b$ be an integer. Let $m$ be an element of $\Natural$. Then $\congruent {a}{b}{m}$ is a proposition defined as the proposition that there exists a natural number $k$, such that the difference between $a$ and $b$ is equal to the product of $k$ and $m$.

Definition. Let $a$ be an element of $\Integer$. Let $b$ be an integer. Let $m$ be a natural number. Then $\congruent {a}{b}{m}$ is a proposition defined as the proposition that there exists an element $k$ of $\Natural$, such that the difference between $a$ and $b$ is equal to the product of $k$ and $m$.

Definition. Let $a$ be an integer. Let $b$ be an element of $\Integer$. Let $m$ be an element of $\Natural$. Then $\congruent {a}{b}{m}$ is a proposition defined as the proposition that there exists a natural number $k$, such that the difference between $a$ and $b$ is equal to the product of $k$ and $m$.

Definition. Let $a$ be an integer. Let $b$ be an element of $\Integer$. Let $m$ be a natural number. Then $\congruent {a}{b}{m}$ is a proposition defined as the proposition that there exists an element $k$ of $\Natural$, such that the difference between $a$ and $b$ is equal to the product of $k$ and $m$.

Definition. Let $a$ be an element of $\Integer$. Let $b$ be an integer. Let $m$ be an element of $\Natural$. Then $\congruent {a}{b}{m}$ is a proposition defined as the proposition that there exists a natural number $k$, such that the difference between $a$ and $b$ and the product of $k$ and $m$ are equal.

Definition. Let $a$ be an element of $\Integer$. Let $b$ be an integer. Let $m$ be a natural number. Then $\congruent {a}{b}{m}$ is a proposition defined as the proposition that there exists an element $k$ of $\Natural$, such that the difference between $a$ and $b$ and the product of $k$ and $m$ are equal.

Definition. Let $a$ be an integer. Let $b$ be an element of $\Integer$. Let $m$ be an element of $\Natural$. Then $\congruent {a}{b}{m}$ is a proposition defined as the proposition that there exists a natural number $k$, such that the difference between $a$ and $b$ and the product of $k$ and $m$ are equal.

Definition. Let $a$ be an integer. Let $b$ be an element of $\Integer$. Let $m$ be a natural number. Then $\congruent {a}{b}{m}$ is a proposition defined as the proposition that there exists an element $k$ of $\Natural$, such that the difference between $a$ and $b$ and the product of $k$ and $m$ are equal.

Definition. Let $a$ be an element of $\Integer$. Let $b$ be an integer. Let $m$ be an element of $\Natural$. Then $\congruent {a}{b}{m}$ is a proposition defined as the proposition that there exists an element $k$ of $\Natural$, such that the difference between $a$ and $b$ is equal to the product of $k$ and $m$.

Definition. Let $a$ be an integer. Let $b$ be an element of $\Integer$. Let $m$ be an element of $\Natural$. Then $\congruent {a}{b}{m}$ is a proposition defined as the proposition that there exists an element $k$ of $\Natural$, such that the difference between $a$ and $b$ is equal to the product of $k$ and $m$.

Definition. Let $a$ be an element of $\Integer$. Let $b$ be an integer. Let $m$ be an element of $\Natural$. Then $\congruent {a}{b}{m}$ is a proposition defined as the proposition that there exists an element $k$ of $\Natural$, such that the difference between $a$ and $b$ and the product of $k$ and $m$ are equal.

Definition. Let $a$ be an integer. Let $b$ be an element of $\Integer$. Let $m$ be an element of $\Natural$. Then $\congruent {a}{b}{m}$ is a proposition defined as the proposition that there exists an element $k$ of $\Natural$, such that the difference between $a$ and $b$ and the product of $k$ and $m$ are equal.

Definition. The elements of $\mathrm{Enum}$ are a basic type.

Definition. $\mathrm{nil}$ is an element of $\mathrm{Enum}$.

Definition. Let $x$ be a number. Let $y$ be an element of $\mathrm{Enum}$. Then $\mathrm{cons}$ applied to $x$ and $y$ is an element of $\mathrm{Enum}$.

Definition. $\mathrm{enum123}$ is an element of $\mathrm{Enum}$ defined as $\mathrm{cons}$ applied to $1$ and $\mathrm{cons}$ applied to $2$ and $\mathrm{cons}$ applied to $3$ and $\mathrm{nil}$.

Definition. Let $x$ be an element of $\mathrm{Enum}$. Then the elements of $\mathrm{enumset}$ applied to $x$ are a basic type.

Definition. Let $x$ be a real number. Then $x$ is rational, if there exist integers $p$ and $q$, such that $q \neq 0$ and $x = \frac{ p}{q}$.

Definition. Let $x$ be an element of $\Real$. Then $x$ is rational, if there exist integers $p$ and $q$, such that $q \neq 0$ and $x = \frac{ p}{q}$.

Definition. Let $x$ be a real number. Then $x$ is rational, if there exist integers $p$ and $q$, such that $q \neq 0$ and $x$ is equal to $\frac{ p}{q}$.

Definition. Let $x$ be a real number. Then $x$ is rational, if there exist integers $p$ and $q$, such that $q$ is distinct from $0$ and $x = \frac{ p}{q}$.

Definition. Let $x$ be a real number. Then $x$ is rational, if there exist integers $p$ and $q$, such that $q$ and $0$ are distinct and $x = \frac{ p}{q}$.

Definition. Let $x$ be a real number. Then $x$ is rational, if there exist integers $p$ and $q$, such that $q \neq 0$ and $x$ and $\frac{ p}{q}$ are equal.

Definition. Let $x$ be a real number. Then $x$ is rational, if there exist elements $p$ and $q$ of $\Integer$, such that $q \neq 0$ and $x = \frac{ p}{q}$.

Definition. Let $x$ be an element of $\Real$. Then $x$ is rational, if there exist integers $p$ and $q$, such that $q \neq 0$ and $x$ is equal to $\frac{ p}{q}$.

Definition. Let $x$ be a real number. Then $x$ is rational, if there exist integers $p$ and $q$, such that $q \neq 0$ and $x$ is equal to the quotient of $p$ and $q$.

Definition. Let $x$ be an element of $\Real$. Then $x$ is rational, if there exist integers $p$ and $q$, such that $q$ is distinct from $0$ and $x = \frac{ p}{q}$.

Definition. Let $x$ be an element of $\Real$. Then $x$ is rational, if there exist integers $p$ and $q$, such that $q$ and $0$ are distinct and $x = \frac{ p}{q}$.

Definition. Let $x$ be an element of $\Real$. Then $x$ is rational, if there exist integers $p$ and $q$, such that $q \neq 0$ and $x$ and $\frac{ p}{q}$ are equal.

Definition. Let $x$ be a real number. Then $x$ is rational, if there exist integers $p$ and $q$, such that $q$ is distinct from $0$ and $x$ is equal to $\frac{ p}{q}$.

Definition. Let $x$ be a real number. Then $x$ is rational, if there exist integers $p$ and $q$, such that $q$ and $0$ are distinct and $x$ is equal to $\frac{ p}{q}$.

Definition. Let $x$ be a real number. Then $x$ is rational, if there exist integers $p$ and $q$, such that $q \neq 0$ and $x$ and the quotient of $p$ and $q$ are equal.

Definition. Let $x$ be a real number. Then $x$ is rational, if there exist integers $p$ and $q$, such that $q$ is distinct from $0$ and $x$ and $\frac{ p}{q}$ are equal.

Definition. Let $x$ be a real number. Then $x$ is rational, if there exist integers $p$ and $q$, such that $q$ and $0$ are distinct and $x$ and $\frac{ p}{q}$ are equal.

Definition. Let $x$ be an element of $\Real$. Then $x$ is rational, if there exist elements $p$ and $q$ of $\Integer$, such that $q \neq 0$ and $x = \frac{ p}{q}$.

Definition. Let $x$ be a real number. Then $x$ is rational, if there exist elements $p$ and $q$ of $\Integer$, such that $q \neq 0$ and $x$ is equal to $\frac{ p}{q}$.

Definition. Let $x$ be a real number. Then $x$ is rational, if there exist elements $p$ and $q$ of $\Integer$, such that $q$ is distinct from $0$ and $x = \frac{ p}{q}$.

Definition. Let $x$ be a real number. Then $x$ is rational, if there exist elements $p$ and $q$ of $\Integer$, such that $q$ and $0$ are distinct and $x = \frac{ p}{q}$.

Definition. Let $x$ be a real number. Then $x$ is rational, if there exist elements $p$ and $q$ of $\Integer$, such that $q \neq 0$ and $x$ and $\frac{ p}{q}$ are equal.

Definition. Let $x$ be an element of $\Real$. Then $x$ is rational, if there exist integers $p$ and $q$, such that $q \neq 0$ and $x$ is equal to the quotient of $p$ and $q$.

Definition. Let $x$ be an element of $\Real$. Then $x$ is rational, if there exist integers $p$ and $q$, such that $q$ is distinct from $0$ and $x$ is equal to $\frac{ p}{q}$.

Definition. Let $x$ be an element of $\Real$. Then $x$ is rational, if there exist integers $p$ and $q$, such that $q$ and $0$ are distinct and $x$ is equal to $\frac{ p}{q}$.

Definition. Let $x$ be an element of $\Real$. Then $x$ is rational, if there exist integers $p$ and $q$, such that $q \neq 0$ and $x$ and the quotient of $p$ and $q$ are equal.

Definition. Let $x$ be a real number. Then $x$ is rational, if there exist integers $p$ and $q$, such that $q$ is distinct from $0$ and $x$ is equal to the quotient of $p$ and $q$.

Definition. Let $x$ be a real number. Then $x$ is rational, if there exist integers $p$ and $q$, such that $q$ and $0$ are distinct and $x$ is equal to the quotient of $p$ and $q$.

Definition. Let $x$ be an element of $\Real$. Then $x$ is rational, if there exist integers $p$ and $q$, such that $q$ is distinct from $0$ and $x$ and $\frac{ p}{q}$ are equal.

Definition. Let $x$ be an element of $\Real$. Then $x$ is rational, if there exist integers $p$ and $q$, such that $q$ and $0$ are distinct and $x$ and $\frac{ p}{q}$ are equal.

Definition. Let $x$ be a real number. Then $x$ is rational, if there exist integers $p$ and $q$, such that $q$ is distinct from $0$ and $x$ and the quotient of $p$ and $q$ are equal.

Definition. Let $x$ be a real number. Then $x$ is rational, if there exist integers $p$ and $q$, such that $q$ and $0$ are distinct and $x$ and the quotient of $p$ and $q$ are equal.

Definition. Let $x$ be an element of $\Real$. Then $x$ is rational, if there exist elements $p$ and $q$ of $\Integer$, such that $q \neq 0$ and $x$ is equal to $\frac{ p}{q}$.

Definition. Let $x$ be a real number. Then $x$ is rational, if there exist elements $p$ and $q$ of $\Integer$, such that $q \neq 0$ and $x$ is equal to the quotient of $p$ and $q$.

Definition. Let $x$ be an element of $\Real$. Then $x$ is rational, if there exist elements $p$ and $q$ of $\Integer$, such that $q$ is distinct from $0$ and $x = \frac{ p}{q}$.

Definition. Let $x$ be an element of $\Real$. Then $x$ is rational, if there exist elements $p$ and $q$ of $\Integer$, such that $q$ and $0$ are distinct and $x = \frac{ p}{q}$.

Definition. Let $x$ be an element of $\Real$. Then $x$ is rational, if there exist elements $p$ and $q$ of $\Integer$, such that $q \neq 0$ and $x$ and $\frac{ p}{q}$ are equal.

Definition. Let $x$ be a real number. Then $x$ is rational, if there exist elements $p$ and $q$ of $\Integer$, such that $q$ is distinct from $0$ and $x$ is equal to $\frac{ p}{q}$.

Definition. Let $x$ be a real number. Then $x$ is rational, if there exist elements $p$ and $q$ of $\Integer$, such that $q$ and $0$ are distinct and $x$ is equal to $\frac{ p}{q}$.

Definition. Let $x$ be a real number. Then $x$ is rational, if there exist elements $p$ and $q$ of $\Integer$, such that $q \neq 0$ and $x$ and the quotient of $p$ and $q$ are equal.

Definition. Let $x$ be a real number. Then $x$ is rational, if there exist elements $p$ and $q$ of $\Integer$, such that $q$ is distinct from $0$ and $x$ and $\frac{ p}{q}$ are equal.

Definition. Let $x$ be a real number. Then $x$ is rational, if there exist elements $p$ and $q$ of $\Integer$, such that $q$ and $0$ are distinct and $x$ and $\frac{ p}{q}$ are equal.

Definition. Let $x$ be an element of $\Real$. Then $x$ is rational, if there exist integers $p$ and $q$, such that $q$ is distinct from $0$ and $x$ is equal to the quotient of $p$ and $q$.

Definition. Let $x$ be an element of $\Real$. Then $x$ is rational, if there exist integers $p$ and $q$, such that $q$ and $0$ are distinct and $x$ is equal to the quotient of $p$ and $q$.

Definition. Let $x$ be an element of $\Real$. Then $x$ is rational, if there exist integers $p$ and $q$, such that $q$ is distinct from $0$ and $x$ and the quotient of $p$ and $q$ are equal.

Definition. Let $x$ be an element of $\Real$. Then $x$ is rational, if there exist integers $p$ and $q$, such that $q$ and $0$ are distinct and $x$ and the quotient of $p$ and $q$ are equal.

Definition. Let $x$ be an element of $\Real$. Then $x$ is rational, if there exist elements $p$ and $q$ of $\Integer$, such that $q \neq 0$ and $x$ is equal to the quotient of $p$ and $q$.

Definition. Let $x$ be an element of $\Real$. Then $x$ is rational, if there exist elements $p$ and $q$ of $\Integer$, such that $q$ is distinct from $0$ and $x$ is equal to $\frac{ p}{q}$.

Definition. Let $x$ be an element of $\Real$. Then $x$ is rational, if there exist elements $p$ and $q$ of $\Integer$, such that $q$ and $0$ are distinct and $x$ is equal to $\frac{ p}{q}$.

Definition. Let $x$ be an element of $\Real$. Then $x$ is rational, if there exist elements $p$ and $q$ of $\Integer$, such that $q \neq 0$ and $x$ and the quotient of $p$ and $q$ are equal.

Definition. Let $x$ be a real number. Then $x$ is rational, if there exist elements $p$ and $q$ of $\Integer$, such that $q$ is distinct from $0$ and $x$ is equal to the quotient of $p$ and $q$.

Definition. Let $x$ be a real number. Then $x$ is rational, if there exist elements $p$ and $q$ of $\Integer$, such that $q$ and $0$ are distinct and $x$ is equal to the quotient of $p$ and $q$.

Definition. Let $x$ be a real number. Then $x$ is rational, if there exists an element $p$ of $\Integer$, such that there exists an integer $q$, such that $q \neq 0$ and $x = \frac{ p}{q}$.

Definition. Let $x$ be a real number. Then $x$ is rational, if there exists an integer $p$, such that there exists an element $q$ of $\Integer$, such that $q \neq 0$ and $x = \frac{ p}{q}$.

Definition. Let $x$ be an element of $\Real$. Then $x$ is rational, if there exist elements $p$ and $q$ of $\Integer$, such that $q$ is distinct from $0$ and $x$ and $\frac{ p}{q}$ are equal.

Definition. Let $x$ be an element of $\Real$. Then $x$ is rational, if there exist elements $p$ and $q$ of $\Integer$, such that $q$ and $0$ are distinct and $x$ and $\frac{ p}{q}$ are equal.

Definition. Let $x$ be a real number. Then $x$ is rational, if there exist elements $p$ and $q$ of $\Integer$, such that $q$ is distinct from $0$ and $x$ and the quotient of $p$ and $q$ are equal.

Definition. Let $x$ be a real number. Then $x$ is rational, if there exist elements $p$ and $q$ of $\Integer$, such that $q$ and $0$ are distinct and $x$ and the quotient of $p$ and $q$ are equal.

Definition. Let $x$ be an element of $\Real$. Then $x$ is rational, if there exist elements $p$ and $q$ of $\Integer$, such that $q$ is distinct from $0$ and $x$ is equal to the quotient of $p$ and $q$.

Definition. Let $x$ be an element of $\Real$. Then $x$ is rational, if there exist elements $p$ and $q$ of $\Integer$, such that $q$ and $0$ are distinct and $x$ is equal to the quotient of $p$ and $q$.

Definition. Let $x$ be an element of $\Real$. Then $x$ is rational, if there exists an element $p$ of $\Integer$, such that there exists an integer $q$, such that $q \neq 0$ and $x = \frac{ p}{q}$.

Definition. Let $x$ be an element of $\Real$. Then $x$ is rational, if there exists an integer $p$, such that there exists an element $q$ of $\Integer$, such that $q \neq 0$ and $x = \frac{ p}{q}$.

Definition. Let $x$ be a real number. Then $x$ is rational, if there exists an element $p$ of $\Integer$, such that there exists an integer $q$, such that $q \neq 0$ and $x$ is equal to $\frac{ p}{q}$.

Definition. Let $x$ be a real number. Then $x$ is rational, if there exists an integer $p$, such that there exists an element $q$ of $\Integer$, such that $q \neq 0$ and $x$ is equal to $\frac{ p}{q}$.

Definition. Let $x$ be an element of $\Real$. Then $x$ is rational, if there exist elements $p$ and $q$ of $\Integer$, such that $q$ is distinct from $0$ and $x$ and the quotient of $p$ and $q$ are equal.

Definition. Let $x$ be an element of $\Real$. Then $x$ is rational, if there exist elements $p$ and $q$ of $\Integer$, such that $q$ and $0$ are distinct and $x$ and the quotient of $p$ and $q$ are equal.

Definition. Let $x$ be a real number. Then $x$ is rational, if there exists an element $p$ of $\Integer$, such that there exists an integer $q$, such that $q$ is distinct from $0$ and $x = \frac{ p}{q}$.

Definition. Let $x$ be a real number. Then $x$ is rational, if there exists an element $p$ of $\Integer$, such that there exists an integer $q$, such that $q$ and $0$ are distinct and $x = \frac{ p}{q}$.

Definition. Let $x$ be a real number. Then $x$ is rational, if there exists an element $p$ of $\Integer$, such that there exists an integer $q$, such that $q \neq 0$ and $x$ and $\frac{ p}{q}$ are equal.

Definition. Let $x$ be a real number. Then $x$ is rational, if there exists an integer $p$, such that there exists an element $q$ of $\Integer$, such that $q$ is distinct from $0$ and $x = \frac{ p}{q}$.

Definition. Let $x$ be a real number. Then $x$ is rational, if there exists an integer $p$, such that there exists an element $q$ of $\Integer$, such that $q$ and $0$ are distinct and $x = \frac{ p}{q}$.

Definition. Let $x$ be a real number. Then $x$ is rational, if there exists an integer $p$, such that there exists an element $q$ of $\Integer$, such that $q \neq 0$ and $x$ and $\frac{ p}{q}$ are equal.

Definition. Let $x$ be an element of $\Real$. Then $x$ is rational, if there exists an element $p$ of $\Integer$, such that there exists an integer $q$, such that $q \neq 0$ and $x$ is equal to $\frac{ p}{q}$.

Definition. Let $x$ be an element of $\Real$. Then $x$ is rational, if there exists an integer $p$, such that there exists an element $q$ of $\Integer$, such that $q \neq 0$ and $x$ is equal to $\frac{ p}{q}$.

Definition. Let $x$ be a real number. Then $x$ is rational, if there exists an element $p$ of $\Integer$, such that there exists an integer $q$, such that $q \neq 0$ and $x$ is equal to the quotient of $p$ and $q$.

Definition. Let $x$ be a real number. Then $x$ is rational, if there exists an integer $p$, such that there exists an element $q$ of $\Integer$, such that $q \neq 0$ and $x$ is equal to the quotient of $p$ and $q$.

Definition. Let $x$ be an element of $\Real$. Then $x$ is rational, if there exists an element $p$ of $\Integer$, such that there exists an integer $q$, such that $q$ is distinct from $0$ and $x = \frac{ p}{q}$.

Definition. Let $x$ be an element of $\Real$. Then $x$ is rational, if there exists an element $p$ of $\Integer$, such that there exists an integer $q$, such that $q$ and $0$ are distinct and $x = \frac{ p}{q}$.

Definition. Let $x$ be an element of $\Real$. Then $x$ is rational, if there exists an element $p$ of $\Integer$, such that there exists an integer $q$, such that $q \neq 0$ and $x$ and $\frac{ p}{q}$ are equal.

Definition. Let $x$ be an element of $\Real$. Then $x$ is rational, if there exists an integer $p$, such that there exists an element $q$ of $\Integer$, such that $q$ is distinct from $0$ and $x = \frac{ p}{q}$.

Definition. Let $x$ be an element of $\Real$. Then $x$ is rational, if there exists an integer $p$, such that there exists an element $q$ of $\Integer$, such that $q$ and $0$ are distinct and $x = \frac{ p}{q}$.

Definition. Let $x$ be an element of $\Real$. Then $x$ is rational, if there exists an integer $p$, such that there exists an element $q$ of $\Integer$, such that $q \neq 0$ and $x$ and $\frac{ p}{q}$ are equal.

Definition. Let $x$ be a real number. Then $x$ is rational, if there exists an element $p$ of $\Integer$, such that there exists an integer $q$, such that $q$ is distinct from $0$ and $x$ is equal to $\frac{ p}{q}$.

Definition. Let $x$ be a real number. Then $x$ is rational, if there exists an element $p$ of $\Integer$, such that there exists an integer $q$, such that $q$ and $0$ are distinct and $x$ is equal to $\frac{ p}{q}$.

Definition. Let $x$ be a real number. Then $x$ is rational, if there exists an element $p$ of $\Integer$, such that there exists an integer $q$, such that $q \neq 0$ and $x$ and the quotient of $p$ and $q$ are equal.

Definition. Let $x$ be a real number. Then $x$ is rational, if there exists an integer $p$, such that there exists an element $q$ of $\Integer$, such that $q$ is distinct from $0$ and $x$ is equal to $\frac{ p}{q}$.

Definition. Let $x$ be a real number. Then $x$ is rational, if there exists an integer $p$, such that there exists an element $q$ of $\Integer$, such that $q$ and $0$ are distinct and $x$ is equal to $\frac{ p}{q}$.

Definition. Let $x$ be a real number. Then $x$ is rational, if there exists an integer $p$, such that there exists an element $q$ of $\Integer$, such that $q \neq 0$ and $x$ and the quotient of $p$ and $q$ are equal.

Definition. Let $x$ be a real number. Then $x$ is rational, if there exists an element $p$ of $\Integer$, such that there exists an integer $q$, such that $q$ is distinct from $0$ and $x$ and $\frac{ p}{q}$ are equal.

Definition. Let $x$ be a real number. Then $x$ is rational, if there exists an element $p$ of $\Integer$, such that there exists an integer $q$, such that $q$ and $0$ are distinct and $x$ and $\frac{ p}{q}$ are equal.

Definition. Let $x$ be a real number. Then $x$ is rational, if there exists an integer $p$, such that there exists an element $q$ of $\Integer$, such that $q$ is distinct from $0$ and $x$ and $\frac{ p}{q}$ are equal.

Definition. Let $x$ be a real number. Then $x$ is rational, if there exists an integer $p$, such that there exists an element $q$ of $\Integer$, such that $q$ and $0$ are distinct and $x$ and $\frac{ p}{q}$ are equal.

Definition. Let $x$ be an element of $\Real$. Then $x$ is rational, if there exists an element $p$ of $\Integer$, such that there exists an integer $q$, such that $q \neq 0$ and $x$ is equal to the quotient of $p$ and $q$.

Definition. Let $x$ be an element of $\Real$. Then $x$ is rational, if there exists an integer $p$, such that there exists an element $q$ of $\Integer$, such that $q \neq 0$ and $x$ is equal to the quotient of $p$ and $q$.

Definition. Let $x$ be an element of $\Real$. Then $x$ is rational, if there exists an element $p$ of $\Integer$, such that there exists an integer $q$, such that $q$ is distinct from $0$ and $x$ is equal to $\frac{ p}{q}$.

Definition. Let $x$ be an element of $\Real$. Then $x$ is rational, if there exists an element $p$ of $\Integer$, such that there exists an integer $q$, such that $q$ and $0$ are distinct and $x$ is equal to $\frac{ p}{q}$.

Definition. Let $x$ be an element of $\Real$. Then $x$ is rational, if there exists an element $p$ of $\Integer$, such that there exists an integer $q$, such that $q \neq 0$ and $x$ and the quotient of $p$ and $q$ are equal.

Definition. Let $x$ be an element of $\Real$. Then $x$ is rational, if there exists an integer $p$, such that there exists an element $q$ of $\Integer$, such that $q$ is distinct from $0$ and $x$ is equal to $\frac{ p}{q}$.

Definition. Let $x$ be an element of $\Real$. Then $x$ is rational, if there exists an integer $p$, such that there exists an element $q$ of $\Integer$, such that $q$ and $0$ are distinct and $x$ is equal to $\frac{ p}{q}$.

Definition. Let $x$ be an element of $\Real$. Then $x$ is rational, if there exists an integer $p$, such that there exists an element $q$ of $\Integer$, such that $q \neq 0$ and $x$ and the quotient of $p$ and $q$ are equal.

Definition. Let $x$ be a real number. Then $x$ is rational, if there exists an element $p$ of $\Integer$, such that there exists an integer $q$, such that $q$ is distinct from $0$ and $x$ is equal to the quotient of $p$ and $q$.

Definition. Let $x$ be a real number. Then $x$ is rational, if there exists an element $p$ of $\Integer$, such that there exists an integer $q$, such that $q$ and $0$ are distinct and $x$ is equal to the quotient of $p$ and $q$.

Definition. Let $x$ be a real number. Then $x$ is rational, if there exists an integer $p$, such that there exists an element $q$ of $\Integer$, such that $q$ is distinct from $0$ and $x$ is equal to the quotient of $p$ and $q$.

Definition. Let $x$ be a real number. Then $x$ is rational, if there exists an integer $p$, such that there exists an element $q$ of $\Integer$, such that $q$ and $0$ are distinct and $x$ is equal to the quotient of $p$ and $q$.

Definition. Let $x$ be an element of $\Real$. Then $x$ is rational, if there exists an element $p$ of $\Integer$, such that there exists an integer $q$, such that $q$ is distinct from $0$ and $x$ and $\frac{ p}{q}$ are equal.

Definition. Let $x$ be an element of $\Real$. Then $x$ is rational, if there exists an element $p$ of $\Integer$, such that there exists an integer $q$, such that $q$ and $0$ are distinct and $x$ and $\frac{ p}{q}$ are equal.

Definition. Let $x$ be an element of $\Real$. Then $x$ is rational, if there exists an integer $p$, such that there exists an element $q$ of $\Integer$, such that $q$ is distinct from $0$ and $x$ and $\frac{ p}{q}$ are equal.

Definition. Let $x$ be an element of $\Real$. Then $x$ is rational, if there exists an integer $p$, such that there exists an element $q$ of $\Integer$, such that $q$ and $0$ are distinct and $x$ and $\frac{ p}{q}$ are equal.

Definition. Let $x$ be a real number. Then $x$ is rational, if there exists an element $p$ of $\Integer$, such that there exists an integer $q$, such that $q$ is distinct from $0$ and $x$ and the quotient of $p$ and $q$ are equal.

Definition. Let $x$ be a real number. Then $x$ is rational, if there exists an element $p$ of $\Integer$, such that there exists an integer $q$, such that $q$ and $0$ are distinct and $x$ and the quotient of $p$ and $q$ are equal.

Definition. Let $x$ be a real number. Then $x$ is rational, if there exists an integer $p$, such that there exists an element $q$ of $\Integer$, such that $q$ is distinct from $0$ and $x$ and the quotient of $p$ and $q$ are equal.

Definition. Let $x$ be a real number. Then $x$ is rational, if there exists an integer $p$, such that there exists an element $q$ of $\Integer$, such that $q$ and $0$ are distinct and $x$ and the quotient of $p$ and $q$ are equal.

Definition. Let $x$ be an element of $\Real$. Then $x$ is rational, if there exists an element $p$ of $\Integer$, such that there exists an integer $q$, such that $q$ is distinct from $0$ and $x$ is equal to the quotient of $p$ and $q$.

Definition. Let $x$ be an element of $\Real$. Then $x$ is rational, if there exists an element $p$ of $\Integer$, such that there exists an integer $q$, such that $q$ and $0$ are distinct and $x$ is equal to the quotient of $p$ and $q$.

Definition. Let $x$ be an element of $\Real$. Then $x$ is rational, if there exists an integer $p$, such that there exists an element $q$ of $\Integer$, such that $q$ is distinct from $0$ and $x$ is equal to the quotient of $p$ and $q$.

Definition. Let $x$ be an element of $\Real$. Then $x$ is rational, if there exists an integer $p$, such that there exists an element $q$ of $\Integer$, such that $q$ and $0$ are distinct and $x$ is equal to the quotient of $p$ and $q$.

Definition. Let $x$ be an element of $\Real$. Then $x$ is rational, if there exists an element $p$ of $\Integer$, such that there exists an integer $q$, such that $q$ is distinct from $0$ and $x$ and the quotient of $p$ and $q$ are equal.

Definition. Let $x$ be an element of $\Real$. Then $x$ is rational, if there exists an element $p$ of $\Integer$, such that there exists an integer $q$, such that $q$ and $0$ are distinct and $x$ and the quotient of $p$ and $q$ are equal.

Definition. Let $x$ be an element of $\Real$. Then $x$ is rational, if there exists an integer $p$, such that there exists an element $q$ of $\Integer$, such that $q$ is distinct from $0$ and $x$ and the quotient of $p$ and $q$ are equal.

Definition. Let $x$ be an element of $\Real$. Then $x$ is rational, if there exists an integer $p$, such that there exists an element $q$ of $\Integer$, such that $q$ and $0$ are distinct and $x$ and the quotient of $p$ and $q$ are equal.

Definition. Let $x$ be a real number. Then $x$ is irrational, if $x$ is not rational.

Definition. Let $x$ be an element of $\Real$. Then $x$ is irrational, if $x$ is not rational.

Definition. Let $x$ be a real number. Then $x ^{ 2}$ is a real number defined as $x ^ {2}$.

Definition. Let $x$ be a real number. Then the square of $x$ is a real number defined as $x ^ {2}$.

Definition. Let $x$ be a real number. Then $x ^{ 2}$ is an element of $\Real$ defined as $x ^ {2}$.

Definition. Let $x$ be an element of $\Real$. Then $x ^{ 2}$ is a real number defined as $x ^ {2}$.

Definition. Let $x$ be a real number. Then the square of $x$ is an element of $\Real$ defined as $x ^ {2}$.

Definition. Let $x$ be an element of $\Real$. Then the square of $x$ is a real number defined as $x ^ {2}$.

Definition. Let $x$ be a real number. Then $x ^{ 2}$ is a real number defined as the exponentiation of $x$ to $2$.

Definition. Let $x$ be an element of $\Real$. Then $x ^{ 2}$ is an element of $\Real$ defined as $x ^ {2}$.

Definition. Let $x$ be a real number. Then the square of $x$ is a real number defined as the exponentiation of $x$ to $2$.

Definition. Let $x$ be an element of $\Real$. Then the square of $x$ is an element of $\Real$ defined as $x ^ {2}$.

Definition. Let $x$ be a real number. Then $x ^{ 2}$ is an element of $\Real$ defined as the exponentiation of $x$ to $2$.

Definition. Let $x$ be an element of $\Real$. Then $x ^{ 2}$ is a real number defined as the exponentiation of $x$ to $2$.

Definition. Let $x$ be a real number. Then the square of $x$ is an element of $\Real$ defined as the exponentiation of $x$ to $2$.

Definition. Let $x$ be an element of $\Real$. Then the square of $x$ is a real number defined as the exponentiation of $x$ to $2$.

Definition. Let $x$ be an element of $\Real$. Then $x ^{ 2}$ is an element of $\Real$ defined as the exponentiation of $x$ to $2$.

Definition. Let $x$ be an element of $\Real$. Then the square of $x$ is an element of $\Real$ defined as the exponentiation of $x$ to $2$.

Definition. The polynomials are a basic type.

Definition. Let $P$ be a polynomial. Then the degree of $P$ is a natural number.

Definition. Let $P$ be a polynomial. Then the degree of $P$ is an element of $\Natural$.

Definition. Let $c$ be a complex. Let $P$ be a polynomial. Then we can say that $c$ is a root of $P$.

Definition. Let $c$ be an element of $\Complex$. Let $P$ be a polynomial. Then we can say that $c$ is a root of $P$.

Definition. Let $A$ be a set. Then $| A |$ is a cardinal.

Definition. Let $A$ be a set. Then the cardinality of $A$ is a cardinal.

Definition. Let $A$ be a set. Then $A$ is denumerable, if $| A | = | \Natural |$.

Definition. Let $A$ be a set. Then $A$ is denumerable, if $| A |$ is equal to $| \Natural |$.

Definition. Let $A$ be a set. Then $A$ is denumerable, if $| A |$ and $| \Natural |$ are equal.

Definition. Let $A$ be a set. Then $A$ is denumerable, if the cardinality of $A$ is equal to $| \Natural |$.

Definition. Let $A$ be a set. Then $A$ is denumerable, if $| A |$ is equal to the cardinality of $\Natural$.

Definition. Let $A$ be a set. Then $A$ is denumerable, if the cardinality of $A$ and $| \Natural |$ are equal.

Definition. Let $A$ be a set. Then $A$ is denumerable, if $| A |$ and the cardinality of $\Natural$ are equal.

Definition. Let $A$ be a set. Then $A$ is denumerable, if the cardinality of $A$ is equal to the cardinality of $\Natural$.

Definition. Let $A$ be a set. Then $A$ is denumerable, if $| A |$ is equal to the cardinality of the set of natural numbers.

Definition. Let $A$ be a set. Then $A$ is denumerable, if the cardinality of $A$ and the cardinality of $\Natural$ are equal.

Definition. Let $A$ be a set. Then $A$ is denumerable, if $| A |$ and the cardinality of the set of natural numbers are equal.

Definition. Let $A$ be a set. Then $A$ is denumerable, if the cardinality of $A$ is equal to the cardinality of the set of natural numbers.

Definition. Let $A$ be a set. Then $A$ is denumerable, if the cardinality of $A$ and the cardinality of the set of natural numbers are equal.

Definition. The vectors are a basic type.

Definition. Let $x$ be a vector. Then $\| x \|$ is a real number.

Definition. Let $x$ be a vector. Then the norm of $x$ is a real number.

Definition. Let $x$ be a vector. Then the length of $x$ is a real number.

Definition. Let $x$ be a vector. Then $\| x \|$ is an element of $\Real$.

Definition. Let $x$ be a vector. Then the norm of $x$ is an element of $\Real$.

Definition. Let $x$ be a vector. Then the length of $x$ is an element of $\Real$.

Definition. Let $v$ be a vector. Then $\| v \|$ is a real number defined as $\| v \|$.

Definition. Let $v$ be a vector. Then the norm of $v$ is a real number defined as $\| v \|$.

Definition. Let $v$ be a vector. Then $\| v \|$ is a real number defined as the norm of $v$.

Definition. Let $v$ be a vector. Then the length of $v$ is a real number defined as $\| v \|$.

Definition. Let $v$ be a vector. Then $\| v \|$ is a real number defined as the length of $v$.

Definition. Let $v$ be a vector. Then the norm of $v$ is a real number defined as the norm of $v$.

Definition. Let $v$ be a vector. Then $\| v \|$ is an element of $\Real$ defined as $\| v \|$.

Definition. Let $v$ be a vector. Then the length of $v$ is a real number defined as the norm of $v$.

Definition. Let $v$ be a vector. Then the norm of $v$ is a real number defined as the length of $v$.

Definition. Let $v$ be a vector. Then the length of $v$ is a real number defined as the length of $v$.

Definition. Let $v$ be a vector. Then the norm of $v$ is an element of $\Real$ defined as $\| v \|$.

Definition. Let $v$ be a vector. Then $\| v \|$ is an element of $\Real$ defined as the norm of $v$.

Definition. Let $v$ be a vector. Then the length of $v$ is an element of $\Real$ defined as $\| v \|$.

Definition. Let $v$ be a vector. Then $\| v \|$ is an element of $\Real$ defined as the length of $v$.

Definition. Let $v$ be a vector. Then the norm of $v$ is an element of $\Real$ defined as the norm of $v$.

Definition. Let $v$ be a vector. Then the length of $v$ is an element of $\Real$ defined as the norm of $v$.

Definition. Let $v$ be a vector. Then the norm of $v$ is an element of $\Real$ defined as the length of $v$.

Definition. Let $v$ be a vector. Then the length of $v$ is an element of $\Real$ defined as the length of $v$.

Definition. Let $x$ and $y$ be natural numbers. Then $\left(\frac{ x }{ y }\right)$ is an integer.

Definition. Let $x$ and $y$ be natural numbers. Then the Legendre symbol of $x$ over $y$ is an integer.

Definition. Let $x$ and $y$ be elements of $\Natural$. Then $\left(\frac{ x }{ y }\right)$ is an integer.

Definition. Let $x$ and $y$ be elements of $\Natural$. Then the Legendre symbol of $x$ over $y$ is an integer.

Definition. Let $x$ and $y$ be natural numbers. Then $\left(\frac{ x }{ y }\right)$ is an element of $\Integer$.

Definition. Let $x$ and $y$ be natural numbers. Then the Legendre symbol of $x$ over $y$ is an element of $\Integer$.

Definition. Let $x$ and $y$ be elements of $\Natural$. Then $\left(\frac{ x }{ y }\right)$ is an element of $\Integer$.

Definition. Let $x$ and $y$ be elements of $\Natural$. Then the Legendre symbol of $x$ over $y$ is an element of $\Integer$.

Definition. Let $x$ be an element of $\Natural$. Let $y$ be a natural number. Then $\left(\frac{ x }{ y }\right)$ is an integer.

Definition. Let $x$ be a natural number. Let $y$ be an element of $\Natural$. Then $\left(\frac{ x }{ y }\right)$ is an integer.

Definition. Let $x$ be an element of $\Natural$. Let $y$ be a natural number. Then the Legendre symbol of $x$ over $y$ is an integer.

Definition. Let $x$ be a natural number. Let $y$ be an element of $\Natural$. Then the Legendre symbol of $x$ over $y$ is an integer.

Definition. Let $x$ be an element of $\Natural$. Let $y$ be a natural number. Then $\left(\frac{ x }{ y }\right)$ is an element of $\Integer$.

Definition. Let $x$ be a natural number. Let $y$ be an element of $\Natural$. Then $\left(\frac{ x }{ y }\right)$ is an element of $\Integer$.

Definition. Let $x$ be an element of $\Natural$. Let $y$ be a natural number. Then the Legendre symbol of $x$ over $y$ is an element of $\Integer$.

Definition. Let $x$ be a natural number. Let $y$ be an element of $\Natural$. Then the Legendre symbol of $x$ over $y$ is an element of $\Integer$.

Definition. $\pi$ is a real number.

Definition. The number \(\pi\) is a real number.

Definition. $\pi$ is an element of $\Real$.

Definition. The number \(\pi\) is an element of $\Real$.

Definition. The circles are a basic type.

Definition. Let $x$ be a circle. Then the radius of $x$ is a real number.

Definition. Let $x$ be a circle. Then the radius of $x$ is an element of $\Real$.

Definition. Let $x$ be a circle. Then the area of $x$ is a real number.

Definition. Let $x$ be a circle. Then the area of $x$ is an element of $\Real$.

Definition. Let $n$ and $k$ be natural numbers. Then $\binom{ n }{ k}$ is a natural number defined as $\frac{ n !}{k ! \times (n - k)!}$.

Definition. Let $n$ and $k$ be elements of $\Natural$. Then $\binom{ n }{ k}$ is a natural number defined as $\frac{ n !}{k ! \times (n - k)!}$.

Definition. Let $n$ and $k$ be natural numbers. Then $\binom{ n }{ k}$ is an element of $\Natural$ defined as $\frac{ n !}{k ! \times (n - k)!}$.

Definition. Let $n$ and $k$ be natural numbers. Then $\binom{ n }{ k}$ is a natural number defined as the quotient of $n !$ and $k ! \times (n - k)!$.

Definition. Let $n$ and $k$ be natural numbers. Then the binomial coefficient of $n$ over $k$ is a natural number defined as $\frac{ n !}{k ! \times (n - k)!}$.

Definition. Let $n$ and $k$ be elements of $\Natural$. Then $\binom{ n }{ k}$ is an element of $\Natural$ defined as $\frac{ n !}{k ! \times (n - k)!}$.

Definition. Let $n$ and $k$ be elements of $\Natural$. Then $\binom{ n }{ k}$ is a natural number defined as the quotient of $n !$ and $k ! \times (n - k)!$.

Definition. Let $n$ and $k$ be natural numbers. Then $\binom{ n }{ k}$ is an element of $\Natural$ defined as the quotient of $n !$ and $k ! \times (n - k)!$.

Definition. Let $n$ and $k$ be natural numbers. Then $\binom{ n }{ k}$ is a natural number defined as the quotient of the factorial of $n$ and $k ! \times (n - k)!$.

Definition. Let $n$ and $k$ be natural numbers. Then $\binom{ n }{ k}$ is a natural number defined as the quotient of $n !$ and the product of $k !$ and $(n - k)!$.

Definition. Let $n$ and $k$ be elements of $\Natural$. Then the binomial coefficient of $n$ over $k$ is a natural number defined as $\frac{ n !}{k ! \times (n - k)!}$.

Definition. Let $n$ and $k$ be natural numbers. Then the binomial coefficient of $n$ over $k$ is an element of $\Natural$ defined as $\frac{ n !}{k ! \times (n - k)!}$.

Definition. Let $n$ and $k$ be natural numbers. Then the binomial coefficient of $n$ over $k$ is a natural number defined as the quotient of $n !$ and $k ! \times (n - k)!$.

Definition. Let $n$ and $k$ be elements of $\Natural$. Then $\binom{ n }{ k}$ is an element of $\Natural$ defined as the quotient of $n !$ and $k ! \times (n - k)!$.

Definition. Let $n$ and $k$ be elements of $\Natural$. Then $\binom{ n }{ k}$ is a natural number defined as the quotient of the factorial of $n$ and $k ! \times (n - k)!$.

Definition. Let $n$ and $k$ be natural numbers. Then $\binom{ n }{ k}$ is an element of $\Natural$ defined as the quotient of the factorial of $n$ and $k ! \times (n - k)!$.

Definition. Let $n$ be an element of $\Natural$. Let $k$ be a natural number. Then $\binom{ n }{ k}$ is a natural number defined as $\frac{ n !}{k ! \times (n - k)!}$.

Definition. Let $n$ be a natural number. Let $k$ be an element of $\Natural$. Then $\binom{ n }{ k}$ is a natural number defined as $\frac{ n !}{k ! \times (n - k)!}$.

Definition. Let $n$ and $k$ be elements of $\Natural$. Then $\binom{ n }{ k}$ is a natural number defined as the quotient of $n !$ and the product of $k !$ and $(n - k)!$.

Definition. Let $n$ and $k$ be natural numbers. Then $\binom{ n }{ k}$ is an element of $\Natural$ defined as the quotient of $n !$ and the product of $k !$ and $(n - k)!$.

Definition. Let $n$ and $k$ be natural numbers. Then $\binom{ n }{ k}$ is a natural number defined as the quotient of $n !$ and the product of $k !$ and the factorial of $n - k$.

Definition. Let $n$ and $k$ be natural numbers. Then $\binom{ n }{ k}$ is a natural number defined as the quotient of the factorial of $n$ and the product of $k !$ and $(n - k)!$.

Definition. Let $n$ and $k$ be natural numbers. Then $\binom{ n }{ k}$ is a natural number defined as the quotient of $n !$ and the product of the factorial of $k$ and $(n - k)!$.

Definition. Let $n$ and $k$ be elements of $\Natural$. Then the binomial coefficient of $n$ over $k$ is an element of $\Natural$ defined as $\frac{ n !}{k ! \times (n - k)!}$.

Definition. Let $n$ and $k$ be elements of $\Natural$. Then the binomial coefficient of $n$ over $k$ is a natural number defined as the quotient of $n !$ and $k ! \times (n - k)!$.

Definition. Let $n$ and $k$ be natural numbers. Then the binomial coefficient of $n$ over $k$ is an element of $\Natural$ defined as the quotient of $n !$ and $k ! \times (n - k)!$.

Definition. Let $n$ and $k$ be natural numbers. Then the binomial coefficient of $n$ over $k$ is a natural number defined as the quotient of the factorial of $n$ and $k ! \times (n - k)!$.

Definition. Let $n$ and $k$ be elements of $\Natural$. Then $\binom{ n }{ k}$ is an element of $\Natural$ defined as the quotient of the factorial of $n$ and $k ! \times (n - k)!$.

Definition. Let $n$ be an element of $\Natural$. Let $k$ be a natural number. Then $\binom{ n }{ k}$ is an element of $\Natural$ defined as $\frac{ n !}{k ! \times (n - k)!}$.

Definition. Let $n$ be a natural number. Let $k$ be an element of $\Natural$. Then $\binom{ n }{ k}$ is an element of $\Natural$ defined as $\frac{ n !}{k ! \times (n - k)!}$.

Definition. Let $n$ and $k$ be natural numbers. Then the binomial coefficient of $n$ over $k$ is a natural number defined as the quotient of $n !$ and the product of $k !$ and $(n - k)!$.

Definition. Let $n$ be an element of $\Natural$. Let $k$ be a natural number. Then $\binom{ n }{ k}$ is a natural number defined as the quotient of $n !$ and $k ! \times (n - k)!$.

Definition. Let $n$ be a natural number. Let $k$ be an element of $\Natural$. Then $\binom{ n }{ k}$ is a natural number defined as the quotient of $n !$ and $k ! \times (n - k)!$.

Definition. Let $n$ and $k$ be elements of $\Natural$. Then $\binom{ n }{ k}$ is an element of $\Natural$ defined as the quotient of $n !$ and the product of $k !$ and $(n - k)!$.

Definition. Let $n$ and $k$ be elements of $\Natural$. Then $\binom{ n }{ k}$ is a natural number defined as the quotient of $n !$ and the product of $k !$ and the factorial of $n - k$.

Definition. Let $n$ and $k$ be natural numbers. Then $\binom{ n }{ k}$ is an element of $\Natural$ defined as the quotient of $n !$ and the product of $k !$ and the factorial of $n - k$.

Definition. Let $n$ and $k$ be elements of $\Natural$. Then $\binom{ n }{ k}$ is a natural number defined as the quotient of the factorial of $n$ and the product of $k !$ and $(n - k)!$.

Definition. Let $n$ and $k$ be elements of $\Natural$. Then $\binom{ n }{ k}$ is a natural number defined as the quotient of $n !$ and the product of the factorial of $k$ and $(n - k)!$.

Definition. Let $n$ and $k$ be natural numbers. Then $\binom{ n }{ k}$ is an element of $\Natural$ defined as the quotient of the factorial of $n$ and the product of $k !$ and $(n - k)!$.

Definition. Let $n$ and $k$ be natural numbers. Then $\binom{ n }{ k}$ is an element of $\Natural$ defined as the quotient of $n !$ and the product of the factorial of $k$ and $(n - k)!$.

Definition. Let $n$ and $k$ be natural numbers. Then $\binom{ n }{ k}$ is a natural number defined as the quotient of the factorial of $n$ and the product of $k !$ and the factorial of $n - k$.

Definition. Let $n$ and $k$ be natural numbers. Then $\binom{ n }{ k}$ is a natural number defined as the quotient of $n !$ and the product of the factorial of $k$ and the factorial of $n - k$.

Definition. Let $n$ and $k$ be elements of $\Natural$. Then the binomial coefficient of $n$ over $k$ is an element of $\Natural$ defined as the quotient of $n !$ and $k ! \times (n - k)!$.

Definition. Let $n$ and $k$ be natural numbers. Then $\binom{ n }{ k}$ is a natural number defined as the quotient of the factorial of $n$ and the product of the factorial of $k$ and $(n - k)!$.

Definition. Let $n$ and $k$ be elements of $\Natural$. Then the binomial coefficient of $n$ over $k$ is a natural number defined as the quotient of the factorial of $n$ and $k ! \times (n - k)!$.

Definition. Let $n$ and $k$ be natural numbers. Then the binomial coefficient of $n$ over $k$ is an element of $\Natural$ defined as the quotient of the factorial of $n$ and $k ! \times (n - k)!$.

Definition. Let $n$ be an element of $\Natural$. Let $k$ be a natural number. Then the binomial coefficient of $n$ over $k$ is a natural number defined as $\frac{ n !}{k ! \times (n - k)!}$.

Definition. Let $n$ be a natural number. Let $k$ be an element of $\Natural$. Then the binomial coefficient of $n$ over $k$ is a natural number defined as $\frac{ n !}{k ! \times (n - k)!}$.

Definition. Let $n$ and $k$ be elements of $\Natural$. Then the binomial coefficient of $n$ over $k$ is a natural number defined as the quotient of $n !$ and the product of $k !$ and $(n - k)!$.

Definition. Let $n$ and $k$ be natural numbers. Then the binomial coefficient of $n$ over $k$ is an element of $\Natural$ defined as the quotient of $n !$ and the product of $k !$ and $(n - k)!$.

Definition. Let $n$ and $k$ be natural numbers. Then the binomial coefficient of $n$ over $k$ is a natural number defined as the quotient of $n !$ and the product of $k !$ and the factorial of $n - k$.

Definition. Let $n$ be an element of $\Natural$. Let $k$ be a natural number. Then $\binom{ n }{ k}$ is an element of $\Natural$ defined as the quotient of $n !$ and $k ! \times (n - k)!$.

Definition. Let $n$ be a natural number. Let $k$ be an element of $\Natural$. Then $\binom{ n }{ k}$ is an element of $\Natural$ defined as the quotient of $n !$ and $k ! \times (n - k)!$.

Definition. Let $n$ and $k$ be elements of $\Natural$. Then $\binom{ n }{ k}$ is an element of $\Natural$ defined as the quotient of $n !$ and the product of $k !$ and the factorial of $n - k$.

Definition. Let $n$ and $k$ be natural numbers. Then the binomial coefficient of $n$ over $k$ is a natural number defined as the quotient of the factorial of $n$ and the product of $k !$ and $(n - k)!$.

Definition. Let $n$ and $k$ be natural numbers. Then the binomial coefficient of $n$ over $k$ is a natural number defined as the quotient of $n !$ and the product of the factorial of $k$ and $(n - k)!$.

Definition. Let $n$ be an element of $\Natural$. Let $k$ be a natural number. Then $\binom{ n }{ k}$ is a natural number defined as the quotient of the factorial of $n$ and $k ! \times (n - k)!$.

Definition. Let $n$ be a natural number. Let $k$ be an element of $\Natural$. Then $\binom{ n }{ k}$ is a natural number defined as the quotient of the factorial of $n$ and $k ! \times (n - k)!$.

Definition. Let $n$ and $k$ be elements of $\Natural$. Then $\binom{ n }{ k}$ is an element of $\Natural$ defined as the quotient of the factorial of $n$ and the product of $k !$ and $(n - k)!$.

Definition. Let $n$ and $k$ be elements of $\Natural$. Then $\binom{ n }{ k}$ is an element of $\Natural$ defined as the quotient of $n !$ and the product of the factorial of $k$ and $(n - k)!$.

Definition. Let $n$ and $k$ be elements of $\Natural$. Then $\binom{ n }{ k}$ is a natural number defined as the quotient of the factorial of $n$ and the product of $k !$ and the factorial of $n - k$.

Definition. Let $n$ and $k$ be elements of $\Natural$. Then $\binom{ n }{ k}$ is a natural number defined as the quotient of $n !$ and the product of the factorial of $k$ and the factorial of $n - k$.

Definition. Let $n$ and $k$ be natural numbers. Then $\binom{ n }{ k}$ is an element of $\Natural$ defined as the quotient of the factorial of $n$ and the product of $k !$ and the factorial of $n - k$.

Definition. Let $n$ and $k$ be natural numbers. Then $\binom{ n }{ k}$ is an element of $\Natural$ defined as the quotient of $n !$ and the product of the factorial of $k$ and the factorial of $n - k$.

Definition. Let $n$ be an element of $\Natural$. Let $k$ be a natural number. Then $\binom{ n }{ k}$ is a natural number defined as the quotient of $n !$ and the product of $k !$ and $(n - k)!$.

Definition. Let $n$ be a natural number. Let $k$ be an element of $\Natural$. Then $\binom{ n }{ k}$ is a natural number defined as the quotient of $n !$ and the product of $k !$ and $(n - k)!$.

Definition. Let $n$ and $k$ be elements of $\Natural$. Then $\binom{ n }{ k}$ is a natural number defined as the quotient of the factorial of $n$ and the product of the factorial of $k$ and $(n - k)!$.

Definition. Let $n$ and $k$ be natural numbers. Then $\binom{ n }{ k}$ is a natural number defined as the quotient of $n !$ and the product of $k !$ and the factorial of the difference between $n$ and $k$.

Definition. Let $n$ and $k$ be natural numbers. Then $\binom{ n }{ k}$ is an element of $\Natural$ defined as the quotient of the factorial of $n$ and the product of the factorial of $k$ and $(n - k)!$.

Definition. Let $n$ and $k$ be natural numbers. Then $\binom{ n }{ k}$ is a natural number defined as the quotient of the factorial of $n$ and the product of the factorial of $k$ and the factorial of $n - k$.

Definition. Let $n$ and $k$ be elements of $\Natural$. Then the binomial coefficient of $n$ over $k$ is an element of $\Natural$ defined as the quotient of the factorial of $n$ and $k ! \times (n - k)!$.

Definition. Let $n$ be an element of $\Natural$. Let $k$ be a natural number. Then the binomial coefficient of $n$ over $k$ is an element of $\Natural$ defined as $\frac{ n !}{k ! \times (n - k)!}$.

Definition. Let $n$ be a natural number. Let $k$ be an element of $\Natural$. Then the binomial coefficient of $n$ over $k$ is an element of $\Natural$ defined as $\frac{ n !}{k ! \times (n - k)!}$.

Definition. Let $n$ be an element of $\Natural$. Let $k$ be a natural number. Then the binomial coefficient of $n$ over $k$ is a natural number defined as the quotient of $n !$ and $k ! \times (n - k)!$.

Definition. Let $n$ be a natural number. Let $k$ be an element of $\Natural$. Then the binomial coefficient of $n$ over $k$ is a natural number defined as the quotient of $n !$ and $k ! \times (n - k)!$.

Definition. Let $n$ and $k$ be elements of $\Natural$. Then the binomial coefficient of $n$ over $k$ is an element of $\Natural$ defined as the quotient of $n !$ and the product of $k !$ and $(n - k)!$.

Definition. Let $n$ and $k$ be elements of $\Natural$. Then the binomial coefficient of $n$ over $k$ is a natural number defined as the quotient of $n !$ and the product of $k !$ and the factorial of $n - k$.

Definition. Let $n$ and $k$ be natural numbers. Then the binomial coefficient of $n$ over $k$ is an element of $\Natural$ defined as the quotient of $n !$ and the product of $k !$ and the factorial of $n - k$.

Definition. Let $n$ and $k$ be elements of $\Natural$. Then the binomial coefficient of $n$ over $k$ is a natural number defined as the quotient of the factorial of $n$ and the product of $k !$ and $(n - k)!$.

Definition. Let $n$ and $k$ be elements of $\Natural$. Then the binomial coefficient of $n$ over $k$ is a natural number defined as the quotient of $n !$ and the product of the factorial of $k$ and $(n - k)!$.

Definition. Let $n$ and $k$ be natural numbers. Then the binomial coefficient of $n$ over $k$ is an element of $\Natural$ defined as the quotient of the factorial of $n$ and the product of $k !$ and $(n - k)!$.

Definition. Let $n$ and $k$ be natural numbers. Then the binomial coefficient of $n$ over $k$ is an element of $\Natural$ defined as the quotient of $n !$ and the product of the factorial of $k$ and $(n - k)!$.

Definition. Let $n$ and $k$ be natural numbers. Then the binomial coefficient of $n$ over $k$ is a natural number defined as the quotient of the factorial of $n$ and the product of $k !$ and the factorial of $n - k$.

Definition. Let $n$ and $k$ be natural numbers. Then the binomial coefficient of $n$ over $k$ is a natural number defined as the quotient of $n !$ and the product of the factorial of $k$ and the factorial of $n - k$.

Definition. Let $n$ be an element of $\Natural$. Let $k$ be a natural number. Then $\binom{ n }{ k}$ is an element of $\Natural$ defined as the quotient of the factorial of $n$ and $k ! \times (n - k)!$.

Definition. Let $n$ be a natural number. Let $k$ be an element of $\Natural$. Then $\binom{ n }{ k}$ is an element of $\Natural$ defined as the quotient of the factorial of $n$ and $k ! \times (n - k)!$.

Definition. Let $n$ and $k$ be elements of $\Natural$. Then $\binom{ n }{ k}$ is an element of $\Natural$ defined as the quotient of the factorial of $n$ and the product of $k !$ and the factorial of $n - k$.

Definition. Let $n$ and $k$ be elements of $\Natural$. Then $\binom{ n }{ k}$ is an element of $\Natural$ defined as the quotient of $n !$ and the product of the factorial of $k$ and the factorial of $n - k$.

Definition. Let $n$ and $k$ be elements of $\Natural$. Then $\binom{ n }{ k}$ is a natural number defined as the quotient of $n !$ and the product of $k !$ and the factorial of the difference between $n$ and $k$.

Definition. Let $n$ and $k$ be natural numbers. Then the binomial coefficient of $n$ over $k$ is a natural number defined as the quotient of the factorial of $n$ and the product of the factorial of $k$ and $(n - k)!$.

Definition. Let $n$ be an element of $\Natural$. Let $k$ be a natural number. Then $\binom{ n }{ k}$ is an element of $\Natural$ defined as the quotient of $n !$ and the product of $k !$ and $(n - k)!$.

Definition. Let $n$ be an element of $\Natural$. Let $k$ be a natural number. Then $\binom{ n }{ k}$ is a natural number defined as the quotient of $n !$ and the product of $k !$ and the factorial of $n - k$.

Definition. Let $n$ be a natural number. Let $k$ be an element of $\Natural$. Then $\binom{ n }{ k}$ is an element of $\Natural$ defined as the quotient of $n !$ and the product of $k !$ and $(n - k)!$.

Definition. Let $n$ be a natural number. Let $k$ be an element of $\Natural$. Then $\binom{ n }{ k}$ is a natural number defined as the quotient of $n !$ and the product of $k !$ and the factorial of $n - k$.

Definition. Let $n$ and $k$ be elements of $\Natural$. Then $\binom{ n }{ k}$ is an element of $\Natural$ defined as the quotient of the factorial of $n$ and the product of the factorial of $k$ and $(n - k)!$.

Definition. Let $n$ and $k$ be elements of $\Natural$. Then $\binom{ n }{ k}$ is a natural number defined as the quotient of the factorial of $n$ and the product of the factorial of $k$ and the factorial of $n - k$.

Definition. Let $n$ and $k$ be natural numbers. Then $\binom{ n }{ k}$ is an element of $\Natural$ defined as the quotient of $n !$ and the product of $k !$ and the factorial of the difference between $n$ and $k$.

Definition. Let $n$ and $k$ be natural numbers. Then $\binom{ n }{ k}$ is an element of $\Natural$ defined as the quotient of the factorial of $n$ and the product of the factorial of $k$ and the factorial of $n - k$.

Definition. Let $n$ be an element of $\Natural$. Let $k$ be a natural number. Then $\binom{ n }{ k}$ is a natural number defined as the quotient of the factorial of $n$ and the product of $k !$ and $(n - k)!$.

Definition. Let $n$ be an element of $\Natural$. Let $k$ be a natural number. Then $\binom{ n }{ k}$ is a natural number defined as the quotient of $n !$ and the product of the factorial of $k$ and $(n - k)!$.

Definition. Let $n$ be a natural number. Let $k$ be an element of $\Natural$. Then $\binom{ n }{ k}$ is a natural number defined as the quotient of the factorial of $n$ and the product of $k !$ and $(n - k)!$.

Definition. Let $n$ be a natural number. Let $k$ be an element of $\Natural$. Then $\binom{ n }{ k}$ is a natural number defined as the quotient of $n !$ and the product of the factorial of $k$ and $(n - k)!$.

Definition. Let $n$ and $k$ be natural numbers. Then $\binom{ n }{ k}$ is a natural number defined as the quotient of the factorial of $n$ and the product of $k !$ and the factorial of the difference between $n$ and $k$.

Definition. Let $n$ and $k$ be natural numbers. Then $\binom{ n }{ k}$ is a natural number defined as the quotient of $n !$ and the product of the factorial of $k$ and the factorial of the difference between $n$ and $k$.

Definition. Let $n$ be an element of $\Natural$. Let $k$ be a natural number. Then the binomial coefficient of $n$ over $k$ is an element of $\Natural$ defined as the quotient of $n !$ and $k ! \times (n - k)!$.

Definition. Let $n$ be a natural number. Let $k$ be an element of $\Natural$. Then the binomial coefficient of $n$ over $k$ is an element of $\Natural$ defined as the quotient of $n !$ and $k ! \times (n - k)!$.

Definition. Let $n$ and $k$ be elements of $\Natural$. Then the binomial coefficient of $n$ over $k$ is an element of $\Natural$ defined as the quotient of $n !$ and the product of $k !$ and the factorial of $n - k$.

Definition. Let $n$ be an element of $\Natural$. Let $k$ be a natural number. Then the binomial coefficient of $n$ over $k$ is a natural number defined as the quotient of the factorial of $n$ and $k ! \times (n - k)!$.

Definition. Let $n$ be a natural number. Let $k$ be an element of $\Natural$. Then the binomial coefficient of $n$ over $k$ is a natural number defined as the quotient of the factorial of $n$ and $k ! \times (n - k)!$.

Definition. Let $n$ and $k$ be elements of $\Natural$. Then the binomial coefficient of $n$ over $k$ is an element of $\Natural$ defined as the quotient of the factorial of $n$ and the product of $k !$ and $(n - k)!$.

Definition. Let $n$ and $k$ be elements of $\Natural$. Then the binomial coefficient of $n$ over $k$ is an element of $\Natural$ defined as the quotient of $n !$ and the product of the factorial of $k$ and $(n - k)!$.

Definition. Let $n$ and $k$ be elements of $\Natural$. Then the binomial coefficient of $n$ over $k$ is a natural number defined as the quotient of the factorial of $n$ and the product of $k !$ and the factorial of $n - k$.

Definition. Let $n$ and $k$ be elements of $\Natural$. Then the binomial coefficient of $n$ over $k$ is a natural number defined as the quotient of $n !$ and the product of the factorial of $k$ and the factorial of $n - k$.

Definition. Let $n$ and $k$ be natural numbers. Then the binomial coefficient of $n$ over $k$ is an element of $\Natural$ defined as the quotient of the factorial of $n$ and the product of $k !$ and the factorial of $n - k$.

Definition. Let $n$ and $k$ be natural numbers. Then the binomial coefficient of $n$ over $k$ is an element of $\Natural$ defined as the quotient of $n !$ and the product of the factorial of $k$ and the factorial of $n - k$.

Definition. Let $n$ be an element of $\Natural$. Let $k$ be a natural number. Then the binomial coefficient of $n$ over $k$ is a natural number defined as the quotient of $n !$ and the product of $k !$ and $(n - k)!$.

Definition. Let $n$ be a natural number. Let $k$ be an element of $\Natural$. Then the binomial coefficient of $n$ over $k$ is a natural number defined as the quotient of $n !$ and the product of $k !$ and $(n - k)!$.

Definition. Let $n$ and $k$ be elements of $\Natural$. Then the binomial coefficient of $n$ over $k$ is a natural number defined as the quotient of the factorial of $n$ and the product of the factorial of $k$ and $(n - k)!$.

Definition. Let $n$ and $k$ be natural numbers. Then the binomial coefficient of $n$ over $k$ is a natural number defined as the quotient of $n !$ and the product of $k !$ and the factorial of the difference between $n$ and $k$.

Definition. Let $n$ and $k$ be elements of $\Natural$. Then $\binom{ n }{ k}$ is an element of $\Natural$ defined as the quotient of $n !$ and the product of $k !$ and the factorial of the difference between $n$ and $k$.

Definition. Let $n$ and $k$ be natural numbers. Then the binomial coefficient of $n$ over $k$ is an element of $\Natural$ defined as the quotient of the factorial of $n$ and the product of the factorial of $k$ and $(n - k)!$.

Definition. Let $n$ and $k$ be natural numbers. Then the binomial coefficient of $n$ over $k$ is a natural number defined as the quotient of the factorial of $n$ and the product of the factorial of $k$ and the factorial of $n - k$.

Definition. Let $n$ be an element of $\Natural$. Let $k$ be a natural number. Then $\binom{ n }{ k}$ is an element of $\Natural$ defined as the quotient of $n !$ and the product of $k !$ and the factorial of $n - k$.

Definition. Let $n$ be a natural number. Let $k$ be an element of $\Natural$. Then $\binom{ n }{ k}$ is an element of $\Natural$ defined as the quotient of $n !$ and the product of $k !$ and the factorial of $n - k$.

Definition. Let $n$ and $k$ be elements of $\Natural$. Then $\binom{ n }{ k}$ is an element of $\Natural$ defined as the quotient of the factorial of $n$ and the product of the factorial of $k$ and the factorial of $n - k$.

Definition. Let $n$ and $k$ be elements of $\Natural$. Then $\binom{ n }{ k}$ is a natural number defined as the quotient of the factorial of $n$ and the product of $k !$ and the factorial of the difference between $n$ and $k$.

Definition. Let $n$ and $k$ be elements of $\Natural$. Then $\binom{ n }{ k}$ is a natural number defined as the quotient of $n !$ and the product of the factorial of $k$ and the factorial of the difference between $n$ and $k$.

Definition. Let $n$ be an element of $\Natural$. Let $k$ be a natural number. Then $\binom{ n }{ k}$ is an element of $\Natural$ defined as the quotient of the factorial of $n$ and the product of $k !$ and $(n - k)!$.

Definition. Let $n$ be an element of $\Natural$. Let $k$ be a natural number. Then $\binom{ n }{ k}$ is an element of $\Natural$ defined as the quotient of $n !$ and the product of the factorial of $k$ and $(n - k)!$.

Definition. Let $n$ be an element of $\Natural$. Let $k$ be a natural number. Then $\binom{ n }{ k}$ is a natural number defined as the quotient of the factorial of $n$ and the product of $k !$ and the factorial of $n - k$.

Definition. Let $n$ be an element of $\Natural$. Let $k$ be a natural number. Then $\binom{ n }{ k}$ is a natural number defined as the quotient of $n !$ and the product of the factorial of $k$ and the factorial of $n - k$.

Definition. Let $n$ be a natural number. Let $k$ be an element of $\Natural$. Then $\binom{ n }{ k}$ is an element of $\Natural$ defined as the quotient of the factorial of $n$ and the product of $k !$ and $(n - k)!$.

Definition. Let $n$ be a natural number. Let $k$ be an element of $\Natural$. Then $\binom{ n }{ k}$ is an element of $\Natural$ defined as the quotient of $n !$ and the product of the factorial of $k$ and $(n - k)!$.

Definition. Let $n$ be a natural number. Let $k$ be an element of $\Natural$. Then $\binom{ n }{ k}$ is a natural number defined as the quotient of the factorial of $n$ and the product of $k !$ and the factorial of $n - k$.

Definition. Let $n$ be a natural number. Let $k$ be an element of $\Natural$. Then $\binom{ n }{ k}$ is a natural number defined as the quotient of $n !$ and the product of the factorial of $k$ and the factorial of $n - k$.

Definition. Let $n$ and $k$ be natural numbers. Then $\binom{ n }{ k}$ is an element of $\Natural$ defined as the quotient of the factorial of $n$ and the product of $k !$ and the factorial of the difference between $n$ and $k$.

Definition. Let $n$ and $k$ be natural numbers. Then $\binom{ n }{ k}$ is an element of $\Natural$ defined as the quotient of $n !$ and the product of the factorial of $k$ and the factorial of the difference between $n$ and $k$.

Definition. Let $n$ be an element of $\Natural$. Let $k$ be a natural number. Then $\binom{ n }{ k}$ is a natural number defined as the quotient of the factorial of $n$ and the product of the factorial of $k$ and $(n - k)!$.

Definition. Let $n$ be a natural number. Let $k$ be an element of $\Natural$. Then $\binom{ n }{ k}$ is a natural number defined as the quotient of the factorial of $n$ and the product of the factorial of $k$ and $(n - k)!$.

Definition. Let $n$ and $k$ be natural numbers. Then $\binom{ n }{ k}$ is a natural number defined as the quotient of the factorial of $n$ and the product of the factorial of $k$ and the factorial of the difference between $n$ and $k$.

Definition. Let $n$ be an element of $\Natural$. Let $k$ be a natural number. Then the binomial coefficient of $n$ over $k$ is an element of $\Natural$ defined as the quotient of the factorial of $n$ and $k ! \times (n - k)!$.

Definition. Let $n$ be a natural number. Let $k$ be an element of $\Natural$. Then the binomial coefficient of $n$ over $k$ is an element of $\Natural$ defined as the quotient of the factorial of $n$ and $k ! \times (n - k)!$.

Definition. Let $n$ and $k$ be elements of $\Natural$. Then the binomial coefficient of $n$ over $k$ is an element of $\Natural$ defined as the quotient of the factorial of $n$ and the product of $k !$ and the factorial of $n - k$.

Definition. Let $n$ and $k$ be elements of $\Natural$. Then the binomial coefficient of $n$ over $k$ is an element of $\Natural$ defined as the quotient of $n !$ and the product of the factorial of $k$ and the factorial of $n - k$.

Definition. Let $n$ and $k$ be elements of $\Natural$. Then the binomial coefficient of $n$ over $k$ is a natural number defined as the quotient of $n !$ and the product of $k !$ and the factorial of the difference between $n$ and $k$.

Definition. Let $n$ be an element of $\Natural$. Let $k$ be a natural number. Then the binomial coefficient of $n$ over $k$ is an element of $\Natural$ defined as the quotient of $n !$ and the product of $k !$ and $(n - k)!$.

Definition. Let $n$ be an element of $\Natural$. Let $k$ be a natural number. Then the binomial coefficient of $n$ over $k$ is a natural number defined as the quotient of $n !$ and the product of $k !$ and the factorial of $n - k$.

Definition. Let $n$ be a natural number. Let $k$ be an element of $\Natural$. Then the binomial coefficient of $n$ over $k$ is an element of $\Natural$ defined as the quotient of $n !$ and the product of $k !$ and $(n - k)!$.

Definition. Let $n$ be a natural number. Let $k$ be an element of $\Natural$. Then the binomial coefficient of $n$ over $k$ is a natural number defined as the quotient of $n !$ and the product of $k !$ and the factorial of $n - k$.

Definition. Let $n$ and $k$ be elements of $\Natural$. Then the binomial coefficient of $n$ over $k$ is an element of $\Natural$ defined as the quotient of the factorial of $n$ and the product of the factorial of $k$ and $(n - k)!$.

Definition. Let $n$ and $k$ be elements of $\Natural$. Then the binomial coefficient of $n$ over $k$ is a natural number defined as the quotient of the factorial of $n$ and the product of the factorial of $k$ and the factorial of $n - k$.

Definition. Let $n$ and $k$ be natural numbers. Then the binomial coefficient of $n$ over $k$ is an element of $\Natural$ defined as the quotient of $n !$ and the product of $k !$ and the factorial of the difference between $n$ and $k$.

Definition. Let $n$ and $k$ be natural numbers. Then the binomial coefficient of $n$ over $k$ is an element of $\Natural$ defined as the quotient of the factorial of $n$ and the product of the factorial of $k$ and the factorial of $n - k$.

Definition. Let $n$ be an element of $\Natural$. Let $k$ be a natural number. Then the binomial coefficient of $n$ over $k$ is a natural number defined as the quotient of the factorial of $n$ and the product of $k !$ and $(n - k)!$.

Definition. Let $n$ be an element of $\Natural$. Let $k$ be a natural number. Then the binomial coefficient of $n$ over $k$ is a natural number defined as the quotient of $n !$ and the product of the factorial of $k$ and $(n - k)!$.

Definition. Let $n$ be a natural number. Let $k$ be an element of $\Natural$. Then the binomial coefficient of $n$ over $k$ is a natural number defined as the quotient of the factorial of $n$ and the product of $k !$ and $(n - k)!$.

Definition. Let $n$ be a natural number. Let $k$ be an element of $\Natural$. Then the binomial coefficient of $n$ over $k$ is a natural number defined as the quotient of $n !$ and the product of the factorial of $k$ and $(n - k)!$.

Definition. Let $n$ and $k$ be natural numbers. Then the binomial coefficient of $n$ over $k$ is a natural number defined as the quotient of the factorial of $n$ and the product of $k !$ and the factorial of the difference between $n$ and $k$.

Definition. Let $n$ and $k$ be natural numbers. Then the binomial coefficient of $n$ over $k$ is a natural number defined as the quotient of $n !$ and the product of the factorial of $k$ and the factorial of the difference between $n$ and $k$.

Definition. Let $n$ and $k$ be elements of $\Natural$. Then $\binom{ n }{ k}$ is an element of $\Natural$ defined as the quotient of the factorial of $n$ and the product of $k !$ and the factorial of the difference between $n$ and $k$.

Definition. Let $n$ and $k$ be elements of $\Natural$. Then $\binom{ n }{ k}$ is an element of $\Natural$ defined as the quotient of $n !$ and the product of the factorial of $k$ and the factorial of the difference between $n$ and $k$.

Definition. Let $n$ be an element of $\Natural$. Let $k$ be a natural number. Then $\binom{ n }{ k}$ is an element of $\Natural$ defined as the quotient of the factorial of $n$ and the product of $k !$ and the factorial of $n - k$.

Definition. Let $n$ be an element of $\Natural$. Let $k$ be a natural number. Then $\binom{ n }{ k}$ is an element of $\Natural$ defined as the quotient of $n !$ and the product of the factorial of $k$ and the factorial of $n - k$.

Definition. Let $n$ be a natural number. Let $k$ be an element of $\Natural$. Then $\binom{ n }{ k}$ is an element of $\Natural$ defined as the quotient of the factorial of $n$ and the product of $k !$ and the factorial of $n - k$.

Definition. Let $n$ be a natural number. Let $k$ be an element of $\Natural$. Then $\binom{ n }{ k}$ is an element of $\Natural$ defined as the quotient of $n !$ and the product of the factorial of $k$ and the factorial of $n - k$.

Definition. Let $n$ be an element of $\Natural$. Let $k$ be a natural number. Then $\binom{ n }{ k}$ is a natural number defined as the quotient of $n !$ and the product of $k !$ and the factorial of the difference between $n$ and $k$.

Definition. Let $n$ be a natural number. Let $k$ be an element of $\Natural$. Then $\binom{ n }{ k}$ is a natural number defined as the quotient of $n !$ and the product of $k !$ and the factorial of the difference between $n$ and $k$.

Definition. Let $n$ and $k$ be elements of $\Natural$. Then $\binom{ n }{ k}$ is a natural number defined as the quotient of the factorial of $n$ and the product of the factorial of $k$ and the factorial of the difference between $n$ and $k$.

Definition. Let $n$ be an element of $\Natural$. Let $k$ be a natural number. Then $\binom{ n }{ k}$ is an element of $\Natural$ defined as the quotient of the factorial of $n$ and the product of the factorial of $k$ and $(n - k)!$.

Definition. Let $n$ be an element of $\Natural$. Let $k$ be a natural number. Then $\binom{ n }{ k}$ is a natural number defined as the quotient of the factorial of $n$ and the product of the factorial of $k$ and the factorial of $n - k$.

Definition. Let $n$ be a natural number. Let $k$ be an element of $\Natural$. Then $\binom{ n }{ k}$ is an element of $\Natural$ defined as the quotient of the factorial of $n$ and the product of the factorial of $k$ and $(n - k)!$.

Definition. Let $n$ be a natural number. Let $k$ be an element of $\Natural$. Then $\binom{ n }{ k}$ is a natural number defined as the quotient of the factorial of $n$ and the product of the factorial of $k$ and the factorial of $n - k$.

Definition. Let $n$ and $k$ be natural numbers. Then $\binom{ n }{ k}$ is an element of $\Natural$ defined as the quotient of the factorial of $n$ and the product of the factorial of $k$ and the factorial of the difference between $n$ and $k$.

Definition. Let $n$ and $k$ be elements of $\Natural$. Then the binomial coefficient of $n$ over $k$ is an element of $\Natural$ defined as the quotient of $n !$ and the product of $k !$ and the factorial of the difference between $n$ and $k$.

Definition. Let $n$ be an element of $\Natural$. Let $k$ be a natural number. Then the binomial coefficient of $n$ over $k$ is an element of $\Natural$ defined as the quotient of $n !$ and the product of $k !$ and the factorial of $n - k$.

Definition. Let $n$ be a natural number. Let $k$ be an element of $\Natural$. Then the binomial coefficient of $n$ over $k$ is an element of $\Natural$ defined as the quotient of $n !$ and the product of $k !$ and the factorial of $n - k$.

Definition. Let $n$ and $k$ be elements of $\Natural$. Then the binomial coefficient of $n$ over $k$ is an element of $\Natural$ defined as the quotient of the factorial of $n$ and the product of the factorial of $k$ and the factorial of $n - k$.

Definition. Let $n$ and $k$ be elements of $\Natural$. Then the binomial coefficient of $n$ over $k$ is a natural number defined as the quotient of the factorial of $n$ and the product of $k !$ and the factorial of the difference between $n$ and $k$.

Definition. Let $n$ and $k$ be elements of $\Natural$. Then the binomial coefficient of $n$ over $k$ is a natural number defined as the quotient of $n !$ and the product of the factorial of $k$ and the factorial of the difference between $n$ and $k$.

Definition. Let $n$ be an element of $\Natural$. Let $k$ be a natural number. Then the binomial coefficient of $n$ over $k$ is an element of $\Natural$ defined as the quotient of the factorial of $n$ and the product of $k !$ and $(n - k)!$.

Definition. Let $n$ be an element of $\Natural$. Let $k$ be a natural number. Then the binomial coefficient of $n$ over $k$ is an element of $\Natural$ defined as the quotient of $n !$ and the product of the factorial of $k$ and $(n - k)!$.

Definition. Let $n$ be an element of $\Natural$. Let $k$ be a natural number. Then the binomial coefficient of $n$ over $k$ is a natural number defined as the quotient of the factorial of $n$ and the product of $k !$ and the factorial of $n - k$.

Definition. Let $n$ be an element of $\Natural$. Let $k$ be a natural number. Then the binomial coefficient of $n$ over $k$ is a natural number defined as the quotient of $n !$ and the product of the factorial of $k$ and the factorial of $n - k$.

Definition. Let $n$ be a natural number. Let $k$ be an element of $\Natural$. Then the binomial coefficient of $n$ over $k$ is an element of $\Natural$ defined as the quotient of the factorial of $n$ and the product of $k !$ and $(n - k)!$.

Definition. Let $n$ be a natural number. Let $k$ be an element of $\Natural$. Then the binomial coefficient of $n$ over $k$ is an element of $\Natural$ defined as the quotient of $n !$ and the product of the factorial of $k$ and $(n - k)!$.

Definition. Let $n$ be a natural number. Let $k$ be an element of $\Natural$. Then the binomial coefficient of $n$ over $k$ is a natural number defined as the quotient of the factorial of $n$ and the product of $k !$ and the factorial of $n - k$.

Definition. Let $n$ be a natural number. Let $k$ be an element of $\Natural$. Then the binomial coefficient of $n$ over $k$ is a natural number defined as the quotient of $n !$ and the product of the factorial of $k$ and the factorial of $n - k$.

Definition. Let $n$ and $k$ be natural numbers. Then the binomial coefficient of $n$ over $k$ is an element of $\Natural$ defined as the quotient of the factorial of $n$ and the product of $k !$ and the factorial of the difference between $n$ and $k$.

Definition. Let $n$ and $k$ be natural numbers. Then the binomial coefficient of $n$ over $k$ is an element of $\Natural$ defined as the quotient of $n !$ and the product of the factorial of $k$ and the factorial of the difference between $n$ and $k$.

Definition. Let $n$ be an element of $\Natural$. Let $k$ be a natural number. Then the binomial coefficient of $n$ over $k$ is a natural number defined as the quotient of the factorial of $n$ and the product of the factorial of $k$ and $(n - k)!$.

Definition. Let $n$ be a natural number. Let $k$ be an element of $\Natural$. Then the binomial coefficient of $n$ over $k$ is a natural number defined as the quotient of the factorial of $n$ and the product of the factorial of $k$ and $(n - k)!$.

Definition. Let $n$ and $k$ be natural numbers. Then the binomial coefficient of $n$ over $k$ is a natural number defined as the quotient of the factorial of $n$ and the product of the factorial of $k$ and the factorial of the difference between $n$ and $k$.

Definition. Let $n$ be an element of $\Natural$. Let $k$ be a natural number. Then $\binom{ n }{ k}$ is an element of $\Natural$ defined as the quotient of $n !$ and the product of $k !$ and the factorial of the difference between $n$ and $k$.

Definition. Let $n$ be a natural number. Let $k$ be an element of $\Natural$. Then $\binom{ n }{ k}$ is an element of $\Natural$ defined as the quotient of $n !$ and the product of $k !$ and the factorial of the difference between $n$ and $k$.

Definition. Let $n$ and $k$ be elements of $\Natural$. Then $\binom{ n }{ k}$ is an element of $\Natural$ defined as the quotient of the factorial of $n$ and the product of the factorial of $k$ and the factorial of the difference between $n$ and $k$.

Definition. Let $n$ be an element of $\Natural$. Let $k$ be a natural number. Then $\binom{ n }{ k}$ is an element of $\Natural$ defined as the quotient of the factorial of $n$ and the product of the factorial of $k$ and the factorial of $n - k$.

Definition. Let $n$ be a natural number. Let $k$ be an element of $\Natural$. Then $\binom{ n }{ k}$ is an element of $\Natural$ defined as the quotient of the factorial of $n$ and the product of the factorial of $k$ and the factorial of $n - k$.

Definition. Let $n$ be an element of $\Natural$. Let $k$ be a natural number. Then $\binom{ n }{ k}$ is a natural number defined as the quotient of the factorial of $n$ and the product of $k !$ and the factorial of the difference between $n$ and $k$.

Definition. Let $n$ be an element of $\Natural$. Let $k$ be a natural number. Then $\binom{ n }{ k}$ is a natural number defined as the quotient of $n !$ and the product of the factorial of $k$ and the factorial of the difference between $n$ and $k$.

Definition. Let $n$ be a natural number. Let $k$ be an element of $\Natural$. Then $\binom{ n }{ k}$ is a natural number defined as the quotient of the factorial of $n$ and the product of $k !$ and the factorial of the difference between $n$ and $k$.

Definition. Let $n$ be a natural number. Let $k$ be an element of $\Natural$. Then $\binom{ n }{ k}$ is a natural number defined as the quotient of $n !$ and the product of the factorial of $k$ and the factorial of the difference between $n$ and $k$.

Definition. Let $n$ and $k$ be elements of $\Natural$. Then the binomial coefficient of $n$ over $k$ is an element of $\Natural$ defined as the quotient of the factorial of $n$ and the product of $k !$ and the factorial of the difference between $n$ and $k$.

Definition. Let $n$ and $k$ be elements of $\Natural$. Then the binomial coefficient of $n$ over $k$ is an element of $\Natural$ defined as the quotient of $n !$ and the product of the factorial of $k$ and the factorial of the difference between $n$ and $k$.

Definition. Let $n$ be an element of $\Natural$. Let $k$ be a natural number. Then the binomial coefficient of $n$ over $k$ is an element of $\Natural$ defined as the quotient of the factorial of $n$ and the product of $k !$ and the factorial of $n - k$.

Definition. Let $n$ be an element of $\Natural$. Let $k$ be a natural number. Then the binomial coefficient of $n$ over $k$ is an element of $\Natural$ defined as the quotient of $n !$ and the product of the factorial of $k$ and the factorial of $n - k$.

Definition. Let $n$ be a natural number. Let $k$ be an element of $\Natural$. Then the binomial coefficient of $n$ over $k$ is an element of $\Natural$ defined as the quotient of the factorial of $n$ and the product of $k !$ and the factorial of $n - k$.

Definition. Let $n$ be a natural number. Let $k$ be an element of $\Natural$. Then the binomial coefficient of $n$ over $k$ is an element of $\Natural$ defined as the quotient of $n !$ and the product of the factorial of $k$ and the factorial of $n - k$.

Definition. Let $n$ be an element of $\Natural$. Let $k$ be a natural number. Then the binomial coefficient of $n$ over $k$ is a natural number defined as the quotient of $n !$ and the product of $k !$ and the factorial of the difference between $n$ and $k$.

Definition. Let $n$ be a natural number. Let $k$ be an element of $\Natural$. Then the binomial coefficient of $n$ over $k$ is a natural number defined as the quotient of $n !$ and the product of $k !$ and the factorial of the difference between $n$ and $k$.

Definition. Let $n$ and $k$ be elements of $\Natural$. Then the binomial coefficient of $n$ over $k$ is a natural number defined as the quotient of the factorial of $n$ and the product of the factorial of $k$ and the factorial of the difference between $n$ and $k$.

Definition. Let $n$ be an element of $\Natural$. Let $k$ be a natural number. Then the binomial coefficient of $n$ over $k$ is an element of $\Natural$ defined as the quotient of the factorial of $n$ and the product of the factorial of $k$ and $(n - k)!$.

Definition. Let $n$ be an element of $\Natural$. Let $k$ be a natural number. Then the binomial coefficient of $n$ over $k$ is a natural number defined as the quotient of the factorial of $n$ and the product of the factorial of $k$ and the factorial of $n - k$.

Definition. Let $n$ be a natural number. Let $k$ be an element of $\Natural$. Then the binomial coefficient of $n$ over $k$ is an element of $\Natural$ defined as the quotient of the factorial of $n$ and the product of the factorial of $k$ and $(n - k)!$.

Definition. Let $n$ be a natural number. Let $k$ be an element of $\Natural$. Then the binomial coefficient of $n$ over $k$ is a natural number defined as the quotient of the factorial of $n$ and the product of the factorial of $k$ and the factorial of $n - k$.

Definition. Let $n$ and $k$ be natural numbers. Then the binomial coefficient of $n$ over $k$ is an element of $\Natural$ defined as the quotient of the factorial of $n$ and the product of the factorial of $k$ and the factorial of the difference between $n$ and $k$.

Definition. Let $n$ be an element of $\Natural$. Let $k$ be a natural number. Then $\binom{ n }{ k}$ is an element of $\Natural$ defined as the quotient of the factorial of $n$ and the product of $k !$ and the factorial of the difference between $n$ and $k$.

Definition. Let $n$ be an element of $\Natural$. Let $k$ be a natural number. Then $\binom{ n }{ k}$ is an element of $\Natural$ defined as the quotient of $n !$ and the product of the factorial of $k$ and the factorial of the difference between $n$ and $k$.

Definition. Let $n$ be a natural number. Let $k$ be an element of $\Natural$. Then $\binom{ n }{ k}$ is an element of $\Natural$ defined as the quotient of the factorial of $n$ and the product of $k !$ and the factorial of the difference between $n$ and $k$.

Definition. Let $n$ be a natural number. Let $k$ be an element of $\Natural$. Then $\binom{ n }{ k}$ is an element of $\Natural$ defined as the quotient of $n !$ and the product of the factorial of $k$ and the factorial of the difference between $n$ and $k$.

Definition. Let $n$ be an element of $\Natural$. Let $k$ be a natural number. Then $\binom{ n }{ k}$ is a natural number defined as the quotient of the factorial of $n$ and the product of the factorial of $k$ and the factorial of the difference between $n$ and $k$.

Definition. Let $n$ be a natural number. Let $k$ be an element of $\Natural$. Then $\binom{ n }{ k}$ is a natural number defined as the quotient of the factorial of $n$ and the product of the factorial of $k$ and the factorial of the difference between $n$ and $k$.

Definition. Let $n$ be an element of $\Natural$. Let $k$ be a natural number. Then the binomial coefficient of $n$ over $k$ is an element of $\Natural$ defined as the quotient of $n !$ and the product of $k !$ and the factorial of the difference between $n$ and $k$.

Definition. Let $n$ be a natural number. Let $k$ be an element of $\Natural$. Then the binomial coefficient of $n$ over $k$ is an element of $\Natural$ defined as the quotient of $n !$ and the product of $k !$ and the factorial of the difference between $n$ and $k$.

Definition. Let $n$ and $k$ be elements of $\Natural$. Then the binomial coefficient of $n$ over $k$ is an element of $\Natural$ defined as the quotient of the factorial of $n$ and the product of the factorial of $k$ and the factorial of the difference between $n$ and $k$.

Definition. Let $n$ be an element of $\Natural$. Let $k$ be a natural number. Then the binomial coefficient of $n$ over $k$ is an element of $\Natural$ defined as the quotient of the factorial of $n$ and the product of the factorial of $k$ and the factorial of $n - k$.

Definition. Let $n$ be a natural number. Let $k$ be an element of $\Natural$. Then the binomial coefficient of $n$ over $k$ is an element of $\Natural$ defined as the quotient of the factorial of $n$ and the product of the factorial of $k$ and the factorial of $n - k$.

Definition. Let $n$ be an element of $\Natural$. Let $k$ be a natural number. Then the binomial coefficient of $n$ over $k$ is a natural number defined as the quotient of the factorial of $n$ and the product of $k !$ and the factorial of the difference between $n$ and $k$.

Definition. Let $n$ be an element of $\Natural$. Let $k$ be a natural number. Then the binomial coefficient of $n$ over $k$ is a natural number defined as the quotient of $n !$ and the product of the factorial of $k$ and the factorial of the difference between $n$ and $k$.

Definition. Let $n$ be a natural number. Let $k$ be an element of $\Natural$. Then the binomial coefficient of $n$ over $k$ is a natural number defined as the quotient of the factorial of $n$ and the product of $k !$ and the factorial of the difference between $n$ and $k$.

Definition. Let $n$ be a natural number. Let $k$ be an element of $\Natural$. Then the binomial coefficient of $n$ over $k$ is a natural number defined as the quotient of $n !$ and the product of the factorial of $k$ and the factorial of the difference between $n$ and $k$.

Definition. Let $n$ be an element of $\Natural$. Let $k$ be a natural number. Then $\binom{ n }{ k}$ is an element of $\Natural$ defined as the quotient of the factorial of $n$ and the product of the factorial of $k$ and the factorial of the difference between $n$ and $k$.

Definition. Let $n$ be a natural number. Let $k$ be an element of $\Natural$. Then $\binom{ n }{ k}$ is an element of $\Natural$ defined as the quotient of the factorial of $n$ and the product of the factorial of $k$ and the factorial of the difference between $n$ and $k$.

Definition. Let $n$ be an element of $\Natural$. Let $k$ be a natural number. Then the binomial coefficient of $n$ over $k$ is an element of $\Natural$ defined as the quotient of the factorial of $n$ and the product of $k !$ and the factorial of the difference between $n$ and $k$.

Definition. Let $n$ be an element of $\Natural$. Let $k$ be a natural number. Then the binomial coefficient of $n$ over $k$ is an element of $\Natural$ defined as the quotient of $n !$ and the product of the factorial of $k$ and the factorial of the difference between $n$ and $k$.

Definition. Let $n$ be a natural number. Let $k$ be an element of $\Natural$. Then the binomial coefficient of $n$ over $k$ is an element of $\Natural$ defined as the quotient of the factorial of $n$ and the product of $k !$ and the factorial of the difference between $n$ and $k$.

Definition. Let $n$ be a natural number. Let $k$ be an element of $\Natural$. Then the binomial coefficient of $n$ over $k$ is an element of $\Natural$ defined as the quotient of $n !$ and the product of the factorial of $k$ and the factorial of the difference between $n$ and $k$.

Definition. Let $n$ be an element of $\Natural$. Let $k$ be a natural number. Then the binomial coefficient of $n$ over $k$ is a natural number defined as the quotient of the factorial of $n$ and the product of the factorial of $k$ and the factorial of the difference between $n$ and $k$.

Definition. Let $n$ be a natural number. Let $k$ be an element of $\Natural$. Then the binomial coefficient of $n$ over $k$ is a natural number defined as the quotient of the factorial of $n$ and the product of the factorial of $k$ and the factorial of the difference between $n$ and $k$.

Definition. Let $n$ be an element of $\Natural$. Let $k$ be a natural number. Then the binomial coefficient of $n$ over $k$ is an element of $\Natural$ defined as the quotient of the factorial of $n$ and the product of the factorial of $k$ and the factorial of the difference between $n$ and $k$.

Definition. Let $n$ be a natural number. Let $k$ be an element of $\Natural$. Then the binomial coefficient of $n$ over $k$ is an element of $\Natural$ defined as the quotient of the factorial of $n$ and the product of the factorial of $k$ and the factorial of the difference between $n$ and $k$.

Definition. Let $n$ and $k$ be natural numbers. Then $C^{ n }_{ k}$ is a natural number.

Definition. Let $n$ and $k$ be elements of $\Natural$. Then $C^{ n }_{ k}$ is a natural number.

Definition. Let $n$ and $k$ be natural numbers. Then $C^{ n }_{ k}$ is an element of $\Natural$.

Definition. Let $n$ and $k$ be elements of $\Natural$. Then $C^{ n }_{ k}$ is an element of $\Natural$.

Definition. Let $n$ and $k$ be natural numbers. Then the set of combinations of $n$ of size $k$ is a natural number.

Definition. Let $n$ and $k$ be elements of $\Natural$. Then the set of combinations of $n$ of size $k$ is a natural number.

Definition. Let $n$ and $k$ be natural numbers. Then the set of combinations of $n$ of size $k$ is an element of $\Natural$.

Definition. Let $n$ be an element of $\Natural$. Let $k$ be a natural number. Then $C^{ n }_{ k}$ is a natural number.

Definition. Let $n$ be a natural number. Let $k$ be an element of $\Natural$. Then $C^{ n }_{ k}$ is a natural number.

Definition. Let $n$ and $k$ be elements of $\Natural$. Then the set of combinations of $n$ of size $k$ is an element of $\Natural$.

Definition. Let $n$ be an element of $\Natural$. Let $k$ be a natural number. Then $C^{ n }_{ k}$ is an element of $\Natural$.

Definition. Let $n$ be a natural number. Let $k$ be an element of $\Natural$. Then $C^{ n }_{ k}$ is an element of $\Natural$.

Definition. Let $n$ be an element of $\Natural$. Let $k$ be a natural number. Then the set of combinations of $n$ of size $k$ is a natural number.

Definition. Let $n$ be a natural number. Let $k$ be an element of $\Natural$. Then the set of combinations of $n$ of size $k$ is a natural number.

Definition. Let $n$ be an element of $\Natural$. Let $k$ be a natural number. Then the set of combinations of $n$ of size $k$ is an element of $\Natural$.

Definition. Let $n$ be a natural number. Let $k$ be an element of $\Natural$. Then the set of combinations of $n$ of size $k$ is an element of $\Natural$.

Definition. Let $A$ be a set. Let $k$ be a natural number. Then $C^{ A }_{ k}$ is a set.

Definition. Let $A$ be a set. Let $k$ be an element of $\Natural$. Then $C^{ A }_{ k}$ is a set.

Definition. Let $A$ be a set. Let $k$ be a natural number. Then the number of combinations of $A$ of size $k$ is a set.

Definition. Let $A$ be a set. Let $k$ be an element of $\Natural$. Then the number of combinations of $A$ of size $k$ is a set.

Definition. Let $x$ be a real number. Then $\sin x$ is a real number.

Definition. Let $x$ be a real number. Then the sine of $x$ is a real number.

Definition. Let $x$ be a real number. Then $\sin x$ is an element of $\Real$.

Definition. Let $x$ be an element of $\Real$. Then $\sin x$ is a real number.

Definition. Let $x$ be a real number. Then the sine of $x$ is an element of $\Real$.

Definition. Let $x$ be an element of $\Real$. Then the sine of $x$ is a real number.

Definition. Let $x$ be an element of $\Real$. Then $\sin x$ is an element of $\Real$.

Definition. Let $x$ be an element of $\Real$. Then the sine of $x$ is an element of $\Real$.

Definition. Let $x$ be a real number. Then $\cos x$ is a real number defined as $\sin \frac{ \pi}{2}- x$.

Definition. Let $x$ be a real number. Then $\cos x$ is a real number defined as the sine of $\frac{ \pi}{2}- x$.

Definition. Let $x$ be a real number. Then the cosine of $x$ is a real number defined as $\sin \frac{ \pi}{2}- x$.

Definition. Let $x$ be a real number. Then $\cos x$ is an element of $\Real$ defined as $\sin \frac{ \pi}{2}- x$.

Definition. Let $x$ be an element of $\Real$. Then $\cos x$ is a real number defined as $\sin \frac{ \pi}{2}- x$.

Definition. Let $x$ be a real number. Then the cosine of $x$ is a real number defined as the sine of $\frac{ \pi}{2}- x$.

Definition. Let $x$ be a real number. Then $\cos x$ is an element of $\Real$ defined as the sine of $\frac{ \pi}{2}- x$.

Definition. Let $x$ be an element of $\Real$. Then $\cos x$ is a real number defined as the sine of $\frac{ \pi}{2}- x$.

Definition. Let $x$ be a real number. Then the cosine of $x$ is an element of $\Real$ defined as $\sin \frac{ \pi}{2}- x$.

Definition. Let $x$ be an element of $\Real$. Then the cosine of $x$ is a real number defined as $\sin \frac{ \pi}{2}- x$.

Definition. Let $x$ be an element of $\Real$. Then $\cos x$ is an element of $\Real$ defined as $\sin \frac{ \pi}{2}- x$.

Definition. Let $x$ be a real number. Then the cosine of $x$ is an element of $\Real$ defined as the sine of $\frac{ \pi}{2}- x$.

Definition. Let $x$ be an element of $\Real$. Then the cosine of $x$ is a real number defined as the sine of $\frac{ \pi}{2}- x$.

Definition. Let $x$ be an element of $\Real$. Then $\cos x$ is an element of $\Real$ defined as the sine of $\frac{ \pi}{2}- x$.

Definition. Let $x$ be an element of $\Real$. Then the cosine of $x$ is an element of $\Real$ defined as $\sin \frac{ \pi}{2}- x$.

Definition. Let $x$ be a real number. Then $\cos x$ is a real number defined as the sine of the difference between $\frac{ \pi}{2}$ and $x$.

Definition. Let $x$ be an element of $\Real$. Then the cosine of $x$ is an element of $\Real$ defined as the sine of $\frac{ \pi}{2}- x$.

Definition. Let $x$ be a real number. Then the cosine of $x$ is a real number defined as the sine of the difference between $\frac{ \pi}{2}$ and $x$.

Definition. Let $x$ be a real number. Then $\cos x$ is an element of $\Real$ defined as the sine of the difference between $\frac{ \pi}{2}$ and $x$.

Definition. Let $x$ be an element of $\Real$. Then $\cos x$ is a real number defined as the sine of the difference between $\frac{ \pi}{2}$ and $x$.

Definition. Let $x$ be a real number. Then $\cos x$ is a real number defined as the sine of the difference between the quotient of $\pi$ and $2$ and $x$.

Definition. Let $x$ be a real number. Then the cosine of $x$ is an element of $\Real$ defined as the sine of the difference between $\frac{ \pi}{2}$ and $x$.

Definition. Let $x$ be an element of $\Real$. Then the cosine of $x$ is a real number defined as the sine of the difference between $\frac{ \pi}{2}$ and $x$.

Definition. Let $x$ be a real number. Then the cosine of $x$ is a real number defined as the sine of the difference between the quotient of $\pi$ and $2$ and $x$.

Definition. Let $x$ be an element of $\Real$. Then $\cos x$ is an element of $\Real$ defined as the sine of the difference between $\frac{ \pi}{2}$ and $x$.

Definition. Let $x$ be a real number. Then $\cos x$ is an element of $\Real$ defined as the sine of the difference between the quotient of $\pi$ and $2$ and $x$.

Definition. Let $x$ be a real number. Then $\cos x$ is a real number defined as the sine of the difference between the quotient of the number \(\pi\) and $2$ and $x$.

Definition. Let $x$ be an element of $\Real$. Then $\cos x$ is a real number defined as the sine of the difference between the quotient of $\pi$ and $2$ and $x$.

Definition. Let $x$ be an element of $\Real$. Then the cosine of $x$ is an element of $\Real$ defined as the sine of the difference between $\frac{ \pi}{2}$ and $x$.

Definition. Let $x$ be a real number. Then the cosine of $x$ is an element of $\Real$ defined as the sine of the difference between the quotient of $\pi$ and $2$ and $x$.

Definition. Let $x$ be a real number. Then the cosine of $x$ is a real number defined as the sine of the difference between the quotient of the number \(\pi\) and $2$ and $x$.

Definition. Let $x$ be an element of $\Real$. Then the cosine of $x$ is a real number defined as the sine of the difference between the quotient of $\pi$ and $2$ and $x$.

Definition. Let $x$ be a real number. Then $\cos x$ is an element of $\Real$ defined as the sine of the difference between the quotient of the number \(\pi\) and $2$ and $x$.

Definition. Let $x$ be an element of $\Real$. Then $\cos x$ is an element of $\Real$ defined as the sine of the difference between the quotient of $\pi$ and $2$ and $x$.

Definition. Let $x$ be an element of $\Real$. Then $\cos x$ is a real number defined as the sine of the difference between the quotient of the number \(\pi\) and $2$ and $x$.

Definition. Let $x$ be a real number. Then the cosine of $x$ is an element of $\Real$ defined as the sine of the difference between the quotient of the number \(\pi\) and $2$ and $x$.

Definition. Let $x$ be an element of $\Real$. Then the cosine of $x$ is an element of $\Real$ defined as the sine of the difference between the quotient of $\pi$ and $2$ and $x$.

Definition. Let $x$ be an element of $\Real$. Then the cosine of $x$ is a real number defined as the sine of the difference between the quotient of the number \(\pi\) and $2$ and $x$.

Definition. Let $x$ be an element of $\Real$. Then $\cos x$ is an element of $\Real$ defined as the sine of the difference between the quotient of the number \(\pi\) and $2$ and $x$.

Definition. Let $x$ be an element of $\Real$. Then the cosine of $x$ is an element of $\Real$ defined as the sine of the difference between the quotient of the number \(\pi\) and $2$ and $x$.

Definition. Let $x$ be a real number. Then $\tan x$ is a real number defined as $\frac{ \sin x}{\cos x}$.

Definition. Let $x$ be a real number. Then the tangent of $x$ is a real number defined as $\frac{ \sin x}{\cos x}$.

Definition. Let $x$ be a real number. Then $\tan x$ is an element of $\Real$ defined as $\frac{ \sin x}{\cos x}$.

Definition. Let $x$ be an element of $\Real$. Then $\tan x$ is a real number defined as $\frac{ \sin x}{\cos x}$.

Definition. Let $x$ be a real number. Then $\tan x$ is a real number defined as the quotient of $\sin x$ and $\cos x$.

Definition. Let $x$ be a real number. Then $\tan x$ is a real number defined as the quotient of the sine of $x$ and $\cos x$.

Definition. Let $x$ be a real number. Then the tangent of $x$ is an element of $\Real$ defined as $\frac{ \sin x}{\cos x}$.

Definition. Let $x$ be a real number. Then $\tan x$ is a real number defined as the quotient of $\sin x$ and the cosine of $x$.

Definition. Let $x$ be an element of $\Real$. Then the tangent of $x$ is a real number defined as $\frac{ \sin x}{\cos x}$.

Definition. Let $x$ be a real number. Then the tangent of $x$ is a real number defined as the quotient of $\sin x$ and $\cos x$.

Definition. Let $x$ be an element of $\Real$. Then $\tan x$ is an element of $\Real$ defined as $\frac{ \sin x}{\cos x}$.

Definition. Let $x$ be a real number. Then $\tan x$ is an element of $\Real$ defined as the quotient of $\sin x$ and $\cos x$.

Definition. Let $x$ be an element of $\Real$. Then $\tan x$ is a real number defined as the quotient of $\sin x$ and $\cos x$.

Definition. Let $x$ be a real number. Then $\tan x$ is a real number defined as the quotient of the sine of $x$ and the cosine of $x$.

Definition. Let $x$ be a real number. Then the tangent of $x$ is a real number defined as the quotient of the sine of $x$ and $\cos x$.

Definition. Let $x$ be a real number. Then the tangent of $x$ is a real number defined as the quotient of $\sin x$ and the cosine of $x$.

Definition. Let $x$ be a real number. Then $\tan x$ is an element of $\Real$ defined as the quotient of the sine of $x$ and $\cos x$.

Definition. Let $x$ be an element of $\Real$. Then $\tan x$ is a real number defined as the quotient of the sine of $x$ and $\cos x$.

Definition. Let $x$ be a real number. Then $\tan x$ is an element of $\Real$ defined as the quotient of $\sin x$ and the cosine of $x$.

Definition. Let $x$ be an element of $\Real$. Then the tangent of $x$ is an element of $\Real$ defined as $\frac{ \sin x}{\cos x}$.

Definition. Let $x$ be an element of $\Real$. Then $\tan x$ is a real number defined as the quotient of $\sin x$ and the cosine of $x$.

Definition. Let $x$ be a real number. Then the tangent of $x$ is an element of $\Real$ defined as the quotient of $\sin x$ and $\cos x$.

Definition. Let $x$ be an element of $\Real$. Then the tangent of $x$ is a real number defined as the quotient of $\sin x$ and $\cos x$.

Definition. Let $x$ be an element of $\Real$. Then $\tan x$ is an element of $\Real$ defined as the quotient of $\sin x$ and $\cos x$.

Definition. Let $x$ be a real number. Then the tangent of $x$ is a real number defined as the quotient of the sine of $x$ and the cosine of $x$.

Definition. Let $x$ be a real number. Then $\tan x$ is an element of $\Real$ defined as the quotient of the sine of $x$ and the cosine of $x$.

Definition. Let $x$ be an element of $\Real$. Then $\tan x$ is a real number defined as the quotient of the sine of $x$ and the cosine of $x$.

Definition. Let $x$ be a real number. Then the tangent of $x$ is an element of $\Real$ defined as the quotient of the sine of $x$ and $\cos x$.

Definition. Let $x$ be an element of $\Real$. Then the tangent of $x$ is a real number defined as the quotient of the sine of $x$ and $\cos x$.

Definition. Let $x$ be a real number. Then the tangent of $x$ is an element of $\Real$ defined as the quotient of $\sin x$ and the cosine of $x$.

Definition. Let $x$ be an element of $\Real$. Then the tangent of $x$ is a real number defined as the quotient of $\sin x$ and the cosine of $x$.

Definition. Let $x$ be an element of $\Real$. Then $\tan x$ is an element of $\Real$ defined as the quotient of the sine of $x$ and $\cos x$.

Definition. Let $x$ be an element of $\Real$. Then $\tan x$ is an element of $\Real$ defined as the quotient of $\sin x$ and the cosine of $x$.

Definition. Let $x$ be an element of $\Real$. Then the tangent of $x$ is an element of $\Real$ defined as the quotient of $\sin x$ and $\cos x$.

Definition. Let $x$ be a real number. Then the tangent of $x$ is an element of $\Real$ defined as the quotient of the sine of $x$ and the cosine of $x$.

Definition. Let $x$ be an element of $\Real$. Then the tangent of $x$ is a real number defined as the quotient of the sine of $x$ and the cosine of $x$.

Definition. Let $x$ be an element of $\Real$. Then $\tan x$ is an element of $\Real$ defined as the quotient of the sine of $x$ and the cosine of $x$.

Definition. Let $x$ be an element of $\Real$. Then the tangent of $x$ is an element of $\Real$ defined as the quotient of the sine of $x$ and $\cos x$.

Definition. Let $x$ be an element of $\Real$. Then the tangent of $x$ is an element of $\Real$ defined as the quotient of $\sin x$ and the cosine of $x$.

Definition. Let $x$ be an element of $\Real$. Then the tangent of $x$ is an element of $\Real$ defined as the quotient of the sine of $x$ and the cosine of $x$.

Definition. Let $x$ be a real number. Then $\arcsin x$ is a real number.

Definition. Let $x$ be a real number. Then the arcsine of $x$ is a real number.

Definition. Let $x$ be a real number. Then $\arcsin x$ is an element of $\Real$.

Definition. Let $x$ be an element of $\Real$. Then $\arcsin x$ is a real number.

Definition. Let $x$ be a real number. Then the arcsine of $x$ is an element of $\Real$.

Definition. Let $x$ be an element of $\Real$. Then the arcsine of $x$ is a real number.

Definition. Let $x$ be an element of $\Real$. Then $\arcsin x$ is an element of $\Real$.

Definition. Let $x$ be an element of $\Real$. Then the arcsine of $x$ is an element of $\Real$.

Definition. Let $x$ be a real number. Then $\arccos x$ is a real number.

Definition. Let $x$ be a real number. Then the arccosine of $x$ is a real number.

Definition. Let $x$ be a real number. Then $\arccos x$ is an element of $\Real$.

Definition. Let $x$ be an element of $\Real$. Then $\arccos x$ is a real number.

Definition. Let $x$ be a real number. Then the arccosine of $x$ is an element of $\Real$.

Definition. Let $x$ be an element of $\Real$. Then the arccosine of $x$ is a real number.

Definition. Let $x$ be an element of $\Real$. Then $\arccos x$ is an element of $\Real$.

Definition. Let $x$ be an element of $\Real$. Then the arccosine of $x$ is an element of $\Real$.

Definition. Let $x$ be a real number. Then $\arctan x$ is a real number.

Definition. Let $x$ be a real number. Then the arctangent of $x$ is a real number.

Definition. Let $x$ be a real number. Then $\arctan x$ is an element of $\Real$.

Definition. Let $x$ be an element of $\Real$. Then $\arctan x$ is a real number.

Definition. Let $x$ be a real number. Then the arctangent of $x$ is an element of $\Real$.

Definition. Let $x$ be an element of $\Real$. Then the arctangent of $x$ is a real number.

Definition. Let $x$ be an element of $\Real$. Then $\arctan x$ is an element of $\Real$.

Definition. Let $x$ be an element of $\Real$. Then the arctangent of $x$ is an element of $\Real$.

Definition. Let $x$ and $y$ be vectors. Then the angle between $x$ and $y$ is a real number.

Definition. Let $x$ and $y$ be vectors. Then the angle between $x$ and $y$ is an element of $\Real$.

Definition. Let $u$ and $v$ be vectors. Then $u \cdot v$ is a real number defined as the product of $\| u \| \times \| v \|$ and the cosine of the angle between $u$ and $v$.

Definition. Let $u$ and $v$ be vectors. Then $u \cdot v$ is a real number defined as the product of $\| u \|$, $\| v \|$ and the cosine of the angle between $u$ and $v$.

Definition. Let $u$ and $v$ be vectors. Then $u \cdot v$ is a real number defined as the product of $\| u \|$, the norm of $v$ and the cosine of the angle between $u$ and $v$.

Definition. Let $u$ and $v$ be vectors. Then $u \cdot v$ is a real number defined as the product of the norm of $u$, $\| v \|$ and the cosine of the angle between $u$ and $v$.

Definition. Let $u$ and $v$ be vectors. Then $u \cdot v$ is a real number defined as the product of $\| u \|$, the length of $v$ and the cosine of the angle between $u$ and $v$.

Definition. Let $u$ and $v$ be vectors. Then $u \cdot v$ is a real number defined as the product of the length of $u$, $\| v \|$ and the cosine of the angle between $u$ and $v$.

Definition. Let $u$ and $v$ be vectors. Then $u \cdot v$ is an element of $\Real$ defined as the product of $\| u \| \times \| v \|$ and the cosine of the angle between $u$ and $v$.

Definition. Let $u$ and $v$ be vectors. Then $u \cdot v$ is a real number defined as the product of the norm of $u$, the norm of $v$ and the cosine of the angle between $u$ and $v$.

Definition. Let $u$ and $v$ be vectors. Then $u \cdot v$ is an element of $\Real$ defined as the product of $\| u \|$, $\| v \|$ and the cosine of the angle between $u$ and $v$.

Definition. Let $u$ and $v$ be vectors. Then $u \cdot v$ is a real number defined as the product of the length of $u$, the norm of $v$ and the cosine of the angle between $u$ and $v$.

Definition. Let $u$ and $v$ be vectors. Then $u \cdot v$ is a real number defined as the product of the norm of $u$, the length of $v$ and the cosine of the angle between $u$ and $v$.

Definition. Let $u$ and $v$ be vectors. Then $u \cdot v$ is a real number defined as the product of the length of $u$, the length of $v$ and the cosine of the angle between $u$ and $v$.

Definition. Let $u$ and $v$ be vectors. Then $u \cdot v$ is an element of $\Real$ defined as the product of $\| u \|$, the norm of $v$ and the cosine of the angle between $u$ and $v$.

Definition. Let $u$ and $v$ be vectors. Then $u \cdot v$ is an element of $\Real$ defined as the product of the norm of $u$, $\| v \|$ and the cosine of the angle between $u$ and $v$.

Definition. Let $u$ and $v$ be vectors. Then $u \cdot v$ is an element of $\Real$ defined as the product of $\| u \|$, the length of $v$ and the cosine of the angle between $u$ and $v$.

Definition. Let $u$ and $v$ be vectors. Then $u \cdot v$ is an element of $\Real$ defined as the product of the length of $u$, $\| v \|$ and the cosine of the angle between $u$ and $v$.

Definition. Let $u$ and $v$ be vectors. Then the dot product of $u$ and $v$ is a real number defined as the product of $\| u \| \times \| v \|$ and the cosine of the angle between $u$ and $v$.

Definition. Let $u$ and $v$ be vectors. Then the dot product of $u$ and $v$ is a real number defined as the product of $\| u \|$, $\| v \|$ and the cosine of the angle between $u$ and $v$.

Definition. Let $u$ and $v$ be vectors. Then $u \cdot v$ is an element of $\Real$ defined as the product of the norm of $u$, the norm of $v$ and the cosine of the angle between $u$ and $v$.

Definition. Let $u$ and $v$ be vectors. Then $u \cdot v$ is an element of $\Real$ defined as the product of the length of $u$, the norm of $v$ and the cosine of the angle between $u$ and $v$.

Definition. Let $u$ and $v$ be vectors. Then $u \cdot v$ is an element of $\Real$ defined as the product of the norm of $u$, the length of $v$ and the cosine of the angle between $u$ and $v$.

Definition. Let $u$ and $v$ be vectors. Then $u \cdot v$ is an element of $\Real$ defined as the product of the length of $u$, the length of $v$ and the cosine of the angle between $u$ and $v$.

Definition. Let $u$ and $v$ be vectors. Then the dot product of $u$ and $v$ is a real number defined as the product of $\| u \|$, the norm of $v$ and the cosine of the angle between $u$ and $v$.

Definition. Let $u$ and $v$ be vectors. Then the dot product of $u$ and $v$ is a real number defined as the product of the norm of $u$, $\| v \|$ and the cosine of the angle between $u$ and $v$.

Definition. Let $u$ and $v$ be vectors. Then the dot product of $u$ and $v$ is a real number defined as the product of $\| u \|$, the length of $v$ and the cosine of the angle between $u$ and $v$.

Definition. Let $u$ and $v$ be vectors. Then the dot product of $u$ and $v$ is a real number defined as the product of the length of $u$, $\| v \|$ and the cosine of the angle between $u$ and $v$.

Definition. Let $u$ and $v$ be vectors. Then the dot product of $u$ and $v$ is an element of $\Real$ defined as the product of $\| u \| \times \| v \|$ and the cosine of the angle between $u$ and $v$.

Definition. Let $u$ and $v$ be vectors. Then the dot product of $u$ and $v$ is a real number defined as the product of the norm of $u$, the norm of $v$ and the cosine of the angle between $u$ and $v$.

Definition. Let $u$ and $v$ be vectors. Then the dot product of $u$ and $v$ is an element of $\Real$ defined as the product of $\| u \|$, $\| v \|$ and the cosine of the angle between $u$ and $v$.

Definition. Let $u$ and $v$ be vectors. Then the dot product of $u$ and $v$ is a real number defined as the product of the length of $u$, the norm of $v$ and the cosine of the angle between $u$ and $v$.

Definition. Let $u$ and $v$ be vectors. Then the dot product of $u$ and $v$ is a real number defined as the product of the norm of $u$, the length of $v$ and the cosine of the angle between $u$ and $v$.

Definition. Let $u$ and $v$ be vectors. Then the dot product of $u$ and $v$ is a real number defined as the product of the length of $u$, the length of $v$ and the cosine of the angle between $u$ and $v$.

Definition. Let $u$ and $v$ be vectors. Then the dot product of $u$ and $v$ is an element of $\Real$ defined as the product of $\| u \|$, the norm of $v$ and the cosine of the angle between $u$ and $v$.

Definition. Let $u$ and $v$ be vectors. Then the dot product of $u$ and $v$ is an element of $\Real$ defined as the product of the norm of $u$, $\| v \|$ and the cosine of the angle between $u$ and $v$.

Definition. Let $u$ and $v$ be vectors. Then the dot product of $u$ and $v$ is an element of $\Real$ defined as the product of $\| u \|$, the length of $v$ and the cosine of the angle between $u$ and $v$.

Definition. Let $u$ and $v$ be vectors. Then the dot product of $u$ and $v$ is an element of $\Real$ defined as the product of the length of $u$, $\| v \|$ and the cosine of the angle between $u$ and $v$.

Definition. Let $u$ and $v$ be vectors. Then the dot product of $u$ and $v$ is an element of $\Real$ defined as the product of the norm of $u$, the norm of $v$ and the cosine of the angle between $u$ and $v$.

Definition. Let $u$ and $v$ be vectors. Then the dot product of $u$ and $v$ is an element of $\Real$ defined as the product of the length of $u$, the norm of $v$ and the cosine of the angle between $u$ and $v$.

Definition. Let $u$ and $v$ be vectors. Then the dot product of $u$ and $v$ is an element of $\Real$ defined as the product of the norm of $u$, the length of $v$ and the cosine of the angle between $u$ and $v$.

Definition. Let $u$ and $v$ be vectors. Then the dot product of $u$ and $v$ is an element of $\Real$ defined as the product of the length of $u$, the length of $v$ and the cosine of the angle between $u$ and $v$.

Definition. Let $u$ and $v$ be vectors. Then $u \perp v$, if the angle between $u$ and $v$ is equal to $\frac{ \pi}{2}$.

Definition. Let $u$ and $v$ be vectors. Then $u \perp v$, if the angle between $u$ and $v$ and $\frac{ \pi}{2}$ are equal.

Definition. Let $u$ and $v$ be vectors. Then $u \perp v$, if the angle between $u$ and $v$ is equal to the quotient of $\pi$ and $2$.

Definition. Let $u$ and $v$ be vectors. Then $u$ is orthogonal to $v$, if the angle between $u$ and $v$ is equal to $\frac{ \pi}{2}$.

Definition. Let $u$ and $v$ be vectors. Then $u \perp v$, if the angle between $u$ and $v$ and the quotient of $\pi$ and $2$ are equal.

Definition. Let $u$ and $v$ be vectors. Then $u$ is orthogonal to $v$, if the angle between $u$ and $v$ and $\frac{ \pi}{2}$ are equal.

Definition. Let $u$ and $v$ be vectors. Then $u$ and $v$ are orthogonal, if the angle between $u$ and $v$ is equal to $\frac{ \pi}{2}$.

Definition. Let $u$ and $v$ be vectors. Then $u$ is perpendicular to $v$, if the angle between $u$ and $v$ is equal to $\frac{ \pi}{2}$.

Definition. Let $u$ and $v$ be vectors. Then $u$ and $v$ are orthogonal, if the angle between $u$ and $v$ and $\frac{ \pi}{2}$ are equal.

Definition. Let $u$ and $v$ be vectors. Then $u$ is perpendicular to $v$, if the angle between $u$ and $v$ and $\frac{ \pi}{2}$ are equal.

Definition. Let $u$ and $v$ be vectors. Then $u$ and $v$ are perpendicular, if the angle between $u$ and $v$ is equal to $\frac{ \pi}{2}$.

Definition. Let $u$ and $v$ be vectors. Then $u$ and $v$ are perpendicular, if the angle between $u$ and $v$ and $\frac{ \pi}{2}$ are equal.

Definition. Let $u$ and $v$ be vectors. Then $u \perp v$, if the angle between $u$ and $v$ is equal to the quotient of the number \(\pi\) and $2$.

Definition. Let $u$ and $v$ be vectors. Then $u \perp v$, if the angle between $u$ and $v$ and the quotient of the number \(\pi\) and $2$ are equal.

Definition. Let $u$ and $v$ be vectors. Then $u$ is orthogonal to $v$, if the angle between $u$ and $v$ is equal to the quotient of $\pi$ and $2$.

Definition. Let $u$ and $v$ be vectors. Then $u$ is orthogonal to $v$, if the angle between $u$ and $v$ and the quotient of $\pi$ and $2$ are equal.

Definition. Let $u$ and $v$ be vectors. Then $u$ and $v$ are orthogonal, if the angle between $u$ and $v$ is equal to the quotient of $\pi$ and $2$.

Definition. Let $u$ and $v$ be vectors. Then $u$ is perpendicular to $v$, if the angle between $u$ and $v$ is equal to the quotient of $\pi$ and $2$.

Definition. Let $u$ and $v$ be vectors. Then $u$ and $v$ are orthogonal, if the angle between $u$ and $v$ and the quotient of $\pi$ and $2$ are equal.

Definition. Let $u$ and $v$ be vectors. Then $u$ is perpendicular to $v$, if the angle between $u$ and $v$ and the quotient of $\pi$ and $2$ are equal.

Definition. Let $u$ and $v$ be vectors. Then $u$ and $v$ are perpendicular, if the angle between $u$ and $v$ is equal to the quotient of $\pi$ and $2$.

Definition. Let $u$ and $v$ be vectors. Then $u$ and $v$ are perpendicular, if the angle between $u$ and $v$ and the quotient of $\pi$ and $2$ are equal.

Definition. Let $u$ and $v$ be vectors. Then $u$ is orthogonal to $v$, if the angle between $u$ and $v$ is equal to the quotient of the number \(\pi\) and $2$.

Definition. Let $u$ and $v$ be vectors. Then $u$ is orthogonal to $v$, if the angle between $u$ and $v$ and the quotient of the number \(\pi\) and $2$ are equal.

Definition. Let $u$ and $v$ be vectors. Then $u$ and $v$ are orthogonal, if the angle between $u$ and $v$ is equal to the quotient of the number \(\pi\) and $2$.

Definition. Let $u$ and $v$ be vectors. Then $u$ is perpendicular to $v$, if the angle between $u$ and $v$ is equal to the quotient of the number \(\pi\) and $2$.

Definition. Let $u$ and $v$ be vectors. Then $u$ and $v$ are orthogonal, if the angle between $u$ and $v$ and the quotient of the number \(\pi\) and $2$ are equal.

Definition. Let $u$ and $v$ be vectors. Then $u$ is perpendicular to $v$, if the angle between $u$ and $v$ and the quotient of the number \(\pi\) and $2$ are equal.

Definition. Let $u$ and $v$ be vectors. Then $u$ and $v$ are perpendicular, if the angle between $u$ and $v$ is equal to the quotient of the number \(\pi\) and $2$.

Definition. Let $u$ and $v$ be vectors. Then $u$ and $v$ are perpendicular, if the angle between $u$ and $v$ and the quotient of the number \(\pi\) and $2$ are equal.

Definition. Let $u$ and $v$ be vectors. Then $u + v$ is a vector.

Definition. Let $u$ and $v$ be vectors. Then the sum of $u$ and $v$ is a vector.

Definition. Let $u$ and $v$ be vectors. Then the resultant of $u$ and $v$ is a vector.

Definition. Let $m$ and $n$ be natural numbers. Let $f$ be a function from natural numbers $i$ to numbers. Then $\\\Summa {m}{n}{i}{f}$ is a number.

Definition. Let $m$ and $n$ be elements of $\Natural$. Let $f$ be a function from natural numbers $i$ to numbers. Then $\\\Summa {m}{n}{i}{f}$ is a number.

Definition. Let $m$ and $n$ be natural numbers. Let $f$ be a function from elements $i$ of $\Natural$ to numbers. Then $\\\Summa {m}{n}{i}{f}$ is a number.

Definition. Let $m$ and $n$ be elements of $\Natural$. Let $f$ be a function from elements $i$ of $\Natural$ to numbers. Then $\\\Summa {m}{n}{i}{f}$ is a number.

Definition. Let $m$ and $n$ be natural numbers. Let $f$ be a function from natural numbers $i$ to numbers. Then $\sigma$ applied to $m$, $n$, $i$ and $f$ is a number.

Definition. Let $m$ and $n$ be elements of $\Natural$. Let $f$ be a function from natural numbers $i$ to numbers. Then $\sigma$ applied to $m$, $n$, $i$ and $f$ is a number.

Definition. Let $m$ be an element of $\Natural$. Let $n$ be a natural number. Let $f$ be a function from natural numbers $i$ to numbers. Then $\\\Summa {m}{n}{i}{f}$ is a number.

Definition. Let $m$ be a natural number. Let $n$ be an element of $\Natural$. Let $f$ be a function from natural numbers $i$ to numbers. Then $\\\Summa {m}{n}{i}{f}$ is a number.

Definition. Let $m$ and $n$ be natural numbers. Let $f$ be a function from elements $i$ of $\Natural$ to numbers. Then $\sigma$ applied to $m$, $n$, $i$ and $f$ is a number.

Definition. Let $m$ and $n$ be elements of $\Natural$. Let $f$ be a function from elements $i$ of $\Natural$ to numbers. Then $\sigma$ applied to $m$, $n$, $i$ and $f$ is a number.

Definition. Let $m$ be an element of $\Natural$. Let $n$ be a natural number. Let $f$ be a function from elements $i$ of $\Natural$ to numbers. Then $\\\Summa {m}{n}{i}{f}$ is a number.

Definition. Let $m$ be a natural number. Let $n$ be an element of $\Natural$. Let $f$ be a function from elements $i$ of $\Natural$ to numbers. Then $\\\Summa {m}{n}{i}{f}$ is a number.

Definition. Let $m$ be an element of $\Natural$. Let $n$ be a natural number. Let $f$ be a function from natural numbers $i$ to numbers. Then $\sigma$ applied to $m$, $n$, $i$ and $f$ is a number.

Definition. Let $m$ be a natural number. Let $n$ be an element of $\Natural$. Let $f$ be a function from natural numbers $i$ to numbers. Then $\sigma$ applied to $m$, $n$, $i$ and $f$ is a number.

Definition. Let $m$ be an element of $\Natural$. Let $n$ be a natural number. Let $f$ be a function from elements $i$ of $\Natural$ to numbers. Then $\sigma$ applied to $m$, $n$, $i$ and $f$ is a number.

Definition. Let $m$ be a natural number. Let $n$ be an element of $\Natural$. Let $f$ be a function from elements $i$ of $\Natural$ to numbers. Then $\sigma$ applied to $m$, $n$, $i$ and $f$ is a number.

Definition. Let $m$ and $n$ be real numbers. Let $f$ be a function from real numbers $x$ to real numbers. Then $\\\Integral {m}{n}{x}{f}$ is a real number.

Definition. Let $m$ and $n$ be elements of $\Real$. Let $f$ be a function from real numbers $x$ to real numbers. Then $\\\Integral {m}{n}{x}{f}$ is a real number.

Definition. Let $m$ and $n$ be real numbers. Let $f$ be a function from real numbers $x$ to elements of $\Real$. Then $\\\Integral {m}{n}{x}{f}$ is a real number.

Definition. Let $m$ and $n$ be real numbers. Let $f$ be a function from real numbers $x$ to real numbers. Then $\\\Integral {m}{n}{x}{f}$ is an element of $\Real$.

Definition. Let $m$ and $n$ be real numbers. Let $f$ be a function from elements $x$ of $\Real$ to real numbers. Then $\\\Integral {m}{n}{x}{f}$ is a real number.

Definition. Let $m$ and $n$ be elements of $\Real$. Let $f$ be a function from real numbers $x$ to elements of $\Real$. Then $\\\Integral {m}{n}{x}{f}$ is a real number.

Definition. Let $m$ and $n$ be elements of $\Real$. Let $f$ be a function from real numbers $x$ to real numbers. Then $\\\Integral {m}{n}{x}{f}$ is an element of $\Real$.

Definition. Let $m$ and $n$ be real numbers. Let $f$ be a function from real numbers $x$ to elements of $\Real$. Then $\\\Integral {m}{n}{x}{f}$ is an element of $\Real$.

Definition. Let $m$ and $n$ be elements of $\Real$. Let $f$ be a function from elements $x$ of $\Real$ to real numbers. Then $\\\Integral {m}{n}{x}{f}$ is a real number.

Definition. Let $m$ and $n$ be real numbers. Let $f$ be a function from elements $x$ of $\Real$ to elements of $\Real$. Then $\\\Integral {m}{n}{x}{f}$ is a real number.

Definition. Let $m$ and $n$ be real numbers. Let $f$ be a function from elements $x$ of $\Real$ to real numbers. Then $\\\Integral {m}{n}{x}{f}$ is an element of $\Real$.

Definition. Let $m$ and $n$ be elements of $\Real$. Let $f$ be a function from real numbers $x$ to elements of $\Real$. Then $\\\Integral {m}{n}{x}{f}$ is an element of $\Real$.

Definition. Let $m$ and $n$ be elements of $\Real$. Let $f$ be a function from elements $x$ of $\Real$ to elements of $\Real$. Then $\\\Integral {m}{n}{x}{f}$ is a real number.

Definition. Let $m$ and $n$ be elements of $\Real$. Let $f$ be a function from elements $x$ of $\Real$ to real numbers. Then $\\\Integral {m}{n}{x}{f}$ is an element of $\Real$.

Definition. Let $m$ and $n$ be real numbers. Let $f$ be a function from elements $x$ of $\Real$ to elements of $\Real$. Then $\\\Integral {m}{n}{x}{f}$ is an element of $\Real$.

Definition. Let $m$ and $n$ be real numbers. Let $f$ be a function from real numbers $x$ to real numbers. Then $\mathrm{integral}$ applied to $m$, $n$, $x$ and $f$ is a real number.

Definition. Let $m$ be an element of $\Real$. Let $n$ be a real number. Let $f$ be a function from real numbers $x$ to real numbers. Then $\\\Integral {m}{n}{x}{f}$ is a real number.

Definition. Let $m$ be a real number. Let $n$ be an element of $\Real$. Let $f$ be a function from real numbers $x$ to real numbers. Then $\\\Integral {m}{n}{x}{f}$ is a real number.

Definition. Let $m$ and $n$ be elements of $\Real$. Let $f$ be a function from elements $x$ of $\Real$ to elements of $\Real$. Then $\\\Integral {m}{n}{x}{f}$ is an element of $\Real$.

Definition. Let $m$ and $n$ be elements of $\Real$. Let $f$ be a function from real numbers $x$ to real numbers. Then $\mathrm{integral}$ applied to $m$, $n$, $x$ and $f$ is a real number.

Definition. Let $m$ and $n$ be real numbers. Let $f$ be a function from real numbers $x$ to elements of $\Real$. Then $\mathrm{integral}$ applied to $m$, $n$, $x$ and $f$ is a real number.

Definition. Let $m$ be an element of $\Real$. Let $n$ be a real number. Let $f$ be a function from real numbers $x$ to elements of $\Real$. Then $\\\Integral {m}{n}{x}{f}$ is a real number.

Definition. Let $m$ be a real number. Let $n$ be an element of $\Real$. Let $f$ be a function from real numbers $x$ to elements of $\Real$. Then $\\\Integral {m}{n}{x}{f}$ is a real number.

Definition. Let $m$ and $n$ be real numbers. Let $f$ be a function from real numbers $x$ to real numbers. Then $\mathrm{integral}$ applied to $m$, $n$, $x$ and $f$ is an element of $\Real$.

Definition. Let $m$ be an element of $\Real$. Let $n$ be a real number. Let $f$ be a function from real numbers $x$ to real numbers. Then $\\\Integral {m}{n}{x}{f}$ is an element of $\Real$.

Definition. Let $m$ be a real number. Let $n$ be an element of $\Real$. Let $f$ be a function from real numbers $x$ to real numbers. Then $\\\Integral {m}{n}{x}{f}$ is an element of $\Real$.

Definition. Let $m$ and $n$ be real numbers. Let $f$ be a function from elements $x$ of $\Real$ to real numbers. Then $\mathrm{integral}$ applied to $m$, $n$, $x$ and $f$ is a real number.

Definition. Let $m$ be an element of $\Real$. Let $n$ be a real number. Let $f$ be a function from elements $x$ of $\Real$ to real numbers. Then $\\\Integral {m}{n}{x}{f}$ is a real number.

Definition. Let $m$ be a real number. Let $n$ be an element of $\Real$. Let $f$ be a function from elements $x$ of $\Real$ to real numbers. Then $\\\Integral {m}{n}{x}{f}$ is a real number.

Definition. Let $m$ and $n$ be elements of $\Real$. Let $f$ be a function from real numbers $x$ to elements of $\Real$. Then $\mathrm{integral}$ applied to $m$, $n$, $x$ and $f$ is a real number.

Definition. Let $m$ and $n$ be elements of $\Real$. Let $f$ be a function from real numbers $x$ to real numbers. Then $\mathrm{integral}$ applied to $m$, $n$, $x$ and $f$ is an element of $\Real$.

Definition. Let $m$ and $n$ be real numbers. Let $f$ be a function from real numbers $x$ to elements of $\Real$. Then $\mathrm{integral}$ applied to $m$, $n$, $x$ and $f$ is an element of $\Real$.

Definition. Let $m$ be an element of $\Real$. Let $n$ be a real number. Let $f$ be a function from real numbers $x$ to elements of $\Real$. Then $\\\Integral {m}{n}{x}{f}$ is an element of $\Real$.

Definition. Let $m$ be a real number. Let $n$ be an element of $\Real$. Let $f$ be a function from real numbers $x$ to elements of $\Real$. Then $\\\Integral {m}{n}{x}{f}$ is an element of $\Real$.

Definition. Let $m$ and $n$ be elements of $\Real$. Let $f$ be a function from elements $x$ of $\Real$ to real numbers. Then $\mathrm{integral}$ applied to $m$, $n$, $x$ and $f$ is a real number.

Definition. Let $m$ and $n$ be real numbers. Let $f$ be a function from elements $x$ of $\Real$ to elements of $\Real$. Then $\mathrm{integral}$ applied to $m$, $n$, $x$ and $f$ is a real number.

Definition. Let $m$ be an element of $\Real$. Let $n$ be a real number. Let $f$ be a function from elements $x$ of $\Real$ to elements of $\Real$. Then $\\\Integral {m}{n}{x}{f}$ is a real number.

Definition. Let $m$ be a real number. Let $n$ be an element of $\Real$. Let $f$ be a function from elements $x$ of $\Real$ to elements of $\Real$. Then $\\\Integral {m}{n}{x}{f}$ is a real number.

Definition. Let $m$ and $n$ be real numbers. Let $f$ be a function from elements $x$ of $\Real$ to real numbers. Then $\mathrm{integral}$ applied to $m$, $n$, $x$ and $f$ is an element of $\Real$.

Definition. Let $m$ be an element of $\Real$. Let $n$ be a real number. Let $f$ be a function from elements $x$ of $\Real$ to real numbers. Then $\\\Integral {m}{n}{x}{f}$ is an element of $\Real$.

Definition. Let $m$ be a real number. Let $n$ be an element of $\Real$. Let $f$ be a function from elements $x$ of $\Real$ to real numbers. Then $\\\Integral {m}{n}{x}{f}$ is an element of $\Real$.

Definition. Let $m$ and $n$ be elements of $\Real$. Let $f$ be a function from real numbers $x$ to elements of $\Real$. Then $\mathrm{integral}$ applied to $m$, $n$, $x$ and $f$ is an element of $\Real$.

Definition. Let $m$ and $n$ be elements of $\Real$. Let $f$ be a function from elements $x$ of $\Real$ to elements of $\Real$. Then $\mathrm{integral}$ applied to $m$, $n$, $x$ and $f$ is a real number.

Definition. Let $m$ and $n$ be elements of $\Real$. Let $f$ be a function from elements $x$ of $\Real$ to real numbers. Then $\mathrm{integral}$ applied to $m$, $n$, $x$ and $f$ is an element of $\Real$.

Definition. Let $m$ and $n$ be real numbers. Let $f$ be a function from elements $x$ of $\Real$ to elements of $\Real$. Then $\mathrm{integral}$ applied to $m$, $n$, $x$ and $f$ is an element of $\Real$.

Definition. Let $m$ be an element of $\Real$. Let $n$ be a real number. Let $f$ be a function from elements $x$ of $\Real$ to elements of $\Real$. Then $\\\Integral {m}{n}{x}{f}$ is an element of $\Real$.

Definition. Let $m$ be a real number. Let $n$ be an element of $\Real$. Let $f$ be a function from elements $x$ of $\Real$ to elements of $\Real$. Then $\\\Integral {m}{n}{x}{f}$ is an element of $\Real$.

Definition. Let $m$ be an element of $\Real$. Let $n$ be a real number. Let $f$ be a function from real numbers $x$ to real numbers. Then $\mathrm{integral}$ applied to $m$, $n$, $x$ and $f$ is a real number.

Definition. Let $m$ be a real number. Let $n$ be an element of $\Real$. Let $f$ be a function from real numbers $x$ to real numbers. Then $\mathrm{integral}$ applied to $m$, $n$, $x$ and $f$ is a real number.

Definition. Let $m$ and $n$ be elements of $\Real$. Let $f$ be a function from elements $x$ of $\Real$ to elements of $\Real$. Then $\mathrm{integral}$ applied to $m$, $n$, $x$ and $f$ is an element of $\Real$.

Definition. Let $m$ be an element of $\Real$. Let $n$ be a real number. Let $f$ be a function from real numbers $x$ to elements of $\Real$. Then $\mathrm{integral}$ applied to $m$, $n$, $x$ and $f$ is a real number.

Definition. Let $m$ be a real number. Let $n$ be an element of $\Real$. Let $f$ be a function from real numbers $x$ to elements of $\Real$. Then $\mathrm{integral}$ applied to $m$, $n$, $x$ and $f$ is a real number.

Definition. Let $m$ be an element of $\Real$. Let $n$ be a real number. Let $f$ be a function from real numbers $x$ to real numbers. Then $\mathrm{integral}$ applied to $m$, $n$, $x$ and $f$ is an element of $\Real$.

Definition. Let $m$ be a real number. Let $n$ be an element of $\Real$. Let $f$ be a function from real numbers $x$ to real numbers. Then $\mathrm{integral}$ applied to $m$, $n$, $x$ and $f$ is an element of $\Real$.

Definition. Let $m$ be an element of $\Real$. Let $n$ be a real number. Let $f$ be a function from elements $x$ of $\Real$ to real numbers. Then $\mathrm{integral}$ applied to $m$, $n$, $x$ and $f$ is a real number.

Definition. Let $m$ be a real number. Let $n$ be an element of $\Real$. Let $f$ be a function from elements $x$ of $\Real$ to real numbers. Then $\mathrm{integral}$ applied to $m$, $n$, $x$ and $f$ is a real number.

Definition. Let $m$ be an element of $\Real$. Let $n$ be a real number. Let $f$ be a function from real numbers $x$ to elements of $\Real$. Then $\mathrm{integral}$ applied to $m$, $n$, $x$ and $f$ is an element of $\Real$.

Definition. Let $m$ be a real number. Let $n$ be an element of $\Real$. Let $f$ be a function from real numbers $x$ to elements of $\Real$. Then $\mathrm{integral}$ applied to $m$, $n$, $x$ and $f$ is an element of $\Real$.

Definition. Let $m$ be an element of $\Real$. Let $n$ be a real number. Let $f$ be a function from elements $x$ of $\Real$ to elements of $\Real$. Then $\mathrm{integral}$ applied to $m$, $n$, $x$ and $f$ is a real number.

Definition. Let $m$ be a real number. Let $n$ be an element of $\Real$. Let $f$ be a function from elements $x$ of $\Real$ to elements of $\Real$. Then $\mathrm{integral}$ applied to $m$, $n$, $x$ and $f$ is a real number.

Definition. Let $m$ be an element of $\Real$. Let $n$ be a real number. Let $f$ be a function from elements $x$ of $\Real$ to real numbers. Then $\mathrm{integral}$ applied to $m$, $n$, $x$ and $f$ is an element of $\Real$.

Definition. Let $m$ be a real number. Let $n$ be an element of $\Real$. Let $f$ be a function from elements $x$ of $\Real$ to real numbers. Then $\mathrm{integral}$ applied to $m$, $n$, $x$ and $f$ is an element of $\Real$.

Definition. Let $m$ be an element of $\Real$. Let $n$ be a real number. Let $f$ be a function from elements $x$ of $\Real$ to elements of $\Real$. Then $\mathrm{integral}$ applied to $m$, $n$, $x$ and $f$ is an element of $\Real$.

Definition. Let $m$ be a real number. Let $n$ be an element of $\Real$. Let $f$ be a function from elements $x$ of $\Real$ to elements of $\Real$. Then $\mathrm{integral}$ applied to $m$, $n$, $x$ and $f$ is an element of $\Real$.

Definition. The infinity is a number.

Definition. $\infinity$ is a number.

Definition. Let $A$ be a set. Let $a$ be an element of the universal set. Then $A \ni a$, if $a \in A$.

Definition. Let $A$ be a set. Let $a$ be an element of $\mathbb{ U}$. Then $A \ni a$, if $a \in A$.

Definition. Let $A$ be a set. Let $a$ be an element of the universal set. Then $A$ contains $a$, if $a \in A$.

Definition. Let $A$ be a set. Let $a$ be an element of $\mathbb{ U}$. Then $A$ contains $a$, if $a \in A$.

Definition. Let $A$ be a set. Let $a$ be an element of the universal set. Then $A \ni a$, if $a$ is an element of $A$.

Definition. Let $A$ be a set. Let $a$ be an element of $\mathbb{ U}$. Then $A \ni a$, if $a$ is an element of $A$.

Definition. Let $A$ be a set. Let $a$ be an element of the universal set. Then $A$ contains $a$, if $a$ is an element of $A$.

Definition. Let $A$ be a set. Let $a$ be an element of $\mathbb{ U}$. Then $A$ contains $a$, if $a$ is an element of $A$.

Definition. Let $A$ and $B$ be sets. Then $A \notmeets B$, if it is not the case that there exists an element $x$ of the universal set, such that $x \in A$ and $x \in B$.

Definition. Let $A$ and $B$ be sets. Then $A \notmeets B$, if it is not the case that there exists an element $x$ of $\mathbb{ U}$, such that $x \in A$ and $x \in B$.

Definition. Let $A$ and $B$ be sets. Then $A$ and $B$ are disjoint, if it is not the case that there exists an element $x$ of the universal set, such that $x \in A$ and $x \in B$.

Definition. Let $A$ and $B$ be sets. Then $A$ and $B$ are disjoint, if it is not the case that there exists an element $x$ of $\mathbb{ U}$, such that $x \in A$ and $x \in B$.

Definition. Let $A$ and $B$ be sets. Then $A$ is disjoint from $B$, if it is not the case that there exists an element $x$ of the universal set, such that $x \in A$ and $x \in B$.

Definition. Let $A$ and $B$ be sets. Then $A$ is disjoint from $B$, if it is not the case that there exists an element $x$ of $\mathbb{ U}$, such that $x \in A$ and $x \in B$.

Definition. Let $A$ and $B$ be sets. Then $A \notmeets B$, if it is not the case that there exists an element $x$ of the universal set, such that $x$ is an element of $A$ and $x \in B$.

Definition. Let $A$ and $B$ be sets. Then $A \notmeets B$, if it is not the case that there exists an element $x$ of the universal set, such that $x \in A$ and $x$ is an element of $B$.

Definition. Let $A$ and $B$ be sets. Then $A \notmeets B$, if it is not the case that there exists an element $x$ of $\mathbb{ U}$, such that $x$ is an element of $A$ and $x \in B$.

Definition. Let $A$ and $B$ be sets. Then $A \notmeets B$, if it is not the case that there exists an element $x$ of $\mathbb{ U}$, such that $x \in A$ and $x$ is an element of $B$.

Definition. Let $A$ and $B$ be sets. Then $A$ and $B$ are disjoint, if it is not the case that there exists an element $x$ of the universal set, such that $x$ is an element of $A$ and $x \in B$.

Definition. Let $A$ and $B$ be sets. Then $A$ and $B$ are disjoint, if it is not the case that there exists an element $x$ of the universal set, such that $x \in A$ and $x$ is an element of $B$.

Definition. Let $A$ and $B$ be sets. Then $A$ and $B$ are disjoint, if it is not the case that there exists an element $x$ of $\mathbb{ U}$, such that $x$ is an element of $A$ and $x \in B$.

Definition. Let $A$ and $B$ be sets. Then $A$ and $B$ are disjoint, if it is not the case that there exists an element $x$ of $\mathbb{ U}$, such that $x \in A$ and $x$ is an element of $B$.

Definition. Let $A$ and $B$ be sets. Then $A$ is disjoint from $B$, if it is not the case that there exists an element $x$ of the universal set, such that $x$ is an element of $A$ and $x \in B$.

Definition. Let $A$ and $B$ be sets. Then $A$ is disjoint from $B$, if it is not the case that there exists an element $x$ of the universal set, such that $x \in A$ and $x$ is an element of $B$.

Definition. Let $A$ and $B$ be sets. Then $A$ is disjoint from $B$, if it is not the case that there exists an element $x$ of $\mathbb{ U}$, such that $x$ is an element of $A$ and $x \in B$.

Definition. Let $A$ and $B$ be sets. Then $A$ is disjoint from $B$, if it is not the case that there exists an element $x$ of $\mathbb{ U}$, such that $x \in A$ and $x$ is an element of $B$.

Definition. Let $A$ and $B$ be sets. Then $A \notmeets B$, if it is not the case that there exists an element $x$ of the universal set, such that $x$ is an element of $A$ and $x$ is an element of $B$.

Definition. Let $A$ and $B$ be sets. Then $A \notmeets B$, if it is not the case that there exists an element $x$ of $\mathbb{ U}$, such that $x$ is an element of $A$ and $x$ is an element of $B$.

Definition. Let $A$ and $B$ be sets. Then $A$ and $B$ are disjoint, if it is not the case that there exists an element $x$ of the universal set, such that $x$ is an element of $A$ and $x$ is an element of $B$.

Definition. Let $A$ and $B$ be sets. Then $A$ and $B$ are disjoint, if it is not the case that there exists an element $x$ of $\mathbb{ U}$, such that $x$ is an element of $A$ and $x$ is an element of $B$.

Definition. Let $A$ and $B$ be sets. Then $A$ is disjoint from $B$, if it is not the case that there exists an element $x$ of the universal set, such that $x$ is an element of $A$ and $x$ is an element of $B$.

Definition. Let $A$ and $B$ be sets. Then $A$ is disjoint from $B$, if it is not the case that there exists an element $x$ of $\mathbb{ U}$, such that $x$ is an element of $A$ and $x$ is an element of $B$.

Definition. Let $A$ be a set. Then $A$ is empty, if $A = \emptyset$.

Definition. Let $A$ be a set. Then $A$ is empty, if $A$ is equal to $\emptyset$.

Definition. Let $A$ be a set. Then $A$ is empty, if $A$ is equal to the empty set.

Definition. Let $A$ be a set. Then $A$ is empty, if $A$ and $\emptyset$ are equal.

Definition. Let $A$ be a set. Then $A$ is empty, if $A$ and the empty set are equal.

Definition. Let $A$ be a set. Then $\isempty {A}$ is a proposition defined as $\mathrm{equalset} (A , \emptyset)$.

Definition. Let $A$ be a set. Then $\isempty {A}$ is a proposition defined as the proposition that $A$ is equal to $\emptyset$.

Definition. Let $A$ be a set. Then $\isempty {A}$ is a proposition defined as the proposition that $A$ is equal to the empty set.

Definition. Let $A$ be a set. Then $\isempty {A}$ is a proposition defined as the proposition that $A$ and $\emptyset$ are equal.

Definition. Let $A$ be a set. Then $\isempty {A}$ is a proposition defined as the proposition that $A$ and the empty set are equal.

Definition. Let $A$ be a set. Then $A$ is inhabited, if $A$ is not empty.

Definition. Let $A$ be a set. Then $A$ is inhabited, if it is not the case that $\isempty {A}$.

Definition. Let $A$ be a set. Let $y$ and $z$ be elements of $A$. Then we can say that $\mathrm{Equ}$ holds for $A$, $y$ and $z$.
\end{document}
