\batchmode
\documentclass{article}
\usepackage{amsfonts}
\usepackage{amssymb}
\usepackage{amsmath}
\setlength\parindent{0pt}
\setlength\parskip{8pt}
\begin{document}
\newcommand{\meets}{\mathrel{\supset\!\!\!\subset}}
\newcommand{\notmeets}{\mathrel{\not\meets}}
\newcommand{\Complex}{\mathbb{C}}
\newcommand{\Integer}{\mathbb{Z}}
\newcommand{\Integral}[4]{\int_{ #1 }^{#2} #4 d #3}
\newcommand{\Natural}{\mathbb{N}}
\newcommand{\Rational}{\mathbb{Q}}
\newcommand{\Real}{\mathbb{R}}
\newcommand{\Summa}[4]{\sum_{ #3 = #1 }^{#2}{#4}}
\newcommand{\congruent}[3]{#1 \equiv #2 \, \mbox{mod} \, #3}
\newcommand{\divides}[2]{#1 \mid #2}
\newcommand{\divisible}[2]{#2 \mid #1}
\newcommand{\infinity}{\infty}
\newcommand{\isempty}[1]{#1 = \emptyset}
CommUnion. Let $A$ and $B$ be sets. Then $A \cup B = B \cup A$.

CommUnion. Let $A$ and $B$ be sets. Then $A \cup B$ is equal to $B \cup A$.

CommUnion. Let $A$ and $B$ be sets. Then $A \cup B$ and $B \cup A$ are equal.

CommUnion. Let $A$ and $B$ be sets. Then the union of $A$ and $B$ is equal to $B \cup A$.

CommUnion. Let $A$ and $B$ be sets. Then $A \cup B$ is equal to the union of $B$ and $A$.

CommUnion. Let $A$ and $B$ be sets. Then the union of $A$ and $B$ and $B \cup A$ are equal.

CommUnion. Let $A$ and $B$ be sets. Then $A \cup B$ and the union of $B$ and $A$ are equal.

CommUnion. Let $A$ and $B$ be sets. Then the union of $A$ and $B$ is equal to the union of $B$ and $A$.

CommUnion. Let $A$ and $B$ be sets. Then the union of $A$ and $B$ and the union of $B$ and $A$ are equal.

CommIntersection. Let $A$ and $B$ be sets. Then $A \cap B = B \cap A$.

CommIntersection. Let $A$ and $B$ be sets. Then $A \cap B$ is equal to $B \cap A$.

CommIntersection. Let $A$ and $B$ be sets. Then $A \cap B$ and $B \cap A$ are equal.

CommIntersection. Let $A$ and $B$ be sets. Then the intersection of $A$ and $B$ is equal to $B \cap A$.

CommIntersection. Let $A$ and $B$ be sets. Then $A \cap B$ is equal to the intersection of $B$ and $A$.

CommIntersection. Let $A$ and $B$ be sets. Then the intersection of $A$ and $B$ and $B \cap A$ are equal.

CommIntersection. Let $A$ and $B$ be sets. Then $A \cap B$ and the intersection of $B$ and $A$ are equal.

CommIntersection. Let $A$ and $B$ be sets. Then the intersection of $A$ and $B$ is equal to the intersection of $B$ and $A$.

CommIntersection. Let $A$ and $B$ be sets. Then the intersection of $A$ and $B$ and the intersection of $B$ and $A$ are equal.

AssocUnion. Let $A$, $B$ and $C$ be sets. Then $(A \cup B)\cup C = A \cup (B \cup C)$.

AssocUnion. Let $A$, $B$ and $C$ be sets. Then $(A \cup B)\cup C$ is equal to $A \cup (B \cup C)$.

AssocUnion. Let $A$, $B$ and $C$ be sets. Then $(A \cup B)\cup C$ and $A \cup (B \cup C)$ are equal.

AssocUnion. Let $A$, $B$ and $C$ be sets. Then $(A \cup B)\cup C$ is equal to the union of $A$ and $B \cup C$.

AssocUnion. Let $A$, $B$ and $C$ be sets. Then the union of $A \cup B$ and $C$ is equal to $A \cup (B \cup C)$.

AssocUnion. Let $A$, $B$ and $C$ be sets. Then $(A \cup B)\cup C$ and the union of $A$ and $B \cup C$ are equal.

AssocUnion. Let $A$, $B$ and $C$ be sets. Then $(A \cup B)\cup C$ is equal to the union of $A$, $B$ and $C$.

AssocUnion. Let $A$, $B$ and $C$ be sets. Then the union of $A \cup B$ and $C$ and $A \cup (B \cup C)$ are equal.

AssocUnion. Let $A$, $B$ and $C$ be sets. Then the union of $A$, $B$ and $C$ is equal to $A \cup (B \cup C)$.

AssocUnion. Let $A$, $B$ and $C$ be sets. Then $(A \cup B)\cup C$ and the union of $A$, $B$ and $C$ are equal.

AssocUnion. Let $A$, $B$ and $C$ be sets. Then the union of $A$, $B$ and $C$ and $A \cup (B \cup C)$ are equal.

AssocUnion. Let $A$, $B$ and $C$ be sets. Then the union of $A \cup B$ and $C$ is equal to the union of $A$ and $B \cup C$.

AssocUnion. Let $A$, $B$ and $C$ be sets. Then the union of $A \cup B$ and $C$ and the union of $A$ and $B \cup C$ are equal.

AssocUnion. Let $A$, $B$ and $C$ be sets. Then the union of $A \cup B$ and $C$ is equal to the union of $A$, $B$ and $C$.

AssocUnion. Let $A$, $B$ and $C$ be sets. Then the union of $A$, $B$ and $C$ is equal to the union of $A$ and $B \cup C$.

AssocUnion. Let $A$, $B$ and $C$ be sets. Then the union of $A$, $B$ and $C$ is equal to the union of $A$, $B$ and $C$.

AssocUnion. Let $A$, $B$ and $C$ be sets. Then the union of $A \cup B$ and $C$ and the union of $A$, $B$ and $C$ are equal.

AssocUnion. Let $A$, $B$ and $C$ be sets. Then the union of $A$, $B$ and $C$ and the union of $A$ and $B \cup C$ are equal.

AssocUnion. Let $A$, $B$ and $C$ be sets. Then the union of $A$, $B$ and $C$ and the union of $A$, $B$ and $C$ are equal.

AssocIntersection. Let $A$, $B$ and $C$ be sets. Then $(A \cap B)\cap C = A \cap (B \cap C)$.

AssocIntersection. Let $A$, $B$ and $C$ be sets. Then $(A \cap B)\cap C$ is equal to $A \cap (B \cap C)$.

AssocIntersection. Let $A$, $B$ and $C$ be sets. Then $(A \cap B)\cap C$ and $A \cap (B \cap C)$ are equal.

AssocIntersection. Let $A$, $B$ and $C$ be sets. Then $(A \cap B)\cap C$ is equal to the intersection of $A$ and $B \cap C$.

AssocIntersection. Let $A$, $B$ and $C$ be sets. Then the intersection of $A \cap B$ and $C$ is equal to $A \cap (B \cap C)$.

AssocIntersection. Let $A$, $B$ and $C$ be sets. Then $(A \cap B)\cap C$ and the intersection of $A$ and $B \cap C$ are equal.

AssocIntersection. Let $A$, $B$ and $C$ be sets. Then $(A \cap B)\cap C$ is equal to the intersection of $A$, $B$ and $C$.

AssocIntersection. Let $A$, $B$ and $C$ be sets. Then the intersection of $A \cap B$ and $C$ and $A \cap (B \cap C)$ are equal.

AssocIntersection. Let $A$, $B$ and $C$ be sets. Then the intersection of $A$, $B$ and $C$ is equal to $A \cap (B \cap C)$.

AssocIntersection. Let $A$, $B$ and $C$ be sets. Then $(A \cap B)\cap C$ and the intersection of $A$, $B$ and $C$ are equal.

AssocIntersection. Let $A$, $B$ and $C$ be sets. Then the intersection of $A$, $B$ and $C$ and $A \cap (B \cap C)$ are equal.

AssocIntersection. Let $A$, $B$ and $C$ be sets. Then the intersection of $A \cap B$ and $C$ is equal to the intersection of $A$ and $B \cap C$.

AssocIntersection. Let $A$, $B$ and $C$ be sets. Then the intersection of $A \cap B$ and $C$ and the intersection of $A$ and $B \cap C$ are equal.

AssocIntersection. Let $A$, $B$ and $C$ be sets. Then the intersection of $A \cap B$ and $C$ is equal to the intersection of $A$, $B$ and $C$.

AssocIntersection. Let $A$, $B$ and $C$ be sets. Then the intersection of $A$, $B$ and $C$ is equal to the intersection of $A$ and $B \cap C$.

AssocIntersection. Let $A$, $B$ and $C$ be sets. Then the intersection of $A$, $B$ and $C$ is equal to the intersection of $A$, $B$ and $C$.

AssocIntersection. Let $A$, $B$ and $C$ be sets. Then the intersection of $A \cap B$ and $C$ and the intersection of $A$, $B$ and $C$ are equal.

AssocIntersection. Let $A$, $B$ and $C$ be sets. Then the intersection of $A$, $B$ and $C$ and the intersection of $A$ and $B \cap C$ are equal.

AssocIntersection. Let $A$, $B$ and $C$ be sets. Then the intersection of $A$, $B$ and $C$ and the intersection of $A$, $B$ and $C$ are equal.

DistrUnion. Let $A$, $B$ and $C$ be sets. Then $A \cup (B \cap C)= (A \cup B)\cap (A \cup C)$.

DistrUnion. Let $A$, $B$ and $C$ be sets. Then $A \cup (B \cap C)$ is equal to $(A \cup B)\cap (A \cup C)$.

DistrUnion. Let $A$, $B$ and $C$ be sets. Then $A \cup (B \cap C)$ and $(A \cup B)\cap (A \cup C)$ are equal.

DistrUnion. Let $A$, $B$ and $C$ be sets. Then the union of $A$ and $B \cap C$ is equal to $(A \cup B)\cap (A \cup C)$.

DistrUnion. Let $A$, $B$ and $C$ be sets. Then the union of $A$ and $B \cap C$ and $(A \cup B)\cap (A \cup C)$ are equal.

DistrUnion. Let $A$, $B$ and $C$ be sets. Then $A \cup (B \cap C)$ is equal to the intersection of $A \cup B$ and $A \cup C$.

DistrUnion. Let $A$, $B$ and $C$ be sets. Then $A \cup (B \cap C)$ and the intersection of $A \cup B$ and $A \cup C$ are equal.

DistrUnion. Let $A$, $B$ and $C$ be sets. Then the union of $A$ and $B \cap C$ is equal to the intersection of $A \cup B$ and $A \cup C$.

DistrUnion. Let $A$, $B$ and $C$ be sets. Then the union of $A$ and $B \cap C$ and the intersection of $A \cup B$ and $A \cup C$ are equal.

DistrUnion. Let $A$, $B$ and $C$ be sets. Then $A \cup (B \cap C)$ is equal to the intersection of the union of $A$ and $B$ and $A \cup C$.

DistrUnion. Let $A$, $B$ and $C$ be sets. Then $A \cup (B \cap C)$ is equal to the intersection of $A \cup B$ and the union of $A$ and $C$.

DistrUnion. Let $A$, $B$ and $C$ be sets. Then $A \cup (B \cap C)$ and the intersection of the union of $A$ and $B$ and $A \cup C$ are equal.

DistrUnion. Let $A$, $B$ and $C$ be sets. Then $A \cup (B \cap C)$ and the intersection of $A \cup B$ and the union of $A$ and $C$ are equal.

DistrUnion. Let $A$, $B$ and $C$ be sets. Then the union of $A$ and the intersection of $B$ and $C$ is equal to $(A \cup B)\cap (A \cup C)$.

DistrUnion. Let $A$, $B$ and $C$ be sets. Then the union of $A$ and the intersection of $B$ and $C$ and $(A \cup B)\cap (A \cup C)$ are equal.

DistrUnion. Let $A$, $B$ and $C$ be sets. Then the union of $A$ and $B \cap C$ is equal to the intersection of the union of $A$ and $B$ and $A \cup C$.

DistrUnion. Let $A$, $B$ and $C$ be sets. Then the union of $A$ and $B \cap C$ is equal to the intersection of $A \cup B$ and the union of $A$ and $C$.

DistrUnion. Let $A$, $B$ and $C$ be sets. Then the union of $A$ and $B \cap C$ and the intersection of the union of $A$ and $B$ and $A \cup C$ are equal.

DistrUnion. Let $A$, $B$ and $C$ be sets. Then the union of $A$ and $B \cap C$ and the intersection of $A \cup B$ and the union of $A$ and $C$ are equal.

DistrUnion. Let $A$, $B$ and $C$ be sets. Then $A \cup (B \cap C)$ is equal to the intersection of the union of $A$ and $B$ and the union of $A$ and $C$.

DistrUnion. Let $A$, $B$ and $C$ be sets. Then $A \cup (B \cap C)$ and the intersection of the union of $A$ and $B$ and the union of $A$ and $C$ are equal.

DistrUnion. Let $A$, $B$ and $C$ be sets. Then the union of $A$ and the intersection of $B$ and $C$ is equal to the intersection of $A \cup B$ and $A \cup C$.

DistrUnion. Let $A$, $B$ and $C$ be sets. Then the union of $A$ and the intersection of $B$ and $C$ and the intersection of $A \cup B$ and $A \cup C$ are equal.

DistrUnion. Let $A$, $B$ and $C$ be sets. Then the union of $A$ and $B \cap C$ is equal to the intersection of the union of $A$ and $B$ and the union of $A$ and $C$.

DistrUnion. Let $A$, $B$ and $C$ be sets. Then the union of $A$ and $B \cap C$ and the intersection of the union of $A$ and $B$ and the union of $A$ and $C$ are equal.

DistrUnion. Let $A$, $B$ and $C$ be sets. Then the union of $A$ and the intersection of $B$ and $C$ is equal to the intersection of the union of $A$ and $B$ and $A \cup C$.

DistrUnion. Let $A$, $B$ and $C$ be sets. Then the union of $A$ and the intersection of $B$ and $C$ is equal to the intersection of $A \cup B$ and the union of $A$ and $C$.

DistrUnion. Let $A$, $B$ and $C$ be sets. Then the union of $A$ and the intersection of $B$ and $C$ and the intersection of the union of $A$ and $B$ and $A \cup C$ are equal.

DistrUnion. Let $A$, $B$ and $C$ be sets. Then the union of $A$ and the intersection of $B$ and $C$ and the intersection of $A \cup B$ and the union of $A$ and $C$ are equal.

DistrUnion. Let $A$, $B$ and $C$ be sets. Then the union of $A$ and the intersection of $B$ and $C$ is equal to the intersection of the union of $A$ and $B$ and the union of $A$ and $C$.

DistrUnion. Let $A$, $B$ and $C$ be sets. Then the union of $A$ and the intersection of $B$ and $C$ and the intersection of the union of $A$ and $B$ and the union of $A$ and $C$ are equal.

DistrIntersection. Let $A$, $B$ and $C$ be sets. Then $A \cap (B \cup C)= (A \cap B)\cup (A \cap C)$.

DistrIntersection. Let $A$, $B$ and $C$ be sets. Then $A \cap (B \cup C)$ is equal to $(A \cap B)\cup (A \cap C)$.

DistrIntersection. Let $A$, $B$ and $C$ be sets. Then $A \cap (B \cup C)$ and $(A \cap B)\cup (A \cap C)$ are equal.

DistrIntersection. Let $A$, $B$ and $C$ be sets. Then $A \cap (B \cup C)$ is equal to the union of $A \cap B$ and $A \cap C$.

DistrIntersection. Let $A$, $B$ and $C$ be sets. Then $A \cap (B \cup C)$ and the union of $A \cap B$ and $A \cap C$ are equal.

DistrIntersection. Let $A$, $B$ and $C$ be sets. Then the intersection of $A$ and $B \cup C$ is equal to $(A \cap B)\cup (A \cap C)$.

DistrIntersection. Let $A$, $B$ and $C$ be sets. Then the intersection of $A$ and $B \cup C$ and $(A \cap B)\cup (A \cap C)$ are equal.

DistrIntersection. Let $A$, $B$ and $C$ be sets. Then the intersection of $A$ and $B \cup C$ is equal to the union of $A \cap B$ and $A \cap C$.

DistrIntersection. Let $A$, $B$ and $C$ be sets. Then the intersection of $A$ and $B \cup C$ and the union of $A \cap B$ and $A \cap C$ are equal.

DistrIntersection. Let $A$, $B$ and $C$ be sets. Then $A \cap (B \cup C)$ is equal to the union of the intersection of $A$ and $B$ and $A \cap C$.

DistrIntersection. Let $A$, $B$ and $C$ be sets. Then $A \cap (B \cup C)$ is equal to the union of $A \cap B$ and the intersection of $A$ and $C$.

DistrIntersection. Let $A$, $B$ and $C$ be sets. Then $A \cap (B \cup C)$ and the union of the intersection of $A$ and $B$ and $A \cap C$ are equal.

DistrIntersection. Let $A$, $B$ and $C$ be sets. Then $A \cap (B \cup C)$ and the union of $A \cap B$ and the intersection of $A$ and $C$ are equal.

DistrIntersection. Let $A$, $B$ and $C$ be sets. Then the intersection of $A$ and the union of $B$ and $C$ is equal to $(A \cap B)\cup (A \cap C)$.

DistrIntersection. Let $A$, $B$ and $C$ be sets. Then the intersection of $A$ and the union of $B$ and $C$ and $(A \cap B)\cup (A \cap C)$ are equal.

DistrIntersection. Let $A$, $B$ and $C$ be sets. Then the intersection of $A$ and the union of $B$ and $C$ is equal to the union of $A \cap B$ and $A \cap C$.

DistrIntersection. Let $A$, $B$ and $C$ be sets. Then the intersection of $A$ and the union of $B$ and $C$ and the union of $A \cap B$ and $A \cap C$ are equal.

DistrIntersection. Let $A$, $B$ and $C$ be sets. Then the intersection of $A$ and $B \cup C$ is equal to the union of the intersection of $A$ and $B$ and $A \cap C$.

DistrIntersection. Let $A$, $B$ and $C$ be sets. Then the intersection of $A$ and $B \cup C$ is equal to the union of $A \cap B$ and the intersection of $A$ and $C$.

DistrIntersection. Let $A$, $B$ and $C$ be sets. Then the intersection of $A$ and $B \cup C$ and the union of the intersection of $A$ and $B$ and $A \cap C$ are equal.

DistrIntersection. Let $A$, $B$ and $C$ be sets. Then the intersection of $A$ and $B \cup C$ and the union of $A \cap B$ and the intersection of $A$ and $C$ are equal.

DistrIntersection. Let $A$, $B$ and $C$ be sets. Then $A \cap (B \cup C)$ is equal to the union of the intersection of $A$ and $B$ and the intersection of $A$ and $C$.

DistrIntersection. Let $A$, $B$ and $C$ be sets. Then $A \cap (B \cup C)$ and the union of the intersection of $A$ and $B$ and the intersection of $A$ and $C$ are equal.

DistrIntersection. Let $A$, $B$ and $C$ be sets. Then the intersection of $A$ and the union of $B$ and $C$ is equal to the union of the intersection of $A$ and $B$ and $A \cap C$.

DistrIntersection. Let $A$, $B$ and $C$ be sets. Then the intersection of $A$ and the union of $B$ and $C$ is equal to the union of $A \cap B$ and the intersection of $A$ and $C$.

DistrIntersection. Let $A$, $B$ and $C$ be sets. Then the intersection of $A$ and the union of $B$ and $C$ and the union of the intersection of $A$ and $B$ and $A \cap C$ are equal.

DistrIntersection. Let $A$, $B$ and $C$ be sets. Then the intersection of $A$ and the union of $B$ and $C$ and the union of $A \cap B$ and the intersection of $A$ and $C$ are equal.

DistrIntersection. Let $A$, $B$ and $C$ be sets. Then the intersection of $A$ and $B \cup C$ is equal to the union of the intersection of $A$ and $B$ and the intersection of $A$ and $C$.

DistrIntersection. Let $A$, $B$ and $C$ be sets. Then the intersection of $A$ and $B \cup C$ and the union of the intersection of $A$ and $B$ and the intersection of $A$ and $C$ are equal.

DistrIntersection. Let $A$, $B$ and $C$ be sets. Then the intersection of $A$ and the union of $B$ and $C$ is equal to the union of the intersection of $A$ and $B$ and the intersection of $A$ and $C$.

DistrIntersection. Let $A$, $B$ and $C$ be sets. Then the intersection of $A$ and the union of $B$ and $C$ and the union of the intersection of $A$ and $B$ and the intersection of $A$ and $C$ are equal.

UnionEmpty. Let $A$ be a set. Then $A \cup \emptyset = A$.

UnionEmpty. Let $A$ be a set. Then $A \cup \emptyset$ is equal to $A$.

UnionEmpty. Let $A$ be a set. Then $A \cup \emptyset$ and $A$ are equal.

UnionEmpty. Let $A$ be a set. Then the union of $A$ and $\emptyset$ is equal to $A$.

UnionEmpty. Let $A$ be a set. Then the union of $A$ and the empty set is equal to $A$.

UnionEmpty. Let $A$ be a set. Then the union of $A$ and $\emptyset$ and $A$ are equal.

UnionEmpty. Let $A$ be a set. Then the union of $A$ and the empty set and $A$ are equal.

IntersEmpty. Let $A$ be a set. Then $A \cap \emptyset = \emptyset$.

IntersEmpty. Let $A$ be a set. Then $A \cap \emptyset$ is equal to $\emptyset$.

IntersEmpty. Let $A$ be a set. Then $A \cap \emptyset$ is equal to the empty set.

IntersEmpty. Let $A$ be a set. Then $A \cap \emptyset$ and $\emptyset$ are equal.

IntersEmpty. Let $A$ be a set. Then $A \cap \emptyset$ and the empty set are equal.

IntersEmpty. Let $A$ be a set. Then the intersection of $A$ and $\emptyset$ is equal to $\emptyset$.

IntersEmpty. Let $A$ be a set. Then the intersection of $A$ and the empty set is equal to $\emptyset$.

IntersEmpty. Let $A$ be a set. Then the intersection of $A$ and $\emptyset$ is equal to the empty set.

IntersEmpty. Let $A$ be a set. Then the intersection of $A$ and the empty set is equal to the empty set.

IntersEmpty. Let $A$ be a set. Then the intersection of $A$ and $\emptyset$ and $\emptyset$ are equal.

IntersEmpty. Let $A$ be a set. Then the intersection of $A$ and the empty set and $\emptyset$ are equal.

IntersEmpty. Let $A$ be a set. Then the intersection of $A$ and $\emptyset$ and the empty set are equal.

IntersEmpty. Let $A$ be a set. Then the intersection of $A$ and the empty set and the empty set are equal.

ComplEnion. Let $A$ be a set. Then $A \cup {A }^{\complement} = \mathbb{ U}$.

ComplEnion. Let $A$ be a set. Then $A \cup {A }^{\complement}$ is equal to the universal set.

ComplEnion. Let $A$ be a set. Then $A \cup {A }^{\complement}$ is equal to $\mathbb{ U}$.

ComplEnion. Let $A$ be a set. Then $A \cup {A }^{\complement}$ and the universal set are equal.

ComplEnion. Let $A$ be a set. Then $A \cup {A }^{\complement}$ and $\mathbb{ U}$ are equal.

ComplEnion. Let $A$ be a set. Then the union of $A$ and the complement of $A$ is equal to the universal set.

ComplEnion. Let $A$ be a set. Then the union of $A$ and the complement of $A$ is equal to $\mathbb{ U}$.

ComplEnion. Let $A$ be a set. Then the union of $A$ and ${A }^{\complement}$ is equal to the universal set.

ComplEnion. Let $A$ be a set. Then the union of $A$ and ${A }^{\complement}$ is equal to $\mathbb{ U}$.

ComplEnion. Let $A$ be a set. Then the union of $A$ and the complement of $A$ and the universal set are equal.

ComplEnion. Let $A$ be a set. Then the union of $A$ and the complement of $A$ and $\mathbb{ U}$ are equal.

ComplEnion. Let $A$ be a set. Then the union of $A$ and ${A }^{\complement}$ and the universal set are equal.

ComplEnion. Let $A$ be a set. Then the union of $A$ and ${A }^{\complement}$ and $\mathbb{ U}$ are equal.

ComplIntersection. Let $A$ be a set. Then $A \cap {A }^{\complement} = \emptyset$.

ComplIntersection. Let $A$ be a set. Then $A \cap {A }^{\complement}$ is equal to $\emptyset$.

ComplIntersection. Let $A$ be a set. Then $A \cap {A }^{\complement}$ is equal to the empty set.

ComplIntersection. Let $A$ be a set. Then $A \cap {A }^{\complement}$ and $\emptyset$ are equal.

ComplIntersection. Let $A$ be a set. Then $A \cap {A }^{\complement}$ and the empty set are equal.

ComplIntersection. Let $A$ be a set. Then the intersection of $A$ and the complement of $A$ is equal to $\emptyset$.

ComplIntersection. Let $A$ be a set. Then the intersection of $A$ and the complement of $A$ is equal to the empty set.

ComplIntersection. Let $A$ be a set. Then the intersection of $A$ and ${A }^{\complement}$ is equal to $\emptyset$.

ComplIntersection. Let $A$ be a set. Then the intersection of $A$ and the complement of $A$ and $\emptyset$ are equal.

ComplIntersection. Let $A$ be a set. Then the intersection of $A$ and ${A }^{\complement}$ is equal to the empty set.

ComplIntersection. Let $A$ be a set. Then the intersection of $A$ and the complement of $A$ and the empty set are equal.

ComplIntersection. Let $A$ be a set. Then the intersection of $A$ and ${A }^{\complement}$ and $\emptyset$ are equal.

ComplIntersection. Let $A$ be a set. Then the intersection of $A$ and ${A }^{\complement}$ and the empty set are equal.

IdemUnion. Let $A$ be a set. Then $A \cup A = A$.

IdemUnion. Let $A$ be a set. Then $A \cup A$ is equal to $A$.

IdemUnion. Let $A$ be a set. Then $A \cup A$ and $A$ are equal.

IdemUnion. Let $A$ be a set. Then the union of $A$ and $A$ is equal to $A$.

IdemUnion. Let $A$ be a set. Then the union of $A$ and $A$ and $A$ are equal.

IdemIntersection. Let $A$ be a set. Then $A \cap A = A$.

IdemIntersection. Let $A$ be a set. Then $A \cap A$ is equal to $A$.

IdemIntersection. Let $A$ be a set. Then $A \cap A$ and $A$ are equal.

IdemIntersection. Let $A$ be a set. Then the intersection of $A$ and $A$ is equal to $A$.

IdemIntersection. Let $A$ be a set. Then the intersection of $A$ and $A$ and $A$ are equal.

DominUniverse. Let $A$ be a set. Then $A \cup \mathbb{ U}= \mathbb{ U}$.

DominUniverse. Let $A$ be a set. Then $A \cup \mathbb{ U}$ is equal to the universal set.

DominUniverse. Let $A$ be a set. Then $A \cup \mathbb{ U}$ is equal to $\mathbb{ U}$.

DominUniverse. Let $A$ be a set. Then $A \cup \mathbb{ U}$ and the universal set are equal.

DominUniverse. Let $A$ be a set. Then $A \cup \mathbb{ U}$ and $\mathbb{ U}$ are equal.

DominUniverse. Let $A$ be a set. Then the union of $A$ and the universal set is equal to the universal set.

DominUniverse. Let $A$ be a set. Then the union of $A$ and the universal set is equal to $\mathbb{ U}$.

DominUniverse. Let $A$ be a set. Then the union of $A$ and $\mathbb{ U}$ is equal to the universal set.

DominUniverse. Let $A$ be a set. Then the union of $A$ and $\mathbb{ U}$ is equal to $\mathbb{ U}$.

DominUniverse. Let $A$ be a set. Then the union of $A$ and the universal set and the universal set are equal.

DominUniverse. Let $A$ be a set. Then the union of $A$ and the universal set and $\mathbb{ U}$ are equal.

DominUniverse. Let $A$ be a set. Then the union of $A$ and $\mathbb{ U}$ and the universal set are equal.

DominUniverse. Let $A$ be a set. Then the union of $A$ and $\mathbb{ U}$ and $\mathbb{ U}$ are equal.

DominEmpty. Let $A$ be a set. Then $A \cap \emptyset = \emptyset$.

DominEmpty. Let $A$ be a set. Then $A \cap \emptyset$ is equal to $\emptyset$.

DominEmpty. Let $A$ be a set. Then $A \cap \emptyset$ is equal to the empty set.

DominEmpty. Let $A$ be a set. Then $A \cap \emptyset$ and $\emptyset$ are equal.

DominEmpty. Let $A$ be a set. Then $A \cap \emptyset$ and the empty set are equal.

DominEmpty. Let $A$ be a set. Then the intersection of $A$ and $\emptyset$ is equal to $\emptyset$.

DominEmpty. Let $A$ be a set. Then the intersection of $A$ and the empty set is equal to $\emptyset$.

DominEmpty. Let $A$ be a set. Then the intersection of $A$ and $\emptyset$ is equal to the empty set.

DominEmpty. Let $A$ be a set. Then the intersection of $A$ and the empty set is equal to the empty set.

DominEmpty. Let $A$ be a set. Then the intersection of $A$ and $\emptyset$ and $\emptyset$ are equal.

DominEmpty. Let $A$ be a set. Then the intersection of $A$ and the empty set and $\emptyset$ are equal.

DominEmpty. Let $A$ be a set. Then the intersection of $A$ and $\emptyset$ and the empty set are equal.

DominEmpty. Let $A$ be a set. Then the intersection of $A$ and the empty set and the empty set are equal.

AbsorbUnion. Let $A$ and $B$ be sets. Then $A \cup (A \cap B)= A$.

AbsorbUnion. Let $A$ and $B$ be sets. Then $A \cup (A \cap B)$ is equal to $A$.

AbsorbUnion. Let $A$ and $B$ be sets. Then $A \cup (A \cap B)$ and $A$ are equal.

AbsorbUnion. Let $A$ and $B$ be sets. Then the union of $A$ and $A \cap B$ is equal to $A$.

AbsorbUnion. Let $A$ and $B$ be sets. Then the union of $A$ and $A \cap B$ and $A$ are equal.

AbsorbUnion. Let $A$ and $B$ be sets. Then the union of $A$ and the intersection of $A$ and $B$ is equal to $A$.

AbsorbUnion. Let $A$ and $B$ be sets. Then the union of $A$ and the intersection of $A$ and $B$ and $A$ are equal.

AbsorbIntersection. Let $A$ and $B$ be sets. Then $A \cap (A \cup B)= A$.

AbsorbIntersection. Let $A$ and $B$ be sets. Then $A \cap (A \cup B)$ is equal to $A$.

AbsorbIntersection. Let $A$ and $B$ be sets. Then $A \cap (A \cup B)$ and $A$ are equal.

AbsorbIntersection. Let $A$ and $B$ be sets. Then the intersection of $A$ and $A \cup B$ is equal to $A$.

AbsorbIntersection. Let $A$ and $B$ be sets. Then the intersection of $A$ and $A \cup B$ and $A$ are equal.

AbsorbIntersection. Let $A$ and $B$ be sets. Then the intersection of $A$ and the union of $A$ and $B$ is equal to $A$.

AbsorbIntersection. Let $A$ and $B$ be sets. Then the intersection of $A$ and the union of $A$ and $B$ and $A$ are equal.

DemorganUnion. Let $A$ and $B$ be sets. Then ${(A \cup B)}^{\complement} = {A }^{\complement} \cap {B }^{\complement}$.

DemorganUnion. Let $A$ and $B$ be sets. Then the complement of $A \cup B$ is equal to ${A }^{\complement} \cap {B }^{\complement}$.

DemorganUnion. Let $A$ and $B$ be sets. Then the complement of $A \cup B$ and ${A }^{\complement} \cap {B }^{\complement}$ are equal.

DemorganUnion. Let $A$ and $B$ be sets. Then ${(A \cup B)}^{\complement}$ is equal to ${A }^{\complement} \cap {B }^{\complement}$.

DemorganUnion. Let $A$ and $B$ be sets. Then ${(A \cup B)}^{\complement}$ and ${A }^{\complement} \cap {B }^{\complement}$ are equal.

DemorganUnion. Let $A$ and $B$ be sets. Then the complement of the union of $A$ and $B$ is equal to ${A }^{\complement} \cap {B }^{\complement}$.

DemorganUnion. Let $A$ and $B$ be sets. Then the complement of the union of $A$ and $B$ and ${A }^{\complement} \cap {B }^{\complement}$ are equal.

DemorganUnion. Let $A$ and $B$ be sets. Then the complement of $A \cup B$ is equal to the intersection of the complement of $A$ and the complement of $B$.

DemorganUnion. Let $A$ and $B$ be sets. Then the complement of $A \cup B$ is equal to the intersection of the complement of $A$ and ${B }^{\complement}$.

DemorganUnion. Let $A$ and $B$ be sets. Then the complement of $A \cup B$ is equal to the intersection of ${A }^{\complement}$ and the complement of $B$.

DemorganUnion. Let $A$ and $B$ be sets. Then the complement of $A \cup B$ and the intersection of the complement of $A$ and the complement of $B$ are equal.

DemorganUnion. Let $A$ and $B$ be sets. Then the complement of $A \cup B$ is equal to the intersection of ${A }^{\complement}$ and ${B }^{\complement}$.

DemorganUnion. Let $A$ and $B$ be sets. Then the complement of $A \cup B$ and the intersection of the complement of $A$ and ${B }^{\complement}$ are equal.

DemorganUnion. Let $A$ and $B$ be sets. Then the complement of $A \cup B$ and the intersection of ${A }^{\complement}$ and the complement of $B$ are equal.

DemorganUnion. Let $A$ and $B$ be sets. Then ${(A \cup B)}^{\complement}$ is equal to the intersection of the complement of $A$ and the complement of $B$.

DemorganUnion. Let $A$ and $B$ be sets. Then the complement of $A \cup B$ and the intersection of ${A }^{\complement}$ and ${B }^{\complement}$ are equal.

DemorganUnion. Let $A$ and $B$ be sets. Then ${(A \cup B)}^{\complement}$ is equal to the intersection of the complement of $A$ and ${B }^{\complement}$.

DemorganUnion. Let $A$ and $B$ be sets. Then ${(A \cup B)}^{\complement}$ is equal to the intersection of ${A }^{\complement}$ and the complement of $B$.

DemorganUnion. Let $A$ and $B$ be sets. Then ${(A \cup B)}^{\complement}$ and the intersection of the complement of $A$ and the complement of $B$ are equal.

DemorganUnion. Let $A$ and $B$ be sets. Then ${(A \cup B)}^{\complement}$ is equal to the intersection of ${A }^{\complement}$ and ${B }^{\complement}$.

DemorganUnion. Let $A$ and $B$ be sets. Then ${(A \cup B)}^{\complement}$ and the intersection of the complement of $A$ and ${B }^{\complement}$ are equal.

DemorganUnion. Let $A$ and $B$ be sets. Then ${(A \cup B)}^{\complement}$ and the intersection of ${A }^{\complement}$ and the complement of $B$ are equal.

DemorganUnion. Let $A$ and $B$ be sets. Then ${(A \cup B)}^{\complement}$ and the intersection of ${A }^{\complement}$ and ${B }^{\complement}$ are equal.

DemorganUnion. Let $A$ and $B$ be sets. Then the complement of the union of $A$ and $B$ is equal to the intersection of the complement of $A$ and the complement of $B$.

DemorganUnion. Let $A$ and $B$ be sets. Then the complement of the union of $A$ and $B$ is equal to the intersection of the complement of $A$ and ${B }^{\complement}$.

DemorganUnion. Let $A$ and $B$ be sets. Then the complement of the union of $A$ and $B$ is equal to the intersection of ${A }^{\complement}$ and the complement of $B$.

DemorganUnion. Let $A$ and $B$ be sets. Then the complement of the union of $A$ and $B$ and the intersection of the complement of $A$ and the complement of $B$ are equal.

DemorganUnion. Let $A$ and $B$ be sets. Then the complement of the union of $A$ and $B$ is equal to the intersection of ${A }^{\complement}$ and ${B }^{\complement}$.

DemorganUnion. Let $A$ and $B$ be sets. Then the complement of the union of $A$ and $B$ and the intersection of the complement of $A$ and ${B }^{\complement}$ are equal.

DemorganUnion. Let $A$ and $B$ be sets. Then the complement of the union of $A$ and $B$ and the intersection of ${A }^{\complement}$ and the complement of $B$ are equal.

DemorganUnion. Let $A$ and $B$ be sets. Then the complement of the union of $A$ and $B$ and the intersection of ${A }^{\complement}$ and ${B }^{\complement}$ are equal.

DemorganIntersection. Let $A$ and $B$ be sets. Then ${(A \cap B)}^{\complement} = {A }^{\complement} \cup {B }^{\complement}$.

DemorganIntersection. Let $A$ and $B$ be sets. Then the complement of $A \cap B$ is equal to ${A }^{\complement} \cup {B }^{\complement}$.

DemorganIntersection. Let $A$ and $B$ be sets. Then the complement of $A \cap B$ and ${A }^{\complement} \cup {B }^{\complement}$ are equal.

DemorganIntersection. Let $A$ and $B$ be sets. Then ${(A \cap B)}^{\complement}$ is equal to ${A }^{\complement} \cup {B }^{\complement}$.

DemorganIntersection. Let $A$ and $B$ be sets. Then ${(A \cap B)}^{\complement}$ and ${A }^{\complement} \cup {B }^{\complement}$ are equal.

DemorganIntersection. Let $A$ and $B$ be sets. Then the complement of $A \cap B$ is equal to the union of the complement of $A$ and the complement of $B$.

DemorganIntersection. Let $A$ and $B$ be sets. Then the complement of $A \cap B$ is equal to the union of the complement of $A$ and ${B }^{\complement}$.

DemorganIntersection. Let $A$ and $B$ be sets. Then the complement of $A \cap B$ is equal to the union of ${A }^{\complement}$ and the complement of $B$.

DemorganIntersection. Let $A$ and $B$ be sets. Then the complement of $A \cap B$ and the union of the complement of $A$ and the complement of $B$ are equal.

DemorganIntersection. Let $A$ and $B$ be sets. Then the complement of $A \cap B$ is equal to the union of ${A }^{\complement}$ and ${B }^{\complement}$.

DemorganIntersection. Let $A$ and $B$ be sets. Then the complement of $A \cap B$ and the union of the complement of $A$ and ${B }^{\complement}$ are equal.

DemorganIntersection. Let $A$ and $B$ be sets. Then the complement of $A \cap B$ and the union of ${A }^{\complement}$ and the complement of $B$ are equal.

DemorganIntersection. Let $A$ and $B$ be sets. Then ${(A \cap B)}^{\complement}$ is equal to the union of the complement of $A$ and the complement of $B$.

DemorganIntersection. Let $A$ and $B$ be sets. Then the complement of $A \cap B$ and the union of ${A }^{\complement}$ and ${B }^{\complement}$ are equal.

DemorganIntersection. Let $A$ and $B$ be sets. Then ${(A \cap B)}^{\complement}$ is equal to the union of the complement of $A$ and ${B }^{\complement}$.

DemorganIntersection. Let $A$ and $B$ be sets. Then ${(A \cap B)}^{\complement}$ is equal to the union of ${A }^{\complement}$ and the complement of $B$.

DemorganIntersection. Let $A$ and $B$ be sets. Then ${(A \cap B)}^{\complement}$ and the union of the complement of $A$ and the complement of $B$ are equal.

DemorganIntersection. Let $A$ and $B$ be sets. Then ${(A \cap B)}^{\complement}$ is equal to the union of ${A }^{\complement}$ and ${B }^{\complement}$.

DemorganIntersection. Let $A$ and $B$ be sets. Then ${(A \cap B)}^{\complement}$ and the union of the complement of $A$ and ${B }^{\complement}$ are equal.

DemorganIntersection. Let $A$ and $B$ be sets. Then ${(A \cap B)}^{\complement}$ and the union of ${A }^{\complement}$ and the complement of $B$ are equal.

DemorganIntersection. Let $A$ and $B$ be sets. Then the complement of the intersection of $A$ and $B$ is equal to ${A }^{\complement} \cup {B }^{\complement}$.

DemorganIntersection. Let $A$ and $B$ be sets. Then ${(A \cap B)}^{\complement}$ and the union of ${A }^{\complement}$ and ${B }^{\complement}$ are equal.

DemorganIntersection. Let $A$ and $B$ be sets. Then the complement of the intersection of $A$ and $B$ and ${A }^{\complement} \cup {B }^{\complement}$ are equal.

DemorganIntersection. Let $A$ and $B$ be sets. Then the complement of the intersection of $A$ and $B$ is equal to the union of the complement of $A$ and the complement of $B$.

DemorganIntersection. Let $A$ and $B$ be sets. Then the complement of the intersection of $A$ and $B$ is equal to the union of the complement of $A$ and ${B }^{\complement}$.

DemorganIntersection. Let $A$ and $B$ be sets. Then the complement of the intersection of $A$ and $B$ is equal to the union of ${A }^{\complement}$ and the complement of $B$.

DemorganIntersection. Let $A$ and $B$ be sets. Then the complement of the intersection of $A$ and $B$ and the union of the complement of $A$ and the complement of $B$ are equal.

DemorganIntersection. Let $A$ and $B$ be sets. Then the complement of the intersection of $A$ and $B$ is equal to the union of ${A }^{\complement}$ and ${B }^{\complement}$.

DemorganIntersection. Let $A$ and $B$ be sets. Then the complement of the intersection of $A$ and $B$ and the union of the complement of $A$ and ${B }^{\complement}$ are equal.

DemorganIntersection. Let $A$ and $B$ be sets. Then the complement of the intersection of $A$ and $B$ and the union of ${A }^{\complement}$ and the complement of $B$ are equal.

DemorganIntersection. Let $A$ and $B$ be sets. Then the complement of the intersection of $A$ and $B$ and the union of ${A }^{\complement}$ and ${B }^{\complement}$ are equal.

Involution. Let $A$ be a set. Then ${({A }^{\complement})}^{\complement} = A$.

Involution. Let $A$ be a set. Then the complement of the complement of $A$ is equal to $A$.

Involution. Let $A$ be a set. Then the complement of ${A }^{\complement}$ is equal to $A$.

Involution. Let $A$ be a set. Then the complement of the complement of $A$ and $A$ are equal.

Involution. Let $A$ be a set. Then the complement of ${A }^{\complement}$ and $A$ are equal.

Involution. Let $A$ be a set. Then ${({A }^{\complement})}^{\complement}$ is equal to $A$.

Involution. Let $A$ be a set. Then ${({A }^{\complement})}^{\complement}$ and $A$ are equal.

IntersectionAsDifference. Let $A$ and $B$ be sets. Then $A \cap B = A \setminus (A \setminus B)$.

IntersectionAsDifference. Let $A$ and $B$ be sets. Then $A \cap B$ is equal to $A \setminus (A \setminus B)$.

IntersectionAsDifference. Let $A$ and $B$ be sets. Then $A \cap B$ and $A \setminus (A \setminus B)$ are equal.

IntersectionAsDifference. Let $A$ and $B$ be sets. Then $A \cap B$ is equal to the difference of $A$ and $A \setminus B$.

IntersectionAsDifference. Let $A$ and $B$ be sets. Then $A \cap B$ and the difference of $A$ and $A \setminus B$ are equal.

IntersectionAsDifference. Let $A$ and $B$ be sets. Then the intersection of $A$ and $B$ is equal to $A \setminus (A \setminus B)$.

IntersectionAsDifference. Let $A$ and $B$ be sets. Then the intersection of $A$ and $B$ and $A \setminus (A \setminus B)$ are equal.

IntersectionAsDifference. Let $A$ and $B$ be sets. Then $A \cap B$ is equal to the difference of $A$ and the difference of $A$ and $B$.

IntersectionAsDifference. Let $A$ and $B$ be sets. Then $A \cap B$ and the difference of $A$ and the difference of $A$ and $B$ are equal.

IntersectionAsDifference. Let $A$ and $B$ be sets. Then the intersection of $A$ and $B$ is equal to the difference of $A$ and $A \setminus B$.

IntersectionAsDifference. Let $A$ and $B$ be sets. Then the intersection of $A$ and $B$ and the difference of $A$ and $A \setminus B$ are equal.

IntersectionAsDifference. Let $A$ and $B$ be sets. Then the intersection of $A$ and $B$ is equal to the difference of $A$ and the difference of $A$ and $B$.

IntersectionAsDifference. Let $A$ and $B$ be sets. Then the intersection of $A$ and $B$ and the difference of $A$ and the difference of $A$ and $B$ are equal.

ComplEmpty. ${\emptyset }^{\complement} = \mathbb{ U}$.

ComplEmpty. The complement of the empty set is equal to the universal set.

ComplEmpty. The complement of the empty set is equal to $\mathbb{ U}$.

ComplEmpty. The complement of $\emptyset$ is equal to the universal set.

ComplEmpty. The complement of $\emptyset$ is equal to $\mathbb{ U}$.

ComplEmpty. The complement of the empty set and the universal set are equal.

ComplEmpty. The complement of the empty set and $\mathbb{ U}$ are equal.

ComplEmpty. The complement of $\emptyset$ and the universal set are equal.

ComplEmpty. The complement of $\emptyset$ and $\mathbb{ U}$ are equal.

ComplEmpty. ${\emptyset }^{\complement}$ is equal to the universal set.

ComplEmpty. ${\emptyset }^{\complement}$ is equal to $\mathbb{ U}$.

ComplEmpty. ${\emptyset }^{\complement}$ and the universal set are equal.

ComplEmpty. ${\emptyset }^{\complement}$ and $\mathbb{ U}$ are equal.

ComplUniverse. ${\mathbb{ U}}^{\complement} = \emptyset$.

ComplUniverse. The complement of the universal set is equal to $\emptyset$.

ComplUniverse. The complement of the universal set is equal to the empty set.

ComplUniverse. The complement of $\mathbb{ U}$ is equal to $\emptyset$.

ComplUniverse. The complement of $\mathbb{ U}$ is equal to the empty set.

ComplUniverse. The complement of the universal set and $\emptyset$ are equal.

ComplUniverse. ${\mathbb{ U}}^{\complement}$ is equal to $\emptyset$.

ComplUniverse. The complement of the universal set and the empty set are equal.

ComplUniverse. The complement of $\mathbb{ U}$ and $\emptyset$ are equal.

ComplUniverse. ${\mathbb{ U}}^{\complement}$ is equal to the empty set.

ComplUniverse. The complement of $\mathbb{ U}$ and the empty set are equal.

ComplUniverse. ${\mathbb{ U}}^{\complement}$ and $\emptyset$ are equal.

ComplUniverse. ${\mathbb{ U}}^{\complement}$ and the empty set are equal.

UniqComplement. Let $A$ and $B$ be sets. Assume that $A \cup B = \mathbb{ U}$. Assume that $A \cap B = \emptyset$. Then $B = {A }^{\complement}$.

UniqComplement. Let $A$ and $B$ be sets. Assume that $A \cup B = \mathbb{ U}$. Assume that $A \cap B = \emptyset$. Then $B$ is equal to the complement of $A$.

UniqComplement. Let $A$ and $B$ be sets. Assume that $A \cup B = \mathbb{ U}$. Assume that $A \cap B$ is equal to $\emptyset$. Then $B = {A }^{\complement}$.

UniqComplement. Let $A$ and $B$ be sets. Assume that $A \cup B$ is equal to the universal set. Assume that $A \cap B = \emptyset$. Then $B = {A }^{\complement}$.

UniqComplement. Let $A$ and $B$ be sets. Assume that $A \cup B$ is equal to $\mathbb{ U}$. Assume that $A \cap B = \emptyset$. Then $B = {A }^{\complement}$.

UniqComplement. Let $A$ and $B$ be sets. Assume that $A \cup B = \mathbb{ U}$. Assume that $A \cap B$ is equal to the empty set. Then $B = {A }^{\complement}$.

UniqComplement. Let $A$ and $B$ be sets. Assume that $A \cup B = \mathbb{ U}$. Assume that $A \cap B = \emptyset$. Then $B$ is equal to ${A }^{\complement}$.

UniqComplement. Let $A$ and $B$ be sets. Assume that $A \cup B = \mathbb{ U}$. Assume that $A \cap B = \emptyset$. Then $B$ and the complement of $A$ are equal.

UniqComplement. Let $A$ and $B$ be sets. Assume that $A \cup B = \mathbb{ U}$. Assume that $A \cap B$ and $\emptyset$ are equal. Then $B = {A }^{\complement}$.

UniqComplement. Let $A$ and $B$ be sets. Assume that $A \cup B$ and the universal set are equal. Assume that $A \cap B = \emptyset$. Then $B = {A }^{\complement}$.

UniqComplement. Let $A$ and $B$ be sets. Assume that $A \cup B$ and $\mathbb{ U}$ are equal. Assume that $A \cap B = \emptyset$. Then $B = {A }^{\complement}$.

UniqComplement. Let $A$ and $B$ be sets. Assume that $A \cup B = \mathbb{ U}$. Assume that $A \cap B$ and the empty set are equal. Then $B = {A }^{\complement}$.

UniqComplement. Let $A$ and $B$ be sets. Assume that $A \cup B = \mathbb{ U}$. Assume that $A \cap B = \emptyset$. Then $B$ and ${A }^{\complement}$ are equal.

UniqComplement. Let $A$ and $B$ be sets. Assume that $A \cup B = \mathbb{ U}$. Assume that $A \cap B$ is equal to $\emptyset$. Then $B$ is equal to the complement of $A$.

UniqComplement. Let $A$ and $B$ be sets. Assume that $A \cup B$ is equal to the universal set. Assume that $A \cap B = \emptyset$. Then $B$ is equal to the complement of $A$.

UniqComplement. Let $A$ and $B$ be sets. Assume that $A \cup B$ is equal to $\mathbb{ U}$. Assume that $A \cap B = \emptyset$. Then $B$ is equal to the complement of $A$.

UniqComplement. Let $A$ and $B$ be sets. Assume that $A \cup B = \mathbb{ U}$. Assume that $A \cap B$ is equal to the empty set. Then $B$ is equal to the complement of $A$.

UniqComplement. Let $A$ and $B$ be sets. Assume that $A \cup B$ is equal to the universal set. Assume that $A \cap B$ is equal to $\emptyset$. Then $B = {A }^{\complement}$.

UniqComplement. Let $A$ and $B$ be sets. Assume that $A \cup B$ is equal to $\mathbb{ U}$. Assume that $A \cap B$ is equal to $\emptyset$. Then $B = {A }^{\complement}$.

UniqComplement. Let $A$ and $B$ be sets. Assume that $A \cup B = \mathbb{ U}$. Assume that $A \cap B$ is equal to $\emptyset$. Then $B$ is equal to ${A }^{\complement}$.

UniqComplement. Let $A$ and $B$ be sets. Assume that $A \cup B = \mathbb{ U}$. Assume that $A \cap B$ is equal to $\emptyset$. Then $B$ and the complement of $A$ are equal.

UniqComplement. Let $A$ and $B$ be sets. Assume that $A \cup B = \mathbb{ U}$. Assume that $A \cap B$ and $\emptyset$ are equal. Then $B$ is equal to the complement of $A$.

UniqComplement. Let $A$ and $B$ be sets. Assume that $A \cup B$ is equal to the universal set. Assume that $A \cap B$ is equal to the empty set. Then $B = {A }^{\complement}$.

UniqComplement. Let $A$ and $B$ be sets. Assume that $A \cup B$ is equal to the universal set. Assume that $A \cap B = \emptyset$. Then $B$ is equal to ${A }^{\complement}$.

UniqComplement. Let $A$ and $B$ be sets. Assume that $A \cup B$ is equal to the universal set. Assume that $A \cap B = \emptyset$. Then $B$ and the complement of $A$ are equal.

UniqComplement. Let $A$ and $B$ be sets. Assume that $A \cup B$ is equal to $\mathbb{ U}$. Assume that $A \cap B$ is equal to the empty set. Then $B = {A }^{\complement}$.

UniqComplement. Let $A$ and $B$ be sets. Assume that $A \cup B$ is equal to $\mathbb{ U}$. Assume that $A \cap B = \emptyset$. Then $B$ is equal to ${A }^{\complement}$.

UniqComplement. Let $A$ and $B$ be sets. Assume that $A \cup B$ is equal to $\mathbb{ U}$. Assume that $A \cap B = \emptyset$. Then $B$ and the complement of $A$ are equal.

UniqComplement. Let $A$ and $B$ be sets. Assume that $A \cup B$ and the universal set are equal. Assume that $A \cap B = \emptyset$. Then $B$ is equal to the complement of $A$.

UniqComplement. Let $A$ and $B$ be sets. Assume that $A \cup B$ and $\mathbb{ U}$ are equal. Assume that $A \cap B = \emptyset$. Then $B$ is equal to the complement of $A$.

UniqComplement. Let $A$ and $B$ be sets. Assume that $A \cup B = \mathbb{ U}$. Assume that $A \cap B$ is equal to the empty set. Then $B$ is equal to ${A }^{\complement}$.

UniqComplement. Let $A$ and $B$ be sets. Assume that $A \cup B = \mathbb{ U}$. Assume that $A \cap B$ is equal to the empty set. Then $B$ and the complement of $A$ are equal.

UniqComplement. Let $A$ and $B$ be sets. Assume that $A \cup B = \mathbb{ U}$. Assume that $A \cap B$ and the empty set are equal. Then $B$ is equal to the complement of $A$.

UniqComplement. Let $A$ and $B$ be sets. Assume that $A \cup B$ is equal to the universal set. Assume that $A \cap B$ and $\emptyset$ are equal. Then $B = {A }^{\complement}$.

UniqComplement. Let $A$ and $B$ be sets. Assume that $A \cup B$ is equal to $\mathbb{ U}$. Assume that $A \cap B$ and $\emptyset$ are equal. Then $B = {A }^{\complement}$.

UniqComplement. Let $A$ and $B$ be sets. Assume that $A \cup B$ and the universal set are equal. Assume that $A \cap B$ is equal to $\emptyset$. Then $B = {A }^{\complement}$.

UniqComplement. Let $A$ and $B$ be sets. Assume that $A \cup B$ and $\mathbb{ U}$ are equal. Assume that $A \cap B$ is equal to $\emptyset$. Then $B = {A }^{\complement}$.

UniqComplement. Let $A$ and $B$ be sets. Assume that $A \cup B = \mathbb{ U}$. Assume that $A \cap B$ is equal to $\emptyset$. Then $B$ and ${A }^{\complement}$ are equal.

UniqComplement. Let $A$ and $B$ be sets. Assume that $A \cup B = \mathbb{ U}$. Assume that $A \cap B$ and $\emptyset$ are equal. Then $B$ is equal to ${A }^{\complement}$.

UniqComplement. Let $A$ and $B$ be sets. Assume that $A \cup B = \mathbb{ U}$. Assume that $A \cap B$ and $\emptyset$ are equal. Then $B$ and the complement of $A$ are equal.

UniqComplement. Let $A$ and $B$ be sets. Assume that $A \cup B$ is equal to the universal set. Assume that $A \cap B$ and the empty set are equal. Then $B = {A }^{\complement}$.

UniqComplement. Let $A$ and $B$ be sets. Assume that $A \cup B$ is equal to the universal set. Assume that $A \cap B = \emptyset$. Then $B$ and ${A }^{\complement}$ are equal.

UniqComplement. Let $A$ and $B$ be sets. Assume that $A \cup B$ is equal to $\mathbb{ U}$. Assume that $A \cap B$ and the empty set are equal. Then $B = {A }^{\complement}$.

UniqComplement. Let $A$ and $B$ be sets. Assume that $A \cup B$ is equal to $\mathbb{ U}$. Assume that $A \cap B = \emptyset$. Then $B$ and ${A }^{\complement}$ are equal.

UniqComplement. Let $A$ and $B$ be sets. Assume that $A \cup B$ and the universal set are equal. Assume that $A \cap B$ is equal to the empty set. Then $B = {A }^{\complement}$.

UniqComplement. Let $A$ and $B$ be sets. Assume that $A \cup B$ and the universal set are equal. Assume that $A \cap B = \emptyset$. Then $B$ is equal to ${A }^{\complement}$.

UniqComplement. Let $A$ and $B$ be sets. Assume that $A \cup B$ and the universal set are equal. Assume that $A \cap B = \emptyset$. Then $B$ and the complement of $A$ are equal.

UniqComplement. Let $A$ and $B$ be sets. Assume that $A \cup B$ and $\mathbb{ U}$ are equal. Assume that $A \cap B$ is equal to the empty set. Then $B = {A }^{\complement}$.

UniqComplement. Let $A$ and $B$ be sets. Assume that $A \cup B$ and $\mathbb{ U}$ are equal. Assume that $A \cap B = \emptyset$. Then $B$ is equal to ${A }^{\complement}$.

UniqComplement. Let $A$ and $B$ be sets. Assume that $A \cup B$ and $\mathbb{ U}$ are equal. Assume that $A \cap B = \emptyset$. Then $B$ and the complement of $A$ are equal.

UniqComplement. Let $A$ and $B$ be sets. Assume that $A \cup B = \mathbb{ U}$. Assume that $A \cap B$ is equal to the empty set. Then $B$ and ${A }^{\complement}$ are equal.

UniqComplement. Let $A$ and $B$ be sets. Assume that $A \cup B = \mathbb{ U}$. Assume that $A \cap B$ and the empty set are equal. Then $B$ is equal to ${A }^{\complement}$.

UniqComplement. Let $A$ and $B$ be sets. Assume that $A \cup B = \mathbb{ U}$. Assume that $A \cap B$ and the empty set are equal. Then $B$ and the complement of $A$ are equal.

UniqComplement. Let $A$ and $B$ be sets. Assume that $A \cup B$ and the universal set are equal. Assume that $A \cap B$ and $\emptyset$ are equal. Then $B = {A }^{\complement}$.

UniqComplement. Let $A$ and $B$ be sets. Assume that $A \cup B$ and $\mathbb{ U}$ are equal. Assume that $A \cap B$ and $\emptyset$ are equal. Then $B = {A }^{\complement}$.

UniqComplement. Let $A$ and $B$ be sets. Assume that $A \cup B = \mathbb{ U}$. Assume that $A \cap B$ and $\emptyset$ are equal. Then $B$ and ${A }^{\complement}$ are equal.

UniqComplement. Let $A$ and $B$ be sets. Assume that the union of $A$ and $B$ is equal to the universal set. Assume that $A \cap B = \emptyset$. Then $B = {A }^{\complement}$.

UniqComplement. Let $A$ and $B$ be sets. Assume that the union of $A$ and $B$ is equal to $\mathbb{ U}$. Assume that $A \cap B = \emptyset$. Then $B = {A }^{\complement}$.

UniqComplement. Let $A$ and $B$ be sets. Assume that $A \cup B$ and the universal set are equal. Assume that $A \cap B$ and the empty set are equal. Then $B = {A }^{\complement}$.

UniqComplement. Let $A$ and $B$ be sets. Assume that $A \cup B$ and the universal set are equal. Assume that $A \cap B = \emptyset$. Then $B$ and ${A }^{\complement}$ are equal.

UniqComplement. Let $A$ and $B$ be sets. Assume that $A \cup B$ and $\mathbb{ U}$ are equal. Assume that $A \cap B$ and the empty set are equal. Then $B = {A }^{\complement}$.

UniqComplement. Let $A$ and $B$ be sets. Assume that $A \cup B$ and $\mathbb{ U}$ are equal. Assume that $A \cap B = \emptyset$. Then $B$ and ${A }^{\complement}$ are equal.

UniqComplement. Let $A$ and $B$ be sets. Assume that $A \cup B = \mathbb{ U}$. Assume that $A \cap B$ and the empty set are equal. Then $B$ and ${A }^{\complement}$ are equal.

UniqComplement. Let $A$ and $B$ be sets. Assume that the union of $A$ and $B$ and the universal set are equal. Assume that $A \cap B = \emptyset$. Then $B = {A }^{\complement}$.

UniqComplement. Let $A$ and $B$ be sets. Assume that the union of $A$ and $B$ and $\mathbb{ U}$ are equal. Assume that $A \cap B = \emptyset$. Then $B = {A }^{\complement}$.

UniqComplement. Let $A$ and $B$ be sets. Assume that $A \cup B = \mathbb{ U}$. Assume that the intersection of $A$ and $B$ is equal to $\emptyset$. Then $B = {A }^{\complement}$.

UniqComplement. Let $A$ and $B$ be sets. Assume that $A \cup B = \mathbb{ U}$. Assume that the intersection of $A$ and $B$ is equal to the empty set. Then $B = {A }^{\complement}$.

UniqComplement. Let $A$ and $B$ be sets. Assume that $A \cup B = \mathbb{ U}$. Assume that the intersection of $A$ and $B$ and $\emptyset$ are equal. Then $B = {A }^{\complement}$.

UniqComplement. Let $A$ and $B$ be sets. Assume that $A \cup B$ is equal to the universal set. Assume that $A \cap B$ is equal to $\emptyset$. Then $B$ is equal to the complement of $A$.

UniqComplement. Let $A$ and $B$ be sets. Assume that $A \cup B$ is equal to $\mathbb{ U}$. Assume that $A \cap B$ is equal to $\emptyset$. Then $B$ is equal to the complement of $A$.

UniqComplement. Let $A$ and $B$ be sets. Assume that $A \cup B = \mathbb{ U}$. Assume that the intersection of $A$ and $B$ and the empty set are equal. Then $B = {A }^{\complement}$.

UniqComplement. Let $A$ and $B$ be sets. Assume that $A \cup B$ is equal to the universal set. Assume that $A \cap B$ is equal to the empty set. Then $B$ is equal to the complement of $A$.

UniqComplement. Let $A$ and $B$ be sets. Assume that $A \cup B$ is equal to $\mathbb{ U}$. Assume that $A \cap B$ is equal to the empty set. Then $B$ is equal to the complement of $A$.

UniqComplement. Let $A$ and $B$ be sets. Assume that $A \cup B$ is equal to the universal set. Assume that $A \cap B$ is equal to $\emptyset$. Then $B$ is equal to ${A }^{\complement}$.

UniqComplement. Let $A$ and $B$ be sets. Assume that $A \cup B$ is equal to the universal set. Assume that $A \cap B$ is equal to $\emptyset$. Then $B$ and the complement of $A$ are equal.

UniqComplement. Let $A$ and $B$ be sets. Assume that $A \cup B$ is equal to the universal set. Assume that $A \cap B$ and $\emptyset$ are equal. Then $B$ is equal to the complement of $A$.

UniqComplement. Let $A$ and $B$ be sets. Assume that $A \cup B$ is equal to $\mathbb{ U}$. Assume that $A \cap B$ is equal to $\emptyset$. Then $B$ is equal to ${A }^{\complement}$.

UniqComplement. Let $A$ and $B$ be sets. Assume that $A \cup B$ is equal to $\mathbb{ U}$. Assume that $A \cap B$ is equal to $\emptyset$. Then $B$ and the complement of $A$ are equal.

UniqComplement. Let $A$ and $B$ be sets. Assume that $A \cup B$ is equal to $\mathbb{ U}$. Assume that $A \cap B$ and $\emptyset$ are equal. Then $B$ is equal to the complement of $A$.

UniqComplement. Let $A$ and $B$ be sets. Assume that $A \cup B$ and the universal set are equal. Assume that $A \cap B$ is equal to $\emptyset$. Then $B$ is equal to the complement of $A$.

UniqComplement. Let $A$ and $B$ be sets. Assume that $A \cup B$ and $\mathbb{ U}$ are equal. Assume that $A \cap B$ is equal to $\emptyset$. Then $B$ is equal to the complement of $A$.

UniqComplement. Let $A$ and $B$ be sets. Assume that $A \cup B$ is equal to the universal set. Assume that $A \cap B$ is equal to the empty set. Then $B$ is equal to ${A }^{\complement}$.

UniqComplement. Let $A$ and $B$ be sets. Assume that $A \cup B$ is equal to the universal set. Assume that $A \cap B$ is equal to the empty set. Then $B$ and the complement of $A$ are equal.

UniqComplement. Let $A$ and $B$ be sets. Assume that $A \cup B$ is equal to the universal set. Assume that $A \cap B$ and the empty set are equal. Then $B$ is equal to the complement of $A$.

UniqComplement. Let $A$ and $B$ be sets. Assume that $A \cup B$ is equal to $\mathbb{ U}$. Assume that $A \cap B$ is equal to the empty set. Then $B$ is equal to ${A }^{\complement}$.

UniqComplement. Let $A$ and $B$ be sets. Assume that $A \cup B$ is equal to $\mathbb{ U}$. Assume that $A \cap B$ is equal to the empty set. Then $B$ and the complement of $A$ are equal.

UniqComplement. Let $A$ and $B$ be sets. Assume that $A \cup B$ is equal to $\mathbb{ U}$. Assume that $A \cap B$ and the empty set are equal. Then $B$ is equal to the complement of $A$.

UniqComplement. Let $A$ and $B$ be sets. Assume that $A \cup B$ and the universal set are equal. Assume that $A \cap B$ is equal to the empty set. Then $B$ is equal to the complement of $A$.

UniqComplement. Let $A$ and $B$ be sets. Assume that $A \cup B$ and $\mathbb{ U}$ are equal. Assume that $A \cap B$ is equal to the empty set. Then $B$ is equal to the complement of $A$.

UniqComplement. Let $A$ and $B$ be sets. Assume that $A \cup B$ is equal to the universal set. Assume that $A \cap B$ is equal to $\emptyset$. Then $B$ and ${A }^{\complement}$ are equal.

UniqComplement. Let $A$ and $B$ be sets. Assume that $A \cup B$ is equal to the universal set. Assume that $A \cap B$ and $\emptyset$ are equal. Then $B$ is equal to ${A }^{\complement}$.

UniqComplement. Let $A$ and $B$ be sets. Assume that $A \cup B$ is equal to the universal set. Assume that $A \cap B$ and $\emptyset$ are equal. Then $B$ and the complement of $A$ are equal.

UniqComplement. Let $A$ and $B$ be sets. Assume that $A \cup B$ is equal to $\mathbb{ U}$. Assume that $A \cap B$ is equal to $\emptyset$. Then $B$ and ${A }^{\complement}$ are equal.

UniqComplement. Let $A$ and $B$ be sets. Assume that $A \cup B$ is equal to $\mathbb{ U}$. Assume that $A \cap B$ and $\emptyset$ are equal. Then $B$ is equal to ${A }^{\complement}$.

UniqComplement. Let $A$ and $B$ be sets. Assume that $A \cup B$ is equal to $\mathbb{ U}$. Assume that $A \cap B$ and $\emptyset$ are equal. Then $B$ and the complement of $A$ are equal.

UniqComplement. Let $A$ and $B$ be sets. Assume that $A \cup B$ and the universal set are equal. Assume that $A \cap B$ is equal to $\emptyset$. Then $B$ is equal to ${A }^{\complement}$.

UniqComplement. Let $A$ and $B$ be sets. Assume that $A \cup B$ and the universal set are equal. Assume that $A \cap B$ is equal to $\emptyset$. Then $B$ and the complement of $A$ are equal.

UniqComplement. Let $A$ and $B$ be sets. Assume that $A \cup B$ and the universal set are equal. Assume that $A \cap B$ and $\emptyset$ are equal. Then $B$ is equal to the complement of $A$.

UniqComplement. Let $A$ and $B$ be sets. Assume that $A \cup B$ and $\mathbb{ U}$ are equal. Assume that $A \cap B$ is equal to $\emptyset$. Then $B$ is equal to ${A }^{\complement}$.

UniqComplement. Let $A$ and $B$ be sets. Assume that $A \cup B$ and $\mathbb{ U}$ are equal. Assume that $A \cap B$ is equal to $\emptyset$. Then $B$ and the complement of $A$ are equal.

UniqComplement. Let $A$ and $B$ be sets. Assume that $A \cup B$ and $\mathbb{ U}$ are equal. Assume that $A \cap B$ and $\emptyset$ are equal. Then $B$ is equal to the complement of $A$.

UniqComplement. Let $A$ and $B$ be sets. Assume that the union of $A$ and $B$ is equal to the universal set. Assume that $A \cap B = \emptyset$. Then $B$ is equal to the complement of $A$.

UniqComplement. Let $A$ and $B$ be sets. Assume that the union of $A$ and $B$ is equal to $\mathbb{ U}$. Assume that $A \cap B = \emptyset$. Then $B$ is equal to the complement of $A$.

UniqComplement. Let $A$ and $B$ be sets. Assume that $A \cup B$ is equal to the universal set. Assume that $A \cap B$ is equal to the empty set. Then $B$ and ${A }^{\complement}$ are equal.

UniqComplement. Let $A$ and $B$ be sets. Assume that $A \cup B$ is equal to the universal set. Assume that $A \cap B$ and the empty set are equal. Then $B$ is equal to ${A }^{\complement}$.

UniqComplement. Let $A$ and $B$ be sets. Assume that $A \cup B$ is equal to the universal set. Assume that $A \cap B$ and the empty set are equal. Then $B$ and the complement of $A$ are equal.

UniqComplement. Let $A$ and $B$ be sets. Assume that $A \cup B$ is equal to $\mathbb{ U}$. Assume that $A \cap B$ is equal to the empty set. Then $B$ and ${A }^{\complement}$ are equal.

UniqComplement. Let $A$ and $B$ be sets. Assume that $A \cup B$ is equal to $\mathbb{ U}$. Assume that $A \cap B$ and the empty set are equal. Then $B$ is equal to ${A }^{\complement}$.

UniqComplement. Let $A$ and $B$ be sets. Assume that $A \cup B$ is equal to $\mathbb{ U}$. Assume that $A \cap B$ and the empty set are equal. Then $B$ and the complement of $A$ are equal.

UniqComplement. Let $A$ and $B$ be sets. Assume that $A \cup B$ and the universal set are equal. Assume that $A \cap B$ is equal to the empty set. Then $B$ is equal to ${A }^{\complement}$.

UniqComplement. Let $A$ and $B$ be sets. Assume that $A \cup B$ and the universal set are equal. Assume that $A \cap B$ is equal to the empty set. Then $B$ and the complement of $A$ are equal.

UniqComplement. Let $A$ and $B$ be sets. Assume that $A \cup B$ and the universal set are equal. Assume that $A \cap B$ and the empty set are equal. Then $B$ is equal to the complement of $A$.

UniqComplement. Let $A$ and $B$ be sets. Assume that $A \cup B$ and $\mathbb{ U}$ are equal. Assume that $A \cap B$ is equal to the empty set. Then $B$ is equal to ${A }^{\complement}$.

UniqComplement. Let $A$ and $B$ be sets. Assume that $A \cup B$ and $\mathbb{ U}$ are equal. Assume that $A \cap B$ is equal to the empty set. Then $B$ and the complement of $A$ are equal.

UniqComplement. Let $A$ and $B$ be sets. Assume that $A \cup B$ and $\mathbb{ U}$ are equal. Assume that $A \cap B$ and the empty set are equal. Then $B$ is equal to the complement of $A$.

UniqComplement. Let $A$ and $B$ be sets. Assume that the union of $A$ and $B$ is equal to the universal set. Assume that $A \cap B$ is equal to $\emptyset$. Then $B = {A }^{\complement}$.

UniqComplement. Let $A$ and $B$ be sets. Assume that the union of $A$ and $B$ is equal to $\mathbb{ U}$. Assume that $A \cap B$ is equal to $\emptyset$. Then $B = {A }^{\complement}$.

UniqComplement. Let $A$ and $B$ be sets. Assume that $A \cup B$ is equal to the universal set. Assume that $A \cap B$ and $\emptyset$ are equal. Then $B$ and ${A }^{\complement}$ are equal.

UniqComplement. Let $A$ and $B$ be sets. Assume that $A \cup B$ is equal to $\mathbb{ U}$. Assume that $A \cap B$ and $\emptyset$ are equal. Then $B$ and ${A }^{\complement}$ are equal.

UniqComplement. Let $A$ and $B$ be sets. Assume that $A \cup B$ and the universal set are equal. Assume that $A \cap B$ is equal to $\emptyset$. Then $B$ and ${A }^{\complement}$ are equal.

UniqComplement. Let $A$ and $B$ be sets. Assume that $A \cup B$ and the universal set are equal. Assume that $A \cap B$ and $\emptyset$ are equal. Then $B$ is equal to ${A }^{\complement}$.

UniqComplement. Let $A$ and $B$ be sets. Assume that $A \cup B$ and the universal set are equal. Assume that $A \cap B$ and $\emptyset$ are equal. Then $B$ and the complement of $A$ are equal.

UniqComplement. Let $A$ and $B$ be sets. Assume that $A \cup B$ and $\mathbb{ U}$ are equal. Assume that $A \cap B$ is equal to $\emptyset$. Then $B$ and ${A }^{\complement}$ are equal.

UniqComplement. Let $A$ and $B$ be sets. Assume that $A \cup B$ and $\mathbb{ U}$ are equal. Assume that $A \cap B$ and $\emptyset$ are equal. Then $B$ is equal to ${A }^{\complement}$.

UniqComplement. Let $A$ and $B$ be sets. Assume that $A \cup B$ and $\mathbb{ U}$ are equal. Assume that $A \cap B$ and $\emptyset$ are equal. Then $B$ and the complement of $A$ are equal.

UniqComplement. Let $A$ and $B$ be sets. Assume that the union of $A$ and $B$ is equal to the universal set. Assume that $A \cap B$ is equal to the empty set. Then $B = {A }^{\complement}$.

UniqComplement. Let $A$ and $B$ be sets. Assume that the union of $A$ and $B$ is equal to the universal set. Assume that $A \cap B = \emptyset$. Then $B$ is equal to ${A }^{\complement}$.

UniqComplement. Let $A$ and $B$ be sets. Assume that the union of $A$ and $B$ is equal to the universal set. Assume that $A \cap B = \emptyset$. Then $B$ and the complement of $A$ are equal.

UniqComplement. Let $A$ and $B$ be sets. Assume that the union of $A$ and $B$ is equal to $\mathbb{ U}$. Assume that $A \cap B$ is equal to the empty set. Then $B = {A }^{\complement}$.

UniqComplement. Let $A$ and $B$ be sets. Assume that the union of $A$ and $B$ is equal to $\mathbb{ U}$. Assume that $A \cap B = \emptyset$. Then $B$ is equal to ${A }^{\complement}$.

UniqComplement. Let $A$ and $B$ be sets. Assume that the union of $A$ and $B$ is equal to $\mathbb{ U}$. Assume that $A \cap B = \emptyset$. Then $B$ and the complement of $A$ are equal.

UniqComplement. Let $A$ and $B$ be sets. Assume that $A \cup B$ is equal to the universal set. Assume that $A \cap B$ and the empty set are equal. Then $B$ and ${A }^{\complement}$ are equal.

UniqComplement. Let $A$ and $B$ be sets. Assume that $A \cup B$ is equal to $\mathbb{ U}$. Assume that $A \cap B$ and the empty set are equal. Then $B$ and ${A }^{\complement}$ are equal.

UniqComplement. Let $A$ and $B$ be sets. Assume that the union of $A$ and $B$ and the universal set are equal. Assume that $A \cap B = \emptyset$. Then $B$ is equal to the complement of $A$.

UniqComplement. Let $A$ and $B$ be sets. Assume that the union of $A$ and $B$ and $\mathbb{ U}$ are equal. Assume that $A \cap B = \emptyset$. Then $B$ is equal to the complement of $A$.

UniqComplement. Let $A$ and $B$ be sets. Assume that $A \cup B$ and the universal set are equal. Assume that $A \cap B$ is equal to the empty set. Then $B$ and ${A }^{\complement}$ are equal.

UniqComplement. Let $A$ and $B$ be sets. Assume that $A \cup B$ and the universal set are equal. Assume that $A \cap B$ and the empty set are equal. Then $B$ is equal to ${A }^{\complement}$.

UniqComplement. Let $A$ and $B$ be sets. Assume that $A \cup B$ and the universal set are equal. Assume that $A \cap B$ and the empty set are equal. Then $B$ and the complement of $A$ are equal.

UniqComplement. Let $A$ and $B$ be sets. Assume that $A \cup B$ and $\mathbb{ U}$ are equal. Assume that $A \cap B$ is equal to the empty set. Then $B$ and ${A }^{\complement}$ are equal.

UniqComplement. Let $A$ and $B$ be sets. Assume that $A \cup B$ and $\mathbb{ U}$ are equal. Assume that $A \cap B$ and the empty set are equal. Then $B$ is equal to ${A }^{\complement}$.

UniqComplement. Let $A$ and $B$ be sets. Assume that $A \cup B$ and $\mathbb{ U}$ are equal. Assume that $A \cap B$ and the empty set are equal. Then $B$ and the complement of $A$ are equal.

UniqComplement. Let $A$ and $B$ be sets. Assume that the union of $A$ and $B$ is equal to the universal set. Assume that $A \cap B$ and $\emptyset$ are equal. Then $B = {A }^{\complement}$.

UniqComplement. Let $A$ and $B$ be sets. Assume that the union of $A$ and $B$ is equal to $\mathbb{ U}$. Assume that $A \cap B$ and $\emptyset$ are equal. Then $B = {A }^{\complement}$.

UniqComplement. Let $A$ and $B$ be sets. Assume that the union of $A$ and $B$ and the universal set are equal. Assume that $A \cap B$ is equal to $\emptyset$. Then $B = {A }^{\complement}$.

UniqComplement. Let $A$ and $B$ be sets. Assume that the union of $A$ and $B$ and $\mathbb{ U}$ are equal. Assume that $A \cap B$ is equal to $\emptyset$. Then $B = {A }^{\complement}$.

UniqComplement. Let $A$ and $B$ be sets. Assume that $A \cup B$ and the universal set are equal. Assume that $A \cap B$ and $\emptyset$ are equal. Then $B$ and ${A }^{\complement}$ are equal.

UniqComplement. Let $A$ and $B$ be sets. Assume that $A \cup B$ and $\mathbb{ U}$ are equal. Assume that $A \cap B$ and $\emptyset$ are equal. Then $B$ and ${A }^{\complement}$ are equal.

UniqComplement. Let $A$ and $B$ be sets. Assume that the union of $A$ and $B$ is equal to the universal set. Assume that $A \cap B$ and the empty set are equal. Then $B = {A }^{\complement}$.

UniqComplement. Let $A$ and $B$ be sets. Assume that the union of $A$ and $B$ is equal to the universal set. Assume that $A \cap B = \emptyset$. Then $B$ and ${A }^{\complement}$ are equal.

UniqComplement. Let $A$ and $B$ be sets. Assume that the union of $A$ and $B$ is equal to $\mathbb{ U}$. Assume that $A \cap B$ and the empty set are equal. Then $B = {A }^{\complement}$.

UniqComplement. Let $A$ and $B$ be sets. Assume that the union of $A$ and $B$ is equal to $\mathbb{ U}$. Assume that $A \cap B = \emptyset$. Then $B$ and ${A }^{\complement}$ are equal.

UniqComplement. Let $A$ and $B$ be sets. Assume that the union of $A$ and $B$ and the universal set are equal. Assume that $A \cap B$ is equal to the empty set. Then $B = {A }^{\complement}$.

UniqComplement. Let $A$ and $B$ be sets. Assume that the union of $A$ and $B$ and the universal set are equal. Assume that $A \cap B = \emptyset$. Then $B$ is equal to ${A }^{\complement}$.

UniqComplement. Let $A$ and $B$ be sets. Assume that the union of $A$ and $B$ and the universal set are equal. Assume that $A \cap B = \emptyset$. Then $B$ and the complement of $A$ are equal.

UniqComplement. Let $A$ and $B$ be sets. Assume that the union of $A$ and $B$ and $\mathbb{ U}$ are equal. Assume that $A \cap B$ is equal to the empty set. Then $B = {A }^{\complement}$.

UniqComplement. Let $A$ and $B$ be sets. Assume that the union of $A$ and $B$ and $\mathbb{ U}$ are equal. Assume that $A \cap B = \emptyset$. Then $B$ is equal to ${A }^{\complement}$.

UniqComplement. Let $A$ and $B$ be sets. Assume that the union of $A$ and $B$ and $\mathbb{ U}$ are equal. Assume that $A \cap B = \emptyset$. Then $B$ and the complement of $A$ are equal.

UniqComplement. Let $A$ and $B$ be sets. Assume that $A \cup B$ and the universal set are equal. Assume that $A \cap B$ and the empty set are equal. Then $B$ and ${A }^{\complement}$ are equal.

UniqComplement. Let $A$ and $B$ be sets. Assume that $A \cup B$ and $\mathbb{ U}$ are equal. Assume that $A \cap B$ and the empty set are equal. Then $B$ and ${A }^{\complement}$ are equal.

UniqComplement. Let $A$ and $B$ be sets. Assume that the union of $A$ and $B$ and the universal set are equal. Assume that $A \cap B$ and $\emptyset$ are equal. Then $B = {A }^{\complement}$.

UniqComplement. Let $A$ and $B$ be sets. Assume that the union of $A$ and $B$ and $\mathbb{ U}$ are equal. Assume that $A \cap B$ and $\emptyset$ are equal. Then $B = {A }^{\complement}$.

UniqComplement. Let $A$ and $B$ be sets. Assume that the union of $A$ and $B$ and the universal set are equal. Assume that $A \cap B$ and the empty set are equal. Then $B = {A }^{\complement}$.

UniqComplement. Let $A$ and $B$ be sets. Assume that the union of $A$ and $B$ and the universal set are equal. Assume that $A \cap B = \emptyset$. Then $B$ and ${A }^{\complement}$ are equal.

UniqComplement. Let $A$ and $B$ be sets. Assume that the union of $A$ and $B$ and $\mathbb{ U}$ are equal. Assume that $A \cap B$ and the empty set are equal. Then $B = {A }^{\complement}$.

UniqComplement. Let $A$ and $B$ be sets. Assume that the union of $A$ and $B$ and $\mathbb{ U}$ are equal. Assume that $A \cap B = \emptyset$. Then $B$ and ${A }^{\complement}$ are equal.

UniqComplement. Let $A$ and $B$ be sets. Assume that $A \cup B = \mathbb{ U}$. Assume that the intersection of $A$ and $B$ is equal to $\emptyset$. Then $B$ is equal to the complement of $A$.

UniqComplement. Let $A$ and $B$ be sets. Assume that $A \cup B = \mathbb{ U}$. Assume that the intersection of $A$ and $B$ is equal to the empty set. Then $B$ is equal to the complement of $A$.

UniqComplement. Let $A$ and $B$ be sets. Assume that $A \cup B$ is equal to the universal set. Assume that the intersection of $A$ and $B$ is equal to $\emptyset$. Then $B = {A }^{\complement}$.

UniqComplement. Let $A$ and $B$ be sets. Assume that $A \cup B$ is equal to $\mathbb{ U}$. Assume that the intersection of $A$ and $B$ is equal to $\emptyset$. Then $B = {A }^{\complement}$.

UniqComplement. Let $A$ and $B$ be sets. Assume that $A \cup B = \mathbb{ U}$. Assume that the intersection of $A$ and $B$ is equal to $\emptyset$. Then $B$ is equal to ${A }^{\complement}$.

UniqComplement. Let $A$ and $B$ be sets. Assume that $A \cup B = \mathbb{ U}$. Assume that the intersection of $A$ and $B$ is equal to $\emptyset$. Then $B$ and the complement of $A$ are equal.

UniqComplement. Let $A$ and $B$ be sets. Assume that $A \cup B = \mathbb{ U}$. Assume that the intersection of $A$ and $B$ and $\emptyset$ are equal. Then $B$ is equal to the complement of $A$.

UniqComplement. Let $A$ and $B$ be sets. Assume that $A \cup B$ is equal to the universal set. Assume that the intersection of $A$ and $B$ is equal to the empty set. Then $B = {A }^{\complement}$.

UniqComplement. Let $A$ and $B$ be sets. Assume that $A \cup B$ is equal to $\mathbb{ U}$. Assume that the intersection of $A$ and $B$ is equal to the empty set. Then $B = {A }^{\complement}$.

UniqComplement. Let $A$ and $B$ be sets. Assume that $A \cup B = \mathbb{ U}$. Assume that the intersection of $A$ and $B$ is equal to the empty set. Then $B$ is equal to ${A }^{\complement}$.

UniqComplement. Let $A$ and $B$ be sets. Assume that $A \cup B = \mathbb{ U}$. Assume that the intersection of $A$ and $B$ is equal to the empty set. Then $B$ and the complement of $A$ are equal.

UniqComplement. Let $A$ and $B$ be sets. Assume that $A \cup B = \mathbb{ U}$. Assume that the intersection of $A$ and $B$ and the empty set are equal. Then $B$ is equal to the complement of $A$.

UniqComplement. Let $A$ and $B$ be sets. Assume that $A \cup B$ is equal to the universal set. Assume that the intersection of $A$ and $B$ and $\emptyset$ are equal. Then $B = {A }^{\complement}$.

UniqComplement. Let $A$ and $B$ be sets. Assume that $A \cup B$ is equal to $\mathbb{ U}$. Assume that the intersection of $A$ and $B$ and $\emptyset$ are equal. Then $B = {A }^{\complement}$.

UniqComplement. Let $A$ and $B$ be sets. Assume that $A \cup B$ and the universal set are equal. Assume that the intersection of $A$ and $B$ is equal to $\emptyset$. Then $B = {A }^{\complement}$.

UniqComplement. Let $A$ and $B$ be sets. Assume that $A \cup B$ and $\mathbb{ U}$ are equal. Assume that the intersection of $A$ and $B$ is equal to $\emptyset$. Then $B = {A }^{\complement}$.

UniqComplement. Let $A$ and $B$ be sets. Assume that $A \cup B = \mathbb{ U}$. Assume that the intersection of $A$ and $B$ is equal to $\emptyset$. Then $B$ and ${A }^{\complement}$ are equal.

UniqComplement. Let $A$ and $B$ be sets. Assume that $A \cup B = \mathbb{ U}$. Assume that the intersection of $A$ and $B$ and $\emptyset$ are equal. Then $B$ is equal to ${A }^{\complement}$.

UniqComplement. Let $A$ and $B$ be sets. Assume that $A \cup B = \mathbb{ U}$. Assume that the intersection of $A$ and $B$ and $\emptyset$ are equal. Then $B$ and the complement of $A$ are equal.

UniqComplement. Let $A$ and $B$ be sets. Assume that $A \cup B$ is equal to the universal set. Assume that the intersection of $A$ and $B$ and the empty set are equal. Then $B = {A }^{\complement}$.

UniqComplement. Let $A$ and $B$ be sets. Assume that $A \cup B$ is equal to $\mathbb{ U}$. Assume that the intersection of $A$ and $B$ and the empty set are equal. Then $B = {A }^{\complement}$.

UniqComplement. Let $A$ and $B$ be sets. Assume that $A \cup B$ and the universal set are equal. Assume that the intersection of $A$ and $B$ is equal to the empty set. Then $B = {A }^{\complement}$.

UniqComplement. Let $A$ and $B$ be sets. Assume that $A \cup B$ and $\mathbb{ U}$ are equal. Assume that the intersection of $A$ and $B$ is equal to the empty set. Then $B = {A }^{\complement}$.

UniqComplement. Let $A$ and $B$ be sets. Assume that $A \cup B = \mathbb{ U}$. Assume that the intersection of $A$ and $B$ is equal to the empty set. Then $B$ and ${A }^{\complement}$ are equal.

UniqComplement. Let $A$ and $B$ be sets. Assume that $A \cup B = \mathbb{ U}$. Assume that the intersection of $A$ and $B$ and the empty set are equal. Then $B$ is equal to ${A }^{\complement}$.

UniqComplement. Let $A$ and $B$ be sets. Assume that $A \cup B = \mathbb{ U}$. Assume that the intersection of $A$ and $B$ and the empty set are equal. Then $B$ and the complement of $A$ are equal.

UniqComplement. Let $A$ and $B$ be sets. Assume that $A \cup B$ and the universal set are equal. Assume that the intersection of $A$ and $B$ and $\emptyset$ are equal. Then $B = {A }^{\complement}$.

UniqComplement. Let $A$ and $B$ be sets. Assume that $A \cup B$ and $\mathbb{ U}$ are equal. Assume that the intersection of $A$ and $B$ and $\emptyset$ are equal. Then $B = {A }^{\complement}$.

UniqComplement. Let $A$ and $B$ be sets. Assume that $A \cup B = \mathbb{ U}$. Assume that the intersection of $A$ and $B$ and $\emptyset$ are equal. Then $B$ and ${A }^{\complement}$ are equal.

UniqComplement. Let $A$ and $B$ be sets. Assume that $A \cup B$ and the universal set are equal. Assume that the intersection of $A$ and $B$ and the empty set are equal. Then $B = {A }^{\complement}$.

UniqComplement. Let $A$ and $B$ be sets. Assume that $A \cup B$ and $\mathbb{ U}$ are equal. Assume that the intersection of $A$ and $B$ and the empty set are equal. Then $B = {A }^{\complement}$.

UniqComplement. Let $A$ and $B$ be sets. Assume that $A \cup B = \mathbb{ U}$. Assume that the intersection of $A$ and $B$ and the empty set are equal. Then $B$ and ${A }^{\complement}$ are equal.

UniqComplement. Let $A$ and $B$ be sets. Assume that the union of $A$ and $B$ is equal to the universal set. Assume that $A \cap B$ is equal to $\emptyset$. Then $B$ is equal to the complement of $A$.

UniqComplement. Let $A$ and $B$ be sets. Assume that the union of $A$ and $B$ is equal to $\mathbb{ U}$. Assume that $A \cap B$ is equal to $\emptyset$. Then $B$ is equal to the complement of $A$.

UniqComplement. Let $A$ and $B$ be sets. Assume that the union of $A$ and $B$ is equal to the universal set. Assume that $A \cap B$ is equal to the empty set. Then $B$ is equal to the complement of $A$.

UniqComplement. Let $A$ and $B$ be sets. Assume that the union of $A$ and $B$ is equal to $\mathbb{ U}$. Assume that $A \cap B$ is equal to the empty set. Then $B$ is equal to the complement of $A$.

UniqComplement. Let $A$ and $B$ be sets. Assume that the union of $A$ and $B$ is equal to the universal set. Assume that $A \cap B$ is equal to $\emptyset$. Then $B$ is equal to ${A }^{\complement}$.

UniqComplement. Let $A$ and $B$ be sets. Assume that the union of $A$ and $B$ is equal to the universal set. Assume that $A \cap B$ is equal to $\emptyset$. Then $B$ and the complement of $A$ are equal.

UniqComplement. Let $A$ and $B$ be sets. Assume that the union of $A$ and $B$ is equal to the universal set. Assume that $A \cap B$ and $\emptyset$ are equal. Then $B$ is equal to the complement of $A$.

UniqComplement. Let $A$ and $B$ be sets. Assume that the union of $A$ and $B$ is equal to $\mathbb{ U}$. Assume that $A \cap B$ is equal to $\emptyset$. Then $B$ is equal to ${A }^{\complement}$.

UniqComplement. Let $A$ and $B$ be sets. Assume that the union of $A$ and $B$ is equal to $\mathbb{ U}$. Assume that $A \cap B$ is equal to $\emptyset$. Then $B$ and the complement of $A$ are equal.

UniqComplement. Let $A$ and $B$ be sets. Assume that the union of $A$ and $B$ is equal to $\mathbb{ U}$. Assume that $A \cap B$ and $\emptyset$ are equal. Then $B$ is equal to the complement of $A$.

UniqComplement. Let $A$ and $B$ be sets. Assume that the union of $A$ and $B$ and the universal set are equal. Assume that $A \cap B$ is equal to $\emptyset$. Then $B$ is equal to the complement of $A$.

UniqComplement. Let $A$ and $B$ be sets. Assume that the union of $A$ and $B$ and $\mathbb{ U}$ are equal. Assume that $A \cap B$ is equal to $\emptyset$. Then $B$ is equal to the complement of $A$.

UniqComplement. Let $A$ and $B$ be sets. Assume that the union of $A$ and $B$ is equal to the universal set. Assume that $A \cap B$ is equal to the empty set. Then $B$ is equal to ${A }^{\complement}$.

UniqComplement. Let $A$ and $B$ be sets. Assume that the union of $A$ and $B$ is equal to the universal set. Assume that $A \cap B$ is equal to the empty set. Then $B$ and the complement of $A$ are equal.

UniqComplement. Let $A$ and $B$ be sets. Assume that the union of $A$ and $B$ is equal to the universal set. Assume that $A \cap B$ and the empty set are equal. Then $B$ is equal to the complement of $A$.

UniqComplement. Let $A$ and $B$ be sets. Assume that the union of $A$ and $B$ is equal to $\mathbb{ U}$. Assume that $A \cap B$ is equal to the empty set. Then $B$ is equal to ${A }^{\complement}$.

UniqComplement. Let $A$ and $B$ be sets. Assume that the union of $A$ and $B$ is equal to $\mathbb{ U}$. Assume that $A \cap B$ is equal to the empty set. Then $B$ and the complement of $A$ are equal.

UniqComplement. Let $A$ and $B$ be sets. Assume that the union of $A$ and $B$ is equal to $\mathbb{ U}$. Assume that $A \cap B$ and the empty set are equal. Then $B$ is equal to the complement of $A$.

UniqComplement. Let $A$ and $B$ be sets. Assume that the union of $A$ and $B$ and the universal set are equal. Assume that $A \cap B$ is equal to the empty set. Then $B$ is equal to the complement of $A$.

UniqComplement. Let $A$ and $B$ be sets. Assume that the union of $A$ and $B$ and $\mathbb{ U}$ are equal. Assume that $A \cap B$ is equal to the empty set. Then $B$ is equal to the complement of $A$.

UniqComplement. Let $A$ and $B$ be sets. Assume that the union of $A$ and $B$ is equal to the universal set. Assume that $A \cap B$ is equal to $\emptyset$. Then $B$ and ${A }^{\complement}$ are equal.

UniqComplement. Let $A$ and $B$ be sets. Assume that the union of $A$ and $B$ is equal to the universal set. Assume that $A \cap B$ and $\emptyset$ are equal. Then $B$ is equal to ${A }^{\complement}$.

UniqComplement. Let $A$ and $B$ be sets. Assume that the union of $A$ and $B$ is equal to the universal set. Assume that $A \cap B$ and $\emptyset$ are equal. Then $B$ and the complement of $A$ are equal.

UniqComplement. Let $A$ and $B$ be sets. Assume that the union of $A$ and $B$ is equal to $\mathbb{ U}$. Assume that $A \cap B$ is equal to $\emptyset$. Then $B$ and ${A }^{\complement}$ are equal.

UniqComplement. Let $A$ and $B$ be sets. Assume that the union of $A$ and $B$ is equal to $\mathbb{ U}$. Assume that $A \cap B$ and $\emptyset$ are equal. Then $B$ is equal to ${A }^{\complement}$.

UniqComplement. Let $A$ and $B$ be sets. Assume that the union of $A$ and $B$ is equal to $\mathbb{ U}$. Assume that $A \cap B$ and $\emptyset$ are equal. Then $B$ and the complement of $A$ are equal.

UniqComplement. Let $A$ and $B$ be sets. Assume that the union of $A$ and $B$ and the universal set are equal. Assume that $A \cap B$ is equal to $\emptyset$. Then $B$ is equal to ${A }^{\complement}$.

UniqComplement. Let $A$ and $B$ be sets. Assume that the union of $A$ and $B$ and the universal set are equal. Assume that $A \cap B$ is equal to $\emptyset$. Then $B$ and the complement of $A$ are equal.

UniqComplement. Let $A$ and $B$ be sets. Assume that the union of $A$ and $B$ and the universal set are equal. Assume that $A \cap B$ and $\emptyset$ are equal. Then $B$ is equal to the complement of $A$.

UniqComplement. Let $A$ and $B$ be sets. Assume that the union of $A$ and $B$ and $\mathbb{ U}$ are equal. Assume that $A \cap B$ is equal to $\emptyset$. Then $B$ is equal to ${A }^{\complement}$.

UniqComplement. Let $A$ and $B$ be sets. Assume that the union of $A$ and $B$ and $\mathbb{ U}$ are equal. Assume that $A \cap B$ is equal to $\emptyset$. Then $B$ and the complement of $A$ are equal.

UniqComplement. Let $A$ and $B$ be sets. Assume that the union of $A$ and $B$ and $\mathbb{ U}$ are equal. Assume that $A \cap B$ and $\emptyset$ are equal. Then $B$ is equal to the complement of $A$.

UniqComplement. Let $A$ and $B$ be sets. Assume that the union of $A$ and $B$ is equal to the universal set. Assume that $A \cap B$ is equal to the empty set. Then $B$ and ${A }^{\complement}$ are equal.

UniqComplement. Let $A$ and $B$ be sets. Assume that the union of $A$ and $B$ is equal to the universal set. Assume that $A \cap B$ and the empty set are equal. Then $B$ is equal to ${A }^{\complement}$.

UniqComplement. Let $A$ and $B$ be sets. Assume that the union of $A$ and $B$ is equal to the universal set. Assume that $A \cap B$ and the empty set are equal. Then $B$ and the complement of $A$ are equal.

UniqComplement. Let $A$ and $B$ be sets. Assume that the union of $A$ and $B$ is equal to $\mathbb{ U}$. Assume that $A \cap B$ is equal to the empty set. Then $B$ and ${A }^{\complement}$ are equal.

UniqComplement. Let $A$ and $B$ be sets. Assume that the union of $A$ and $B$ is equal to $\mathbb{ U}$. Assume that $A \cap B$ and the empty set are equal. Then $B$ is equal to ${A }^{\complement}$.

UniqComplement. Let $A$ and $B$ be sets. Assume that the union of $A$ and $B$ is equal to $\mathbb{ U}$. Assume that $A \cap B$ and the empty set are equal. Then $B$ and the complement of $A$ are equal.

UniqComplement. Let $A$ and $B$ be sets. Assume that the union of $A$ and $B$ and the universal set are equal. Assume that $A \cap B$ is equal to the empty set. Then $B$ is equal to ${A }^{\complement}$.

UniqComplement. Let $A$ and $B$ be sets. Assume that the union of $A$ and $B$ and the universal set are equal. Assume that $A \cap B$ is equal to the empty set. Then $B$ and the complement of $A$ are equal.

UniqComplement. Let $A$ and $B$ be sets. Assume that the union of $A$ and $B$ and the universal set are equal. Assume that $A \cap B$ and the empty set are equal. Then $B$ is equal to the complement of $A$.

UniqComplement. Let $A$ and $B$ be sets. Assume that the union of $A$ and $B$ and $\mathbb{ U}$ are equal. Assume that $A \cap B$ is equal to the empty set. Then $B$ is equal to ${A }^{\complement}$.

UniqComplement. Let $A$ and $B$ be sets. Assume that the union of $A$ and $B$ and $\mathbb{ U}$ are equal. Assume that $A \cap B$ is equal to the empty set. Then $B$ and the complement of $A$ are equal.

UniqComplement. Let $A$ and $B$ be sets. Assume that the union of $A$ and $B$ and $\mathbb{ U}$ are equal. Assume that $A \cap B$ and the empty set are equal. Then $B$ is equal to the complement of $A$.

UniqComplement. Let $A$ and $B$ be sets. Assume that the union of $A$ and $B$ is equal to the universal set. Assume that $A \cap B$ and $\emptyset$ are equal. Then $B$ and ${A }^{\complement}$ are equal.

UniqComplement. Let $A$ and $B$ be sets. Assume that the union of $A$ and $B$ is equal to $\mathbb{ U}$. Assume that $A \cap B$ and $\emptyset$ are equal. Then $B$ and ${A }^{\complement}$ are equal.

UniqComplement. Let $A$ and $B$ be sets. Assume that the union of $A$ and $B$ and the universal set are equal. Assume that $A \cap B$ is equal to $\emptyset$. Then $B$ and ${A }^{\complement}$ are equal.

UniqComplement. Let $A$ and $B$ be sets. Assume that the union of $A$ and $B$ and the universal set are equal. Assume that $A \cap B$ and $\emptyset$ are equal. Then $B$ is equal to ${A }^{\complement}$.

UniqComplement. Let $A$ and $B$ be sets. Assume that the union of $A$ and $B$ and the universal set are equal. Assume that $A \cap B$ and $\emptyset$ are equal. Then $B$ and the complement of $A$ are equal.

UniqComplement. Let $A$ and $B$ be sets. Assume that the union of $A$ and $B$ and $\mathbb{ U}$ are equal. Assume that $A \cap B$ is equal to $\emptyset$. Then $B$ and ${A }^{\complement}$ are equal.

UniqComplement. Let $A$ and $B$ be sets. Assume that the union of $A$ and $B$ and $\mathbb{ U}$ are equal. Assume that $A \cap B$ and $\emptyset$ are equal. Then $B$ is equal to ${A }^{\complement}$.

UniqComplement. Let $A$ and $B$ be sets. Assume that the union of $A$ and $B$ and $\mathbb{ U}$ are equal. Assume that $A \cap B$ and $\emptyset$ are equal. Then $B$ and the complement of $A$ are equal.

UniqComplement. Let $A$ and $B$ be sets. Assume that the union of $A$ and $B$ is equal to the universal set. Assume that $A \cap B$ and the empty set are equal. Then $B$ and ${A }^{\complement}$ are equal.

UniqComplement. Let $A$ and $B$ be sets. Assume that the union of $A$ and $B$ is equal to $\mathbb{ U}$. Assume that $A \cap B$ and the empty set are equal. Then $B$ and ${A }^{\complement}$ are equal.

UniqComplement. Let $A$ and $B$ be sets. Assume that $A \cup B$ is equal to the universal set. Assume that the intersection of $A$ and $B$ is equal to $\emptyset$. Then $B$ is equal to the complement of $A$.

UniqComplement. Let $A$ and $B$ be sets. Assume that $A \cup B$ is equal to $\mathbb{ U}$. Assume that the intersection of $A$ and $B$ is equal to $\emptyset$. Then $B$ is equal to the complement of $A$.

UniqComplement. Let $A$ and $B$ be sets. Assume that the union of $A$ and $B$ and the universal set are equal. Assume that $A \cap B$ is equal to the empty set. Then $B$ and ${A }^{\complement}$ are equal.

UniqComplement. Let $A$ and $B$ be sets. Assume that the union of $A$ and $B$ and the universal set are equal. Assume that $A \cap B$ and the empty set are equal. Then $B$ is equal to ${A }^{\complement}$.

UniqComplement. Let $A$ and $B$ be sets. Assume that the union of $A$ and $B$ and the universal set are equal. Assume that $A \cap B$ and the empty set are equal. Then $B$ and the complement of $A$ are equal.

UniqComplement. Let $A$ and $B$ be sets. Assume that the union of $A$ and $B$ and $\mathbb{ U}$ are equal. Assume that $A \cap B$ is equal to the empty set. Then $B$ and ${A }^{\complement}$ are equal.

UniqComplement. Let $A$ and $B$ be sets. Assume that the union of $A$ and $B$ and $\mathbb{ U}$ are equal. Assume that $A \cap B$ and the empty set are equal. Then $B$ is equal to ${A }^{\complement}$.

UniqComplement. Let $A$ and $B$ be sets. Assume that the union of $A$ and $B$ and $\mathbb{ U}$ are equal. Assume that $A \cap B$ and the empty set are equal. Then $B$ and the complement of $A$ are equal.

UniqComplement. Let $A$ and $B$ be sets. Assume that $A \cup B$ is equal to the universal set. Assume that the intersection of $A$ and $B$ is equal to the empty set. Then $B$ is equal to the complement of $A$.

UniqComplement. Let $A$ and $B$ be sets. Assume that $A \cup B$ is equal to $\mathbb{ U}$. Assume that the intersection of $A$ and $B$ is equal to the empty set. Then $B$ is equal to the complement of $A$.

UniqComplement. Let $A$ and $B$ be sets. Assume that the union of $A$ and $B$ and the universal set are equal. Assume that $A \cap B$ and $\emptyset$ are equal. Then $B$ and ${A }^{\complement}$ are equal.

UniqComplement. Let $A$ and $B$ be sets. Assume that the union of $A$ and $B$ and $\mathbb{ U}$ are equal. Assume that $A \cap B$ and $\emptyset$ are equal. Then $B$ and ${A }^{\complement}$ are equal.

UniqComplement. Let $A$ and $B$ be sets. Assume that $A \cup B$ is equal to the universal set. Assume that the intersection of $A$ and $B$ is equal to $\emptyset$. Then $B$ is equal to ${A }^{\complement}$.

UniqComplement. Let $A$ and $B$ be sets. Assume that $A \cup B$ is equal to the universal set. Assume that the intersection of $A$ and $B$ is equal to $\emptyset$. Then $B$ and the complement of $A$ are equal.

UniqComplement. Let $A$ and $B$ be sets. Assume that $A \cup B$ is equal to the universal set. Assume that the intersection of $A$ and $B$ and $\emptyset$ are equal. Then $B$ is equal to the complement of $A$.

UniqComplement. Let $A$ and $B$ be sets. Assume that $A \cup B$ is equal to $\mathbb{ U}$. Assume that the intersection of $A$ and $B$ is equal to $\emptyset$. Then $B$ is equal to ${A }^{\complement}$.

UniqComplement. Let $A$ and $B$ be sets. Assume that $A \cup B$ is equal to $\mathbb{ U}$. Assume that the intersection of $A$ and $B$ is equal to $\emptyset$. Then $B$ and the complement of $A$ are equal.

UniqComplement. Let $A$ and $B$ be sets. Assume that $A \cup B$ is equal to $\mathbb{ U}$. Assume that the intersection of $A$ and $B$ and $\emptyset$ are equal. Then $B$ is equal to the complement of $A$.

UniqComplement. Let $A$ and $B$ be sets. Assume that the union of $A$ and $B$ and the universal set are equal. Assume that $A \cap B$ and the empty set are equal. Then $B$ and ${A }^{\complement}$ are equal.

UniqComplement. Let $A$ and $B$ be sets. Assume that the union of $A$ and $B$ and $\mathbb{ U}$ are equal. Assume that $A \cap B$ and the empty set are equal. Then $B$ and ${A }^{\complement}$ are equal.

UniqComplement. Let $A$ and $B$ be sets. Assume that $A \cup B$ and the universal set are equal. Assume that the intersection of $A$ and $B$ is equal to $\emptyset$. Then $B$ is equal to the complement of $A$.

UniqComplement. Let $A$ and $B$ be sets. Assume that $A \cup B$ and $\mathbb{ U}$ are equal. Assume that the intersection of $A$ and $B$ is equal to $\emptyset$. Then $B$ is equal to the complement of $A$.

UniqComplement. Let $A$ and $B$ be sets. Assume that $A \cup B$ is equal to the universal set. Assume that the intersection of $A$ and $B$ is equal to the empty set. Then $B$ is equal to ${A }^{\complement}$.

UniqComplement. Let $A$ and $B$ be sets. Assume that $A \cup B$ is equal to the universal set. Assume that the intersection of $A$ and $B$ is equal to the empty set. Then $B$ and the complement of $A$ are equal.

UniqComplement. Let $A$ and $B$ be sets. Assume that $A \cup B$ is equal to the universal set. Assume that the intersection of $A$ and $B$ and the empty set are equal. Then $B$ is equal to the complement of $A$.

UniqComplement. Let $A$ and $B$ be sets. Assume that $A \cup B$ is equal to $\mathbb{ U}$. Assume that the intersection of $A$ and $B$ is equal to the empty set. Then $B$ is equal to ${A }^{\complement}$.

UniqComplement. Let $A$ and $B$ be sets. Assume that $A \cup B$ is equal to $\mathbb{ U}$. Assume that the intersection of $A$ and $B$ is equal to the empty set. Then $B$ and the complement of $A$ are equal.

UniqComplement. Let $A$ and $B$ be sets. Assume that $A \cup B$ is equal to $\mathbb{ U}$. Assume that the intersection of $A$ and $B$ and the empty set are equal. Then $B$ is equal to the complement of $A$.

UniqComplement. Let $A$ and $B$ be sets. Assume that $A \cup B$ and the universal set are equal. Assume that the intersection of $A$ and $B$ is equal to the empty set. Then $B$ is equal to the complement of $A$.

UniqComplement. Let $A$ and $B$ be sets. Assume that $A \cup B$ and $\mathbb{ U}$ are equal. Assume that the intersection of $A$ and $B$ is equal to the empty set. Then $B$ is equal to the complement of $A$.

UniqComplement. Let $A$ and $B$ be sets. Assume that $A \cup B$ is equal to the universal set. Assume that the intersection of $A$ and $B$ is equal to $\emptyset$. Then $B$ and ${A }^{\complement}$ are equal.

UniqComplement. Let $A$ and $B$ be sets. Assume that $A \cup B$ is equal to the universal set. Assume that the intersection of $A$ and $B$ and $\emptyset$ are equal. Then $B$ is equal to ${A }^{\complement}$.

UniqComplement. Let $A$ and $B$ be sets. Assume that $A \cup B$ is equal to the universal set. Assume that the intersection of $A$ and $B$ and $\emptyset$ are equal. Then $B$ and the complement of $A$ are equal.

UniqComplement. Let $A$ and $B$ be sets. Assume that $A \cup B$ is equal to $\mathbb{ U}$. Assume that the intersection of $A$ and $B$ is equal to $\emptyset$. Then $B$ and ${A }^{\complement}$ are equal.

UniqComplement. Let $A$ and $B$ be sets. Assume that $A \cup B$ is equal to $\mathbb{ U}$. Assume that the intersection of $A$ and $B$ and $\emptyset$ are equal. Then $B$ is equal to ${A }^{\complement}$.

UniqComplement. Let $A$ and $B$ be sets. Assume that $A \cup B$ is equal to $\mathbb{ U}$. Assume that the intersection of $A$ and $B$ and $\emptyset$ are equal. Then $B$ and the complement of $A$ are equal.

UniqComplement. Let $A$ and $B$ be sets. Assume that $A \cup B$ and the universal set are equal. Assume that the intersection of $A$ and $B$ is equal to $\emptyset$. Then $B$ is equal to ${A }^{\complement}$.

UniqComplement. Let $A$ and $B$ be sets. Assume that $A \cup B$ and the universal set are equal. Assume that the intersection of $A$ and $B$ is equal to $\emptyset$. Then $B$ and the complement of $A$ are equal.

UniqComplement. Let $A$ and $B$ be sets. Assume that $A \cup B$ and the universal set are equal. Assume that the intersection of $A$ and $B$ and $\emptyset$ are equal. Then $B$ is equal to the complement of $A$.

UniqComplement. Let $A$ and $B$ be sets. Assume that $A \cup B$ and $\mathbb{ U}$ are equal. Assume that the intersection of $A$ and $B$ is equal to $\emptyset$. Then $B$ is equal to ${A }^{\complement}$.

UniqComplement. Let $A$ and $B$ be sets. Assume that $A \cup B$ and $\mathbb{ U}$ are equal. Assume that the intersection of $A$ and $B$ is equal to $\emptyset$. Then $B$ and the complement of $A$ are equal.

UniqComplement. Let $A$ and $B$ be sets. Assume that $A \cup B$ and $\mathbb{ U}$ are equal. Assume that the intersection of $A$ and $B$ and $\emptyset$ are equal. Then $B$ is equal to the complement of $A$.

UniqComplement. Let $A$ and $B$ be sets. Assume that $A \cup B$ is equal to the universal set. Assume that the intersection of $A$ and $B$ is equal to the empty set. Then $B$ and ${A }^{\complement}$ are equal.

UniqComplement. Let $A$ and $B$ be sets. Assume that $A \cup B$ is equal to the universal set. Assume that the intersection of $A$ and $B$ and the empty set are equal. Then $B$ is equal to ${A }^{\complement}$.

UniqComplement. Let $A$ and $B$ be sets. Assume that $A \cup B$ is equal to the universal set. Assume that the intersection of $A$ and $B$ and the empty set are equal. Then $B$ and the complement of $A$ are equal.

UniqComplement. Let $A$ and $B$ be sets. Assume that $A \cup B$ is equal to $\mathbb{ U}$. Assume that the intersection of $A$ and $B$ is equal to the empty set. Then $B$ and ${A }^{\complement}$ are equal.

UniqComplement. Let $A$ and $B$ be sets. Assume that $A \cup B$ is equal to $\mathbb{ U}$. Assume that the intersection of $A$ and $B$ and the empty set are equal. Then $B$ is equal to ${A }^{\complement}$.

UniqComplement. Let $A$ and $B$ be sets. Assume that $A \cup B$ is equal to $\mathbb{ U}$. Assume that the intersection of $A$ and $B$ and the empty set are equal. Then $B$ and the complement of $A$ are equal.

UniqComplement. Let $A$ and $B$ be sets. Assume that $A \cup B$ and the universal set are equal. Assume that the intersection of $A$ and $B$ is equal to the empty set. Then $B$ is equal to ${A }^{\complement}$.

UniqComplement. Let $A$ and $B$ be sets. Assume that $A \cup B$ and the universal set are equal. Assume that the intersection of $A$ and $B$ is equal to the empty set. Then $B$ and the complement of $A$ are equal.

UniqComplement. Let $A$ and $B$ be sets. Assume that $A \cup B$ and the universal set are equal. Assume that the intersection of $A$ and $B$ and the empty set are equal. Then $B$ is equal to the complement of $A$.

UniqComplement. Let $A$ and $B$ be sets. Assume that $A \cup B$ and $\mathbb{ U}$ are equal. Assume that the intersection of $A$ and $B$ is equal to the empty set. Then $B$ is equal to ${A }^{\complement}$.

UniqComplement. Let $A$ and $B$ be sets. Assume that $A \cup B$ and $\mathbb{ U}$ are equal. Assume that the intersection of $A$ and $B$ is equal to the empty set. Then $B$ and the complement of $A$ are equal.

UniqComplement. Let $A$ and $B$ be sets. Assume that $A \cup B$ and $\mathbb{ U}$ are equal. Assume that the intersection of $A$ and $B$ and the empty set are equal. Then $B$ is equal to the complement of $A$.

UniqComplement. Let $A$ and $B$ be sets. Assume that the union of $A$ and $B$ is equal to the universal set. Assume that the intersection of $A$ and $B$ is equal to $\emptyset$. Then $B = {A }^{\complement}$.

UniqComplement. Let $A$ and $B$ be sets. Assume that the union of $A$ and $B$ is equal to $\mathbb{ U}$. Assume that the intersection of $A$ and $B$ is equal to $\emptyset$. Then $B = {A }^{\complement}$.

UniqComplement. Let $A$ and $B$ be sets. Assume that $A \cup B$ is equal to the universal set. Assume that the intersection of $A$ and $B$ and $\emptyset$ are equal. Then $B$ and ${A }^{\complement}$ are equal.

UniqComplement. Let $A$ and $B$ be sets. Assume that $A \cup B$ is equal to $\mathbb{ U}$. Assume that the intersection of $A$ and $B$ and $\emptyset$ are equal. Then $B$ and ${A }^{\complement}$ are equal.

UniqComplement. Let $A$ and $B$ be sets. Assume that $A \cup B$ and the universal set are equal. Assume that the intersection of $A$ and $B$ is equal to $\emptyset$. Then $B$ and ${A }^{\complement}$ are equal.

UniqComplement. Let $A$ and $B$ be sets. Assume that $A \cup B$ and the universal set are equal. Assume that the intersection of $A$ and $B$ and $\emptyset$ are equal. Then $B$ is equal to ${A }^{\complement}$.

UniqComplement. Let $A$ and $B$ be sets. Assume that $A \cup B$ and the universal set are equal. Assume that the intersection of $A$ and $B$ and $\emptyset$ are equal. Then $B$ and the complement of $A$ are equal.

UniqComplement. Let $A$ and $B$ be sets. Assume that $A \cup B$ and $\mathbb{ U}$ are equal. Assume that the intersection of $A$ and $B$ is equal to $\emptyset$. Then $B$ and ${A }^{\complement}$ are equal.

UniqComplement. Let $A$ and $B$ be sets. Assume that $A \cup B$ and $\mathbb{ U}$ are equal. Assume that the intersection of $A$ and $B$ and $\emptyset$ are equal. Then $B$ is equal to ${A }^{\complement}$.

UniqComplement. Let $A$ and $B$ be sets. Assume that $A \cup B$ and $\mathbb{ U}$ are equal. Assume that the intersection of $A$ and $B$ and $\emptyset$ are equal. Then $B$ and the complement of $A$ are equal.

UniqComplement. Let $A$ and $B$ be sets. Assume that the union of $A$ and $B$ is equal to the universal set. Assume that the intersection of $A$ and $B$ is equal to the empty set. Then $B = {A }^{\complement}$.

UniqComplement. Let $A$ and $B$ be sets. Assume that the union of $A$ and $B$ is equal to $\mathbb{ U}$. Assume that the intersection of $A$ and $B$ is equal to the empty set. Then $B = {A }^{\complement}$.

UniqComplement. Let $A$ and $B$ be sets. Assume that $A \cup B$ is equal to the universal set. Assume that the intersection of $A$ and $B$ and the empty set are equal. Then $B$ and ${A }^{\complement}$ are equal.

UniqComplement. Let $A$ and $B$ be sets. Assume that $A \cup B$ is equal to $\mathbb{ U}$. Assume that the intersection of $A$ and $B$ and the empty set are equal. Then $B$ and ${A }^{\complement}$ are equal.

UniqComplement. Let $A$ and $B$ be sets. Assume that $A \cup B$ and the universal set are equal. Assume that the intersection of $A$ and $B$ is equal to the empty set. Then $B$ and ${A }^{\complement}$ are equal.

UniqComplement. Let $A$ and $B$ be sets. Assume that $A \cup B$ and the universal set are equal. Assume that the intersection of $A$ and $B$ and the empty set are equal. Then $B$ is equal to ${A }^{\complement}$.

UniqComplement. Let $A$ and $B$ be sets. Assume that $A \cup B$ and the universal set are equal. Assume that the intersection of $A$ and $B$ and the empty set are equal. Then $B$ and the complement of $A$ are equal.

UniqComplement. Let $A$ and $B$ be sets. Assume that $A \cup B$ and $\mathbb{ U}$ are equal. Assume that the intersection of $A$ and $B$ is equal to the empty set. Then $B$ and ${A }^{\complement}$ are equal.

UniqComplement. Let $A$ and $B$ be sets. Assume that $A \cup B$ and $\mathbb{ U}$ are equal. Assume that the intersection of $A$ and $B$ and the empty set are equal. Then $B$ is equal to ${A }^{\complement}$.

UniqComplement. Let $A$ and $B$ be sets. Assume that $A \cup B$ and $\mathbb{ U}$ are equal. Assume that the intersection of $A$ and $B$ and the empty set are equal. Then $B$ and the complement of $A$ are equal.

UniqComplement. Let $A$ and $B$ be sets. Assume that the union of $A$ and $B$ is equal to the universal set. Assume that the intersection of $A$ and $B$ and $\emptyset$ are equal. Then $B = {A }^{\complement}$.

UniqComplement. Let $A$ and $B$ be sets. Assume that the union of $A$ and $B$ is equal to $\mathbb{ U}$. Assume that the intersection of $A$ and $B$ and $\emptyset$ are equal. Then $B = {A }^{\complement}$.

UniqComplement. Let $A$ and $B$ be sets. Assume that the union of $A$ and $B$ and the universal set are equal. Assume that the intersection of $A$ and $B$ is equal to $\emptyset$. Then $B = {A }^{\complement}$.

UniqComplement. Let $A$ and $B$ be sets. Assume that the union of $A$ and $B$ and $\mathbb{ U}$ are equal. Assume that the intersection of $A$ and $B$ is equal to $\emptyset$. Then $B = {A }^{\complement}$.

UniqComplement. Let $A$ and $B$ be sets. Assume that $A \cup B$ and the universal set are equal. Assume that the intersection of $A$ and $B$ and $\emptyset$ are equal. Then $B$ and ${A }^{\complement}$ are equal.

UniqComplement. Let $A$ and $B$ be sets. Assume that $A \cup B$ and $\mathbb{ U}$ are equal. Assume that the intersection of $A$ and $B$ and $\emptyset$ are equal. Then $B$ and ${A }^{\complement}$ are equal.

UniqComplement. Let $A$ and $B$ be sets. Assume that the union of $A$ and $B$ is equal to the universal set. Assume that the intersection of $A$ and $B$ and the empty set are equal. Then $B = {A }^{\complement}$.

UniqComplement. Let $A$ and $B$ be sets. Assume that the union of $A$ and $B$ is equal to $\mathbb{ U}$. Assume that the intersection of $A$ and $B$ and the empty set are equal. Then $B = {A }^{\complement}$.

UniqComplement. Let $A$ and $B$ be sets. Assume that the union of $A$ and $B$ and the universal set are equal. Assume that the intersection of $A$ and $B$ is equal to the empty set. Then $B = {A }^{\complement}$.

UniqComplement. Let $A$ and $B$ be sets. Assume that the union of $A$ and $B$ and $\mathbb{ U}$ are equal. Assume that the intersection of $A$ and $B$ is equal to the empty set. Then $B = {A }^{\complement}$.

UniqComplement. Let $A$ and $B$ be sets. Assume that $A \cup B$ and the universal set are equal. Assume that the intersection of $A$ and $B$ and the empty set are equal. Then $B$ and ${A }^{\complement}$ are equal.

UniqComplement. Let $A$ and $B$ be sets. Assume that $A \cup B$ and $\mathbb{ U}$ are equal. Assume that the intersection of $A$ and $B$ and the empty set are equal. Then $B$ and ${A }^{\complement}$ are equal.

UniqComplement. Let $A$ and $B$ be sets. Assume that the union of $A$ and $B$ and the universal set are equal. Assume that the intersection of $A$ and $B$ and $\emptyset$ are equal. Then $B = {A }^{\complement}$.

UniqComplement. Let $A$ and $B$ be sets. Assume that the union of $A$ and $B$ and $\mathbb{ U}$ are equal. Assume that the intersection of $A$ and $B$ and $\emptyset$ are equal. Then $B = {A }^{\complement}$.

UniqComplement. Let $A$ and $B$ be sets. Assume that the union of $A$ and $B$ and the universal set are equal. Assume that the intersection of $A$ and $B$ and the empty set are equal. Then $B = {A }^{\complement}$.

UniqComplement. Let $A$ and $B$ be sets. Assume that the union of $A$ and $B$ and $\mathbb{ U}$ are equal. Assume that the intersection of $A$ and $B$ and the empty set are equal. Then $B = {A }^{\complement}$.

UniqComplement. Let $A$ and $B$ be sets. Assume that the union of $A$ and $B$ is equal to the universal set. Assume that the intersection of $A$ and $B$ is equal to $\emptyset$. Then $B$ is equal to the complement of $A$.

UniqComplement. Let $A$ and $B$ be sets. Assume that the union of $A$ and $B$ is equal to $\mathbb{ U}$. Assume that the intersection of $A$ and $B$ is equal to $\emptyset$. Then $B$ is equal to the complement of $A$.

UniqComplement. Let $A$ and $B$ be sets. Assume that the union of $A$ and $B$ is equal to the universal set. Assume that the intersection of $A$ and $B$ is equal to the empty set. Then $B$ is equal to the complement of $A$.

UniqComplement. Let $A$ and $B$ be sets. Assume that the union of $A$ and $B$ is equal to $\mathbb{ U}$. Assume that the intersection of $A$ and $B$ is equal to the empty set. Then $B$ is equal to the complement of $A$.

UniqComplement. Let $A$ and $B$ be sets. Assume that the union of $A$ and $B$ is equal to the universal set. Assume that the intersection of $A$ and $B$ is equal to $\emptyset$. Then $B$ is equal to ${A }^{\complement}$.

UniqComplement. Let $A$ and $B$ be sets. Assume that the union of $A$ and $B$ is equal to the universal set. Assume that the intersection of $A$ and $B$ is equal to $\emptyset$. Then $B$ and the complement of $A$ are equal.

UniqComplement. Let $A$ and $B$ be sets. Assume that the union of $A$ and $B$ is equal to the universal set. Assume that the intersection of $A$ and $B$ and $\emptyset$ are equal. Then $B$ is equal to the complement of $A$.

UniqComplement. Let $A$ and $B$ be sets. Assume that the union of $A$ and $B$ is equal to $\mathbb{ U}$. Assume that the intersection of $A$ and $B$ is equal to $\emptyset$. Then $B$ is equal to ${A }^{\complement}$.

UniqComplement. Let $A$ and $B$ be sets. Assume that the union of $A$ and $B$ is equal to $\mathbb{ U}$. Assume that the intersection of $A$ and $B$ is equal to $\emptyset$. Then $B$ and the complement of $A$ are equal.

UniqComplement. Let $A$ and $B$ be sets. Assume that the union of $A$ and $B$ is equal to $\mathbb{ U}$. Assume that the intersection of $A$ and $B$ and $\emptyset$ are equal. Then $B$ is equal to the complement of $A$.

UniqComplement. Let $A$ and $B$ be sets. Assume that the union of $A$ and $B$ and the universal set are equal. Assume that the intersection of $A$ and $B$ is equal to $\emptyset$. Then $B$ is equal to the complement of $A$.

UniqComplement. Let $A$ and $B$ be sets. Assume that the union of $A$ and $B$ and $\mathbb{ U}$ are equal. Assume that the intersection of $A$ and $B$ is equal to $\emptyset$. Then $B$ is equal to the complement of $A$.

UniqComplement. Let $A$ and $B$ be sets. Assume that the union of $A$ and $B$ is equal to the universal set. Assume that the intersection of $A$ and $B$ is equal to the empty set. Then $B$ is equal to ${A }^{\complement}$.

UniqComplement. Let $A$ and $B$ be sets. Assume that the union of $A$ and $B$ is equal to the universal set. Assume that the intersection of $A$ and $B$ is equal to the empty set. Then $B$ and the complement of $A$ are equal.

UniqComplement. Let $A$ and $B$ be sets. Assume that the union of $A$ and $B$ is equal to the universal set. Assume that the intersection of $A$ and $B$ and the empty set are equal. Then $B$ is equal to the complement of $A$.

UniqComplement. Let $A$ and $B$ be sets. Assume that the union of $A$ and $B$ is equal to $\mathbb{ U}$. Assume that the intersection of $A$ and $B$ is equal to the empty set. Then $B$ is equal to ${A }^{\complement}$.

UniqComplement. Let $A$ and $B$ be sets. Assume that the union of $A$ and $B$ is equal to $\mathbb{ U}$. Assume that the intersection of $A$ and $B$ is equal to the empty set. Then $B$ and the complement of $A$ are equal.

UniqComplement. Let $A$ and $B$ be sets. Assume that the union of $A$ and $B$ is equal to $\mathbb{ U}$. Assume that the intersection of $A$ and $B$ and the empty set are equal. Then $B$ is equal to the complement of $A$.

UniqComplement. Let $A$ and $B$ be sets. Assume that the union of $A$ and $B$ and the universal set are equal. Assume that the intersection of $A$ and $B$ is equal to the empty set. Then $B$ is equal to the complement of $A$.

UniqComplement. Let $A$ and $B$ be sets. Assume that the union of $A$ and $B$ and $\mathbb{ U}$ are equal. Assume that the intersection of $A$ and $B$ is equal to the empty set. Then $B$ is equal to the complement of $A$.

UniqComplement. Let $A$ and $B$ be sets. Assume that the union of $A$ and $B$ is equal to the universal set. Assume that the intersection of $A$ and $B$ is equal to $\emptyset$. Then $B$ and ${A }^{\complement}$ are equal.

UniqComplement. Let $A$ and $B$ be sets. Assume that the union of $A$ and $B$ is equal to the universal set. Assume that the intersection of $A$ and $B$ and $\emptyset$ are equal. Then $B$ is equal to ${A }^{\complement}$.

UniqComplement. Let $A$ and $B$ be sets. Assume that the union of $A$ and $B$ is equal to the universal set. Assume that the intersection of $A$ and $B$ and $\emptyset$ are equal. Then $B$ and the complement of $A$ are equal.

UniqComplement. Let $A$ and $B$ be sets. Assume that the union of $A$ and $B$ is equal to $\mathbb{ U}$. Assume that the intersection of $A$ and $B$ is equal to $\emptyset$. Then $B$ and ${A }^{\complement}$ are equal.

UniqComplement. Let $A$ and $B$ be sets. Assume that the union of $A$ and $B$ is equal to $\mathbb{ U}$. Assume that the intersection of $A$ and $B$ and $\emptyset$ are equal. Then $B$ is equal to ${A }^{\complement}$.

UniqComplement. Let $A$ and $B$ be sets. Assume that the union of $A$ and $B$ is equal to $\mathbb{ U}$. Assume that the intersection of $A$ and $B$ and $\emptyset$ are equal. Then $B$ and the complement of $A$ are equal.

UniqComplement. Let $A$ and $B$ be sets. Assume that the union of $A$ and $B$ and the universal set are equal. Assume that the intersection of $A$ and $B$ is equal to $\emptyset$. Then $B$ is equal to ${A }^{\complement}$.

UniqComplement. Let $A$ and $B$ be sets. Assume that the union of $A$ and $B$ and the universal set are equal. Assume that the intersection of $A$ and $B$ is equal to $\emptyset$. Then $B$ and the complement of $A$ are equal.

UniqComplement. Let $A$ and $B$ be sets. Assume that the union of $A$ and $B$ and the universal set are equal. Assume that the intersection of $A$ and $B$ and $\emptyset$ are equal. Then $B$ is equal to the complement of $A$.

UniqComplement. Let $A$ and $B$ be sets. Assume that the union of $A$ and $B$ and $\mathbb{ U}$ are equal. Assume that the intersection of $A$ and $B$ is equal to $\emptyset$. Then $B$ is equal to ${A }^{\complement}$.

UniqComplement. Let $A$ and $B$ be sets. Assume that the union of $A$ and $B$ and $\mathbb{ U}$ are equal. Assume that the intersection of $A$ and $B$ is equal to $\emptyset$. Then $B$ and the complement of $A$ are equal.

UniqComplement. Let $A$ and $B$ be sets. Assume that the union of $A$ and $B$ and $\mathbb{ U}$ are equal. Assume that the intersection of $A$ and $B$ and $\emptyset$ are equal. Then $B$ is equal to the complement of $A$.

UniqComplement. Let $A$ and $B$ be sets. Assume that the union of $A$ and $B$ is equal to the universal set. Assume that the intersection of $A$ and $B$ is equal to the empty set. Then $B$ and ${A }^{\complement}$ are equal.

UniqComplement. Let $A$ and $B$ be sets. Assume that the union of $A$ and $B$ is equal to the universal set. Assume that the intersection of $A$ and $B$ and the empty set are equal. Then $B$ is equal to ${A }^{\complement}$.

UniqComplement. Let $A$ and $B$ be sets. Assume that the union of $A$ and $B$ is equal to the universal set. Assume that the intersection of $A$ and $B$ and the empty set are equal. Then $B$ and the complement of $A$ are equal.

UniqComplement. Let $A$ and $B$ be sets. Assume that the union of $A$ and $B$ is equal to $\mathbb{ U}$. Assume that the intersection of $A$ and $B$ is equal to the empty set. Then $B$ and ${A }^{\complement}$ are equal.

UniqComplement. Let $A$ and $B$ be sets. Assume that the union of $A$ and $B$ is equal to $\mathbb{ U}$. Assume that the intersection of $A$ and $B$ and the empty set are equal. Then $B$ is equal to ${A }^{\complement}$.

UniqComplement. Let $A$ and $B$ be sets. Assume that the union of $A$ and $B$ is equal to $\mathbb{ U}$. Assume that the intersection of $A$ and $B$ and the empty set are equal. Then $B$ and the complement of $A$ are equal.

UniqComplement. Let $A$ and $B$ be sets. Assume that the union of $A$ and $B$ and the universal set are equal. Assume that the intersection of $A$ and $B$ is equal to the empty set. Then $B$ is equal to ${A }^{\complement}$.

UniqComplement. Let $A$ and $B$ be sets. Assume that the union of $A$ and $B$ and the universal set are equal. Assume that the intersection of $A$ and $B$ is equal to the empty set. Then $B$ and the complement of $A$ are equal.

UniqComplement. Let $A$ and $B$ be sets. Assume that the union of $A$ and $B$ and the universal set are equal. Assume that the intersection of $A$ and $B$ and the empty set are equal. Then $B$ is equal to the complement of $A$.

UniqComplement. Let $A$ and $B$ be sets. Assume that the union of $A$ and $B$ and $\mathbb{ U}$ are equal. Assume that the intersection of $A$ and $B$ is equal to the empty set. Then $B$ is equal to ${A }^{\complement}$.

UniqComplement. Let $A$ and $B$ be sets. Assume that the union of $A$ and $B$ and $\mathbb{ U}$ are equal. Assume that the intersection of $A$ and $B$ is equal to the empty set. Then $B$ and the complement of $A$ are equal.

UniqComplement. Let $A$ and $B$ be sets. Assume that the union of $A$ and $B$ and $\mathbb{ U}$ are equal. Assume that the intersection of $A$ and $B$ and the empty set are equal. Then $B$ is equal to the complement of $A$.

UniqComplement. Let $A$ and $B$ be sets. Assume that the union of $A$ and $B$ is equal to the universal set. Assume that the intersection of $A$ and $B$ and $\emptyset$ are equal. Then $B$ and ${A }^{\complement}$ are equal.

UniqComplement. Let $A$ and $B$ be sets. Assume that the union of $A$ and $B$ is equal to $\mathbb{ U}$. Assume that the intersection of $A$ and $B$ and $\emptyset$ are equal. Then $B$ and ${A }^{\complement}$ are equal.

UniqComplement. Let $A$ and $B$ be sets. Assume that the union of $A$ and $B$ and the universal set are equal. Assume that the intersection of $A$ and $B$ is equal to $\emptyset$. Then $B$ and ${A }^{\complement}$ are equal.

UniqComplement. Let $A$ and $B$ be sets. Assume that the union of $A$ and $B$ and the universal set are equal. Assume that the intersection of $A$ and $B$ and $\emptyset$ are equal. Then $B$ is equal to ${A }^{\complement}$.

UniqComplement. Let $A$ and $B$ be sets. Assume that the union of $A$ and $B$ and the universal set are equal. Assume that the intersection of $A$ and $B$ and $\emptyset$ are equal. Then $B$ and the complement of $A$ are equal.

UniqComplement. Let $A$ and $B$ be sets. Assume that the union of $A$ and $B$ and $\mathbb{ U}$ are equal. Assume that the intersection of $A$ and $B$ is equal to $\emptyset$. Then $B$ and ${A }^{\complement}$ are equal.

UniqComplement. Let $A$ and $B$ be sets. Assume that the union of $A$ and $B$ and $\mathbb{ U}$ are equal. Assume that the intersection of $A$ and $B$ and $\emptyset$ are equal. Then $B$ is equal to ${A }^{\complement}$.

UniqComplement. Let $A$ and $B$ be sets. Assume that the union of $A$ and $B$ and $\mathbb{ U}$ are equal. Assume that the intersection of $A$ and $B$ and $\emptyset$ are equal. Then $B$ and the complement of $A$ are equal.

UniqComplement. Let $A$ and $B$ be sets. Assume that the union of $A$ and $B$ is equal to the universal set. Assume that the intersection of $A$ and $B$ and the empty set are equal. Then $B$ and ${A }^{\complement}$ are equal.

UniqComplement. Let $A$ and $B$ be sets. Assume that the union of $A$ and $B$ is equal to $\mathbb{ U}$. Assume that the intersection of $A$ and $B$ and the empty set are equal. Then $B$ and ${A }^{\complement}$ are equal.

UniqComplement. Let $A$ and $B$ be sets. Assume that the union of $A$ and $B$ and the universal set are equal. Assume that the intersection of $A$ and $B$ is equal to the empty set. Then $B$ and ${A }^{\complement}$ are equal.

UniqComplement. Let $A$ and $B$ be sets. Assume that the union of $A$ and $B$ and the universal set are equal. Assume that the intersection of $A$ and $B$ and the empty set are equal. Then $B$ is equal to ${A }^{\complement}$.

UniqComplement. Let $A$ and $B$ be sets. Assume that the union of $A$ and $B$ and the universal set are equal. Assume that the intersection of $A$ and $B$ and the empty set are equal. Then $B$ and the complement of $A$ are equal.

UniqComplement. Let $A$ and $B$ be sets. Assume that the union of $A$ and $B$ and $\mathbb{ U}$ are equal. Assume that the intersection of $A$ and $B$ is equal to the empty set. Then $B$ and ${A }^{\complement}$ are equal.

UniqComplement. Let $A$ and $B$ be sets. Assume that the union of $A$ and $B$ and $\mathbb{ U}$ are equal. Assume that the intersection of $A$ and $B$ and the empty set are equal. Then $B$ is equal to ${A }^{\complement}$.

UniqComplement. Let $A$ and $B$ be sets. Assume that the union of $A$ and $B$ and $\mathbb{ U}$ are equal. Assume that the intersection of $A$ and $B$ and the empty set are equal. Then $B$ and the complement of $A$ are equal.

UniqComplement. Let $A$ and $B$ be sets. Assume that the union of $A$ and $B$ and the universal set are equal. Assume that the intersection of $A$ and $B$ and $\emptyset$ are equal. Then $B$ and ${A }^{\complement}$ are equal.

UniqComplement. Let $A$ and $B$ be sets. Assume that the union of $A$ and $B$ and $\mathbb{ U}$ are equal. Assume that the intersection of $A$ and $B$ and $\emptyset$ are equal. Then $B$ and ${A }^{\complement}$ are equal.

UniqComplement. Let $A$ and $B$ be sets. Assume that the union of $A$ and $B$ and the universal set are equal. Assume that the intersection of $A$ and $B$ and the empty set are equal. Then $B$ and ${A }^{\complement}$ are equal.

UniqComplement. Let $A$ and $B$ be sets. Assume that the union of $A$ and $B$ and $\mathbb{ U}$ are equal. Assume that the intersection of $A$ and $B$ and the empty set are equal. Then $B$ and ${A }^{\complement}$ are equal.

ReflSubset. Let $A$ be a set. Then $A \subseteq A$.

ReflSubset. Let $A$ be a set. Then $A$ is a subset of $A$.

AntisymmSubset. Let $A$ and $B$ be sets. Then $A \subseteq B \subseteq A$, if and only if $A = B$.

AntisymmSubset. Let $A$ and $B$ be sets. Then $A \subseteq B \subseteq A$, if and only if $A$ is equal to $B$.

AntisymmSubset. Let $A$ and $B$ be sets. Then $A \subseteq B \subseteq A$, if and only if $A$ and $B$ are equal.

AntisymmSubset. Let $A$ and $B$ be sets. Then $A$ is a subset of $B$ and $B \subseteq A$, if and only if $A = B$.

AntisymmSubset. Let $A$ and $B$ be sets. Then $A \subseteq B$ and $B$ is a subset of $A$, if and only if $A = B$.

AntisymmSubset. Let $A$ and $B$ be sets. Then $A$ is a subset of $B$ and $B$ is a subset of $A$, if and only if $A = B$.

AntisymmSubset. Let $A$ and $B$ be sets. Then $A$ is a subset of $B$ and $B \subseteq A$, if and only if $A$ is equal to $B$.

AntisymmSubset. Let $A$ and $B$ be sets. Then $A \subseteq B$ and $B$ is a subset of $A$, if and only if $A$ is equal to $B$.

AntisymmSubset. Let $A$ and $B$ be sets. Then $A$ is a subset of $B$ and $B \subseteq A$, if and only if $A$ and $B$ are equal.

AntisymmSubset. Let $A$ and $B$ be sets. Then $A \subseteq B$ and $B$ is a subset of $A$, if and only if $A$ and $B$ are equal.

AntisymmSubset. Let $A$ and $B$ be sets. Then $A$ is a subset of $B$ and $B$ is a subset of $A$, if and only if $A$ is equal to $B$.

AntisymmSubset. Let $A$ and $B$ be sets. Then $A$ is a subset of $B$ and $B$ is a subset of $A$, if and only if $A$ and $B$ are equal.

TransitSubset. Let $A$, $B$ and $C$ be sets. Then if $A \subseteq B \subseteq C$, then $A \subseteq C$.

TransitSubset. Let $A$, $B$ and $C$ be sets. Then if $A \subseteq B \subseteq C$, then $A$ is a subset of $C$.

TransitSubset. Let $A$, $B$ and $C$ be sets. Then if $A$ is a subset of $B$ and $B \subseteq C$, then $A \subseteq C$.

TransitSubset. Let $A$, $B$ and $C$ be sets. Then if $A \subseteq B$ and $B$ is a subset of $C$, then $A \subseteq C$.

TransitSubset. Let $A$, $B$ and $C$ be sets. Then if $A$ is a subset of $B$ and $B$ is a subset of $C$, then $A \subseteq C$.

TransitSubset. Let $A$, $B$ and $C$ be sets. Then if $A$ is a subset of $B$ and $B \subseteq C$, then $A$ is a subset of $C$.

TransitSubset. Let $A$, $B$ and $C$ be sets. Then if $A \subseteq B$ and $B$ is a subset of $C$, then $A$ is a subset of $C$.

TransitSubset. Let $A$, $B$ and $C$ be sets. Then if $A$ is a subset of $B$ and $B$ is a subset of $C$, then $A$ is a subset of $C$.

Prop7. Let $S$ and $A$ be sets. Assume that $A \subseteq S$. Then $\emptyset \subseteq A \subseteq S$.

Prop7. Let $S$ and $A$ be sets. Assume that $A$ is a subset of $S$. Then $\emptyset \subseteq A \subseteq S$.

Prop7. Let $S$ and $A$ be sets. Assume that $A \subseteq S$. Then $\emptyset$ is a subset of $A$ and $A \subseteq S$.

Prop7. Let $S$ and $A$ be sets. Assume that $A \subseteq S$. Then $\emptyset \subseteq A$ and $A$ is a subset of $S$.

Prop7. Let $S$ and $A$ be sets. Assume that $A \subseteq S$. Then the empty set is a subset of $A$ and $A \subseteq S$.

Prop7. Let $S$ and $A$ be sets. Assume that $A$ is a subset of $S$. Then $\emptyset$ is a subset of $A$ and $A \subseteq S$.

Prop7. Let $S$ and $A$ be sets. Assume that $A$ is a subset of $S$. Then $\emptyset \subseteq A$ and $A$ is a subset of $S$.

Prop7. Let $S$ and $A$ be sets. Assume that $A$ is a subset of $S$. Then the empty set is a subset of $A$ and $A \subseteq S$.

Prop7. Let $S$ and $A$ be sets. Assume that $A \subseteq S$. Then $\emptyset$ is a subset of $A$ and $A$ is a subset of $S$.

Prop7. Let $S$ and $A$ be sets. Assume that $A \subseteq S$. Then the empty set is a subset of $A$ and $A$ is a subset of $S$.

Prop7. Let $S$ and $A$ be sets. Assume that $A$ is a subset of $S$. Then $\emptyset$ is a subset of $A$ and $A$ is a subset of $S$.

Prop7. Let $S$ and $A$ be sets. Assume that $A$ is a subset of $S$. Then the empty set is a subset of $A$ and $A$ is a subset of $S$.

Prop8a. Let $A$ and $B$ be sets. Then $A \subseteq B$, if and only if $A \cap B = A$.

Prop8a. Let $A$ and $B$ be sets. Then $A$ is a subset of $B$, if and only if $A \cap B = A$.

Prop8a. Let $A$ and $B$ be sets. Then $A \subseteq B$, if and only if $A \cap B$ is equal to $A$.

Prop8a. Let $A$ and $B$ be sets. Then $A \subseteq B$, if and only if $A \cap B$ and $A$ are equal.

Prop8a. Let $A$ and $B$ be sets. Then $A$ is a subset of $B$, if and only if $A \cap B$ is equal to $A$.

Prop8a. Let $A$ and $B$ be sets. Then $A$ is a subset of $B$, if and only if $A \cap B$ and $A$ are equal.

Prop8a. Let $A$ and $B$ be sets. Then $A \subseteq B$, if and only if the intersection of $A$ and $B$ is equal to $A$.

Prop8a. Let $A$ and $B$ be sets. Then $A \subseteq B$, if and only if the intersection of $A$ and $B$ and $A$ are equal.

Prop8a. Let $A$ and $B$ be sets. Then $A$ is a subset of $B$, if and only if the intersection of $A$ and $B$ is equal to $A$.

Prop8a. Let $A$ and $B$ be sets. Then $A$ is a subset of $B$, if and only if the intersection of $A$ and $B$ and $A$ are equal.

Prop8b. Let $A$ and $B$ be sets. Then $A \subseteq B$, if and only if $A \cup B = B$.

Prop8b. Let $A$ and $B$ be sets. Then $A$ is a subset of $B$, if and only if $A \cup B = B$.

Prop8b. Let $A$ and $B$ be sets. Then $A \subseteq B$, if and only if $A \cup B$ is equal to $B$.

Prop8b. Let $A$ and $B$ be sets. Then $A \subseteq B$, if and only if $A \cup B$ and $B$ are equal.

Prop8b. Let $A$ and $B$ be sets. Then $A$ is a subset of $B$, if and only if $A \cup B$ is equal to $B$.

Prop8b. Let $A$ and $B$ be sets. Then $A$ is a subset of $B$, if and only if $A \cup B$ and $B$ are equal.

Prop8b. Let $A$ and $B$ be sets. Then $A \subseteq B$, if and only if the union of $A$ and $B$ is equal to $B$.

Prop8b. Let $A$ and $B$ be sets. Then $A \subseteq B$, if and only if the union of $A$ and $B$ and $B$ are equal.

Prop8b. Let $A$ and $B$ be sets. Then $A$ is a subset of $B$, if and only if the union of $A$ and $B$ is equal to $B$.

Prop8b. Let $A$ and $B$ be sets. Then $A$ is a subset of $B$, if and only if the union of $A$ and $B$ and $B$ are equal.

Prop8c. Let $A$ and $B$ be sets. Then $A \subseteq B$, if and only if $A \setminus B = \emptyset$.

Prop8c. Let $A$ and $B$ be sets. Then $A$ is a subset of $B$, if and only if $A \setminus B = \emptyset$.

Prop8c. Let $A$ and $B$ be sets. Then $A \subseteq B$, if and only if $A \setminus B$ is equal to $\emptyset$.

Prop8c. Let $A$ and $B$ be sets. Then $A \subseteq B$, if and only if $A \setminus B$ is equal to the empty set.

Prop8c. Let $A$ and $B$ be sets. Then $A \subseteq B$, if and only if $A \setminus B$ and $\emptyset$ are equal.

Prop8c. Let $A$ and $B$ be sets. Then $A \subseteq B$, if and only if $A \setminus B$ and the empty set are equal.

Prop8c. Let $A$ and $B$ be sets. Then $A$ is a subset of $B$, if and only if $A \setminus B$ is equal to $\emptyset$.

Prop8c. Let $A$ and $B$ be sets. Then $A$ is a subset of $B$, if and only if $A \setminus B$ is equal to the empty set.

Prop8c. Let $A$ and $B$ be sets. Then $A$ is a subset of $B$, if and only if $A \setminus B$ and $\emptyset$ are equal.

Prop8c. Let $A$ and $B$ be sets. Then $A$ is a subset of $B$, if and only if $A \setminus B$ and the empty set are equal.

Prop8c. Let $A$ and $B$ be sets. Then $A \subseteq B$, if and only if the difference of $A$ and $B$ is equal to $\emptyset$.

Prop8c. Let $A$ and $B$ be sets. Then $A \subseteq B$, if and only if the difference of $A$ and $B$ is equal to the empty set.

Prop8c. Let $A$ and $B$ be sets. Then $A \subseteq B$, if and only if the difference of $A$ and $B$ and $\emptyset$ are equal.

Prop8c. Let $A$ and $B$ be sets. Then $A \subseteq B$, if and only if the difference of $A$ and $B$ and the empty set are equal.

Prop8c. Let $A$ and $B$ be sets. Then $A$ is a subset of $B$, if and only if the difference of $A$ and $B$ is equal to $\emptyset$.

Prop8c. Let $A$ and $B$ be sets. Then $A$ is a subset of $B$, if and only if the difference of $A$ and $B$ is equal to the empty set.

Prop8c. Let $A$ and $B$ be sets. Then $A$ is a subset of $B$, if and only if the difference of $A$ and $B$ and $\emptyset$ are equal.

Prop8c. Let $A$ and $B$ be sets. Then $A$ is a subset of $B$, if and only if the difference of $A$ and $B$ and the empty set are equal.

Prop8d. Let $A$ and $B$ be sets. Then $A \subseteq B$, if and only if ${B }^{\complement} \subseteq {A }^{\complement}$.

Prop8d. Let $A$ and $B$ be sets. Then $A \subseteq B$, if and only if the complement of $B$ is a subset of the complement of $A$.

Prop8d. Let $A$ and $B$ be sets. Then $A \subseteq B$, if and only if the complement of $B$ is a subset of ${A }^{\complement}$.

Prop8d. Let $A$ and $B$ be sets. Then $A \subseteq B$, if and only if ${B }^{\complement}$ is a subset of the complement of $A$.

Prop8d. Let $A$ and $B$ be sets. Then $A \subseteq B$, if and only if ${B }^{\complement}$ is a subset of ${A }^{\complement}$.

Prop8d. Let $A$ and $B$ be sets. Then $A$ is a subset of $B$, if and only if ${B }^{\complement} \subseteq {A }^{\complement}$.

Prop8d. Let $A$ and $B$ be sets. Then $A$ is a subset of $B$, if and only if the complement of $B$ is a subset of the complement of $A$.

Prop8d. Let $A$ and $B$ be sets. Then $A$ is a subset of $B$, if and only if the complement of $B$ is a subset of ${A }^{\complement}$.

Prop8d. Let $A$ and $B$ be sets. Then $A$ is a subset of $B$, if and only if ${B }^{\complement}$ is a subset of the complement of $A$.

Prop8d. Let $A$ and $B$ be sets. Then $A$ is a subset of $B$, if and only if ${B }^{\complement}$ is a subset of ${A }^{\complement}$.

Prop9d. Let $A$, $B$ and $C$ be sets. Then $(B \setminus A)\cap C = (B \cap C)\setminus (A \cap C)= (B \cap C)\setminus A$.

Prop9d. Let $A$, $B$ and $C$ be sets. Then $(B \setminus A)\cap C$, $(B \cap C)\setminus (A \cap C)$ and $(B \cap C)\setminus A$ are equal.

Prop9d. Let $A$, $B$ and $C$ be sets. Then $(B \setminus A)\cap C$, the difference of $B \cap C$ and $A \cap C$ and $(B \cap C)\setminus A$ are equal.

Prop9d. Let $A$, $B$ and $C$ be sets. Then $(B \setminus A)\cap C$, $(B \cap C)\setminus (A \cap C)$ and the difference of $B \cap C$ and $A$ are equal.

Prop9d. Let $A$, $B$ and $C$ be sets. Then the intersection of $B \setminus A$ and $C$, $(B \cap C)\setminus (A \cap C)$ and $(B \cap C)\setminus A$ are equal.

Prop9d. Let $A$, $B$ and $C$ be sets. Then $(B \setminus A)\cap C$, the difference of $B \cap C$ and $A \cap C$ and the difference of $B \cap C$ and $A$ are equal.

Prop9d. Let $A$, $B$ and $C$ be sets. Then the intersection of $B \setminus A$ and $C$, the difference of $B \cap C$ and $A \cap C$ and $(B \cap C)\setminus A$ are equal.

Prop9d. Let $A$, $B$ and $C$ be sets. Then $(B \setminus A)\cap C$, the difference of the intersection of $B$ and $C$ and $A \cap C$ and $(B \cap C)\setminus A$ are equal.

Prop9d. Let $A$, $B$ and $C$ be sets. Then $(B \setminus A)\cap C$, the difference of $B \cap C$ and the intersection of $A$ and $C$ and $(B \cap C)\setminus A$ are equal.

Prop9d. Let $A$, $B$ and $C$ be sets. Then the intersection of $B \setminus A$ and $C$, $(B \cap C)\setminus (A \cap C)$ and the difference of $B \cap C$ and $A$ are equal.

Prop9d. Let $A$, $B$ and $C$ be sets. Then the intersection of the difference of $B$ and $A$ and $C$, $(B \cap C)\setminus (A \cap C)$ and $(B \cap C)\setminus A$ are equal.

Prop9d. Let $A$, $B$ and $C$ be sets. Then $(B \setminus A)\cap C$, $(B \cap C)\setminus (A \cap C)$ and the difference of the intersection of $B$ and $C$ and $A$ are equal.

Prop9d. Let $A$, $B$ and $C$ be sets. Then the intersection of $B \setminus A$ and $C$, the difference of $B \cap C$ and $A \cap C$ and the difference of $B \cap C$ and $A$ are equal.

Prop9d. Let $A$, $B$ and $C$ be sets. Then the intersection of the difference of $B$ and $A$ and $C$, the difference of $B \cap C$ and $A \cap C$ and $(B \cap C)\setminus A$ are equal.

Prop9d. Let $A$, $B$ and $C$ be sets. Then $(B \setminus A)\cap C$, the difference of the intersection of $B$ and $C$ and $A \cap C$ and the difference of $B \cap C$ and $A$ are equal.

Prop9d. Let $A$, $B$ and $C$ be sets. Then $(B \setminus A)\cap C$, the difference of $B \cap C$ and the intersection of $A$ and $C$ and the difference of $B \cap C$ and $A$ are equal.

Prop9d. Let $A$, $B$ and $C$ be sets. Then $(B \setminus A)\cap C$, the difference of $B \cap C$ and $A \cap C$ and the difference of the intersection of $B$ and $C$ and $A$ are equal.

Prop9d. Let $A$, $B$ and $C$ be sets. Then the intersection of the difference of $B$ and $A$ and $C$, $(B \cap C)\setminus (A \cap C)$ and the difference of $B \cap C$ and $A$ are equal.

Prop9d. Let $A$, $B$ and $C$ be sets. Then the intersection of $B \setminus A$ and $C$, the difference of the intersection of $B$ and $C$ and $A \cap C$ and $(B \cap C)\setminus A$ are equal.

Prop9d. Let $A$, $B$ and $C$ be sets. Then the intersection of $B \setminus A$ and $C$, the difference of $B \cap C$ and the intersection of $A$ and $C$ and $(B \cap C)\setminus A$ are equal.

Prop9d. Let $A$, $B$ and $C$ be sets. Then $(B \setminus A)\cap C$, the difference of the intersection of $B$ and $C$ and the intersection of $A$ and $C$ and $(B \cap C)\setminus A$ are equal.

Prop9d. Let $A$, $B$ and $C$ be sets. Then $(B \setminus A)\cap C$ is equal to $(B \cap C)\setminus (A \cap C)$ and $(B \cap C)\setminus (A \cap C)= (B \cap C)\setminus A$.

Prop9d. Let $A$, $B$ and $C$ be sets. Then $(B \setminus A)\cap C = (B \cap C)\setminus (A \cap C)$ and $(B \cap C)\setminus (A \cap C)$ is equal to $(B \cap C)\setminus A$.

Prop9d. Let $A$, $B$ and $C$ be sets. Then the intersection of $B \setminus A$ and $C$, $(B \cap C)\setminus (A \cap C)$ and the difference of the intersection of $B$ and $C$ and $A$ are equal.

Prop9d. Let $A$, $B$ and $C$ be sets. Then $(B \setminus A)\cap C$ and $(B \cap C)\setminus (A \cap C)$ are equal and $(B \cap C)\setminus (A \cap C)= (B \cap C)\setminus A$.

Prop9d. Let $A$, $B$ and $C$ be sets. Then $(B \setminus A)\cap C = (B \cap C)\setminus (A \cap C)$ and $(B \cap C)\setminus (A \cap C)$ and $(B \cap C)\setminus A$ are equal.

Prop9d. Let $A$, $B$ and $C$ be sets. Then the intersection of the difference of $B$ and $A$ and $C$, the difference of $B \cap C$ and $A \cap C$ and the difference of $B \cap C$ and $A$ are equal.

Prop9d. Let $A$, $B$ and $C$ be sets. Then $(B \setminus A)\cap C$ is equal to the difference of $B \cap C$ and $A \cap C$ and $(B \cap C)\setminus (A \cap C)= (B \cap C)\setminus A$.

Prop9d. Let $A$, $B$ and $C$ be sets. Then the intersection of $B \setminus A$ and $C$, the difference of the intersection of $B$ and $C$ and $A \cap C$ and the difference of $B \cap C$ and $A$ are equal.

Prop9d. Let $A$, $B$ and $C$ be sets. Then the intersection of $B \setminus A$ and $C$, the difference of $B \cap C$ and the intersection of $A$ and $C$ and the difference of $B \cap C$ and $A$ are equal.

Prop9d. Let $A$, $B$ and $C$ be sets. Then the intersection of $B \setminus A$ and $C$, the difference of $B \cap C$ and $A \cap C$ and the difference of the intersection of $B$ and $C$ and $A$ are equal.

Prop9d. Let $A$, $B$ and $C$ be sets. Then $(B \setminus A)\cap C = (B \cap C)\setminus (A \cap C)$ and the difference of $B \cap C$ and $A \cap C$ is equal to $(B \cap C)\setminus A$.

Prop9d. Let $A$, $B$ and $C$ be sets. Then $(B \setminus A)\cap C$ and the difference of $B \cap C$ and $A \cap C$ are equal and $(B \cap C)\setminus (A \cap C)= (B \cap C)\setminus A$.

Prop9d. Let $A$, $B$ and $C$ be sets. Then $(B \setminus A)\cap C$ is equal to $(B \cap C)\setminus (A \cap C)$ and $(B \cap C)\setminus (A \cap C)$ is equal to $(B \cap C)\setminus A$.

Prop9d. Let $A$, $B$ and $C$ be sets. Then $(B \setminus A)\cap C = (B \cap C)\setminus (A \cap C)$ and the difference of $B \cap C$ and $A \cap C$ and $(B \cap C)\setminus A$ are equal.

Prop9d. Let $A$, $B$ and $C$ be sets. Then the intersection of the difference of $B$ and $A$ and $C$, the difference of the intersection of $B$ and $C$ and $A \cap C$ and $(B \cap C)\setminus A$ are equal.

Prop9d. Let $A$, $B$ and $C$ be sets. Then the intersection of the difference of $B$ and $A$ and $C$, the difference of $B \cap C$ and the intersection of $A$ and $C$ and $(B \cap C)\setminus A$ are equal.

Prop9d. Let $A$, $B$ and $C$ be sets. Then $(B \setminus A)\cap C$, the difference of the intersection of $B$ and $C$ and the intersection of $A$ and $C$ and the difference of $B \cap C$ and $A$ are equal.

Prop9d. Let $A$, $B$ and $C$ be sets. Then $(B \setminus A)\cap C$, the difference of the intersection of $B$ and $C$ and $A \cap C$ and the difference of the intersection of $B$ and $C$ and $A$ are equal.

Prop9d. Let $A$, $B$ and $C$ be sets. Then $(B \setminus A)\cap C$, the difference of $B \cap C$ and the intersection of $A$ and $C$ and the difference of the intersection of $B$ and $C$ and $A$ are equal.

Prop9d. Let $A$, $B$ and $C$ be sets. Then $(B \setminus A)\cap C$ is equal to $(B \cap C)\setminus (A \cap C)$ and $(B \cap C)\setminus (A \cap C)$ and $(B \cap C)\setminus A$ are equal.

Prop9d. Let $A$, $B$ and $C$ be sets. Then $(B \setminus A)\cap C$ and $(B \cap C)\setminus (A \cap C)$ are equal and $(B \cap C)\setminus (A \cap C)$ is equal to $(B \cap C)\setminus A$.

Prop9d. Let $A$, $B$ and $C$ be sets. Then $(B \setminus A)\cap C = (B \cap C)\setminus (A \cap C)$ and $(B \cap C)\setminus (A \cap C)$ is equal to the difference of $B \cap C$ and $A$.

Prop9d. Let $A$, $B$ and $C$ be sets. Then $(B \setminus A)\cap C = (B \cap C)\setminus (A \cap C)$ and $(B \cap C)\setminus (A \cap C)$ and the difference of $B \cap C$ and $A$ are equal.

Prop9d. Let $A$, $B$ and $C$ be sets. Then the intersection of the difference of $B$ and $A$ and $C$, $(B \cap C)\setminus (A \cap C)$ and the difference of the intersection of $B$ and $C$ and $A$ are equal.

Prop9d. Let $A$, $B$ and $C$ be sets. Then the intersection of $B \setminus A$ and $C$, the difference of the intersection of $B$ and $C$ and the intersection of $A$ and $C$ and $(B \cap C)\setminus A$ are equal.

Prop9d. Let $A$, $B$ and $C$ be sets. Then the intersection of $B \setminus A$ and $C$ is equal to $(B \cap C)\setminus (A \cap C)$ and $(B \cap C)\setminus (A \cap C)= (B \cap C)\setminus A$.

Prop9d. Let $A$, $B$ and $C$ be sets. Then the intersection of $B \setminus A$ and $C$ and $(B \cap C)\setminus (A \cap C)$ are equal and $(B \cap C)\setminus (A \cap C)= (B \cap C)\setminus A$.

Prop9d. Let $A$, $B$ and $C$ be sets. Then $(B \setminus A)\cap C$ is equal to the difference of $B \cap C$ and $A \cap C$ and $(B \cap C)\setminus (A \cap C)$ is equal to $(B \cap C)\setminus A$.

Prop9d. Let $A$, $B$ and $C$ be sets. Then $(B \setminus A)\cap C$ is equal to $(B \cap C)\setminus (A \cap C)$ and the difference of $B \cap C$ and $A \cap C$ is equal to $(B \cap C)\setminus A$.

Prop9d. Let $A$, $B$ and $C$ be sets. Then $(B \setminus A)\cap C$ is equal to the difference of $B \cap C$ and $A \cap C$ and $(B \cap C)\setminus (A \cap C)$ and $(B \cap C)\setminus A$ are equal.

Prop9d. Let $A$, $B$ and $C$ be sets. Then $(B \setminus A)\cap C$ is equal to $(B \cap C)\setminus (A \cap C)$ and the difference of $B \cap C$ and $A \cap C$ and $(B \cap C)\setminus A$ are equal.

Prop9d. Let $A$, $B$ and $C$ be sets. Then $(B \setminus A)\cap C$ and the difference of $B \cap C$ and $A \cap C$ are equal and $(B \cap C)\setminus (A \cap C)$ is equal to $(B \cap C)\setminus A$.

Prop9d. Let $A$, $B$ and $C$ be sets. Then $(B \setminus A)\cap C$ and $(B \cap C)\setminus (A \cap C)$ are equal and the difference of $B \cap C$ and $A \cap C$ is equal to $(B \cap C)\setminus A$.

Prop9d. Let $A$, $B$ and $C$ be sets. Then $(B \setminus A)\cap C = (B \cap C)\setminus (A \cap C)$ and the difference of $B \cap C$ and $A \cap C$ is equal to the difference of $B \cap C$ and $A$.

Prop9d. Let $A$, $B$ and $C$ be sets. Then $(B \setminus A)\cap C$ is equal to $(B \cap C)\setminus (A \cap C)$ and $(B \cap C)\setminus (A \cap C)$ is equal to the difference of $B \cap C$ and $A$.

Prop9d. Let $A$, $B$ and $C$ be sets. Then $(B \setminus A)\cap C$ and the difference of $B \cap C$ and $A \cap C$ are equal and $(B \cap C)\setminus (A \cap C)$ and $(B \cap C)\setminus A$ are equal.

Prop9d. Let $A$, $B$ and $C$ be sets. Then $(B \setminus A)\cap C$ and $(B \cap C)\setminus (A \cap C)$ are equal and the difference of $B \cap C$ and $A \cap C$ and $(B \cap C)\setminus A$ are equal.

Prop9d. Let $A$, $B$ and $C$ be sets. Then $(B \setminus A)\cap C = (B \cap C)\setminus (A \cap C)$ and the difference of $B \cap C$ and $A \cap C$ and the difference of $B \cap C$ and $A$ are equal.

Prop9d. Let $A$, $B$ and $C$ be sets. Then the intersection of the difference of $B$ and $A$ and $C$, the difference of the intersection of $B$ and $C$ and $A \cap C$ and the difference of $B \cap C$ and $A$ are equal.

Prop9d. Let $A$, $B$ and $C$ be sets. Then the intersection of the difference of $B$ and $A$ and $C$, the difference of $B \cap C$ and the intersection of $A$ and $C$ and the difference of $B \cap C$ and $A$ are equal.

Prop9d. Let $A$, $B$ and $C$ be sets. Then the intersection of the difference of $B$ and $A$ and $C$, the difference of $B \cap C$ and $A \cap C$ and the difference of the intersection of $B$ and $C$ and $A$ are equal.

Prop9d. Let $A$, $B$ and $C$ be sets. Then $(B \setminus A)\cap C$ is equal to $(B \cap C)\setminus (A \cap C)$ and $(B \cap C)\setminus (A \cap C)$ and the difference of $B \cap C$ and $A$ are equal.

Prop9d. Let $A$, $B$ and $C$ be sets. Then $(B \setminus A)\cap C$ and $(B \cap C)\setminus (A \cap C)$ are equal and $(B \cap C)\setminus (A \cap C)$ is equal to the difference of $B \cap C$ and $A$.

Prop9d. Let $A$, $B$ and $C$ be sets. Then the intersection of $B \setminus A$ and $C$ is equal to the difference of $B \cap C$ and $A \cap C$ and $(B \cap C)\setminus (A \cap C)= (B \cap C)\setminus A$.

Prop9d. Let $A$, $B$ and $C$ be sets. Then the intersection of $B \setminus A$ and $C$ and the difference of $B \cap C$ and $A \cap C$ are equal and $(B \cap C)\setminus (A \cap C)= (B \cap C)\setminus A$.

Prop9d. Let $A$, $B$ and $C$ be sets. Then the intersection of $B \setminus A$ and $C$ is equal to $(B \cap C)\setminus (A \cap C)$ and $(B \cap C)\setminus (A \cap C)$ is equal to $(B \cap C)\setminus A$.

Prop9d. Let $A$, $B$ and $C$ be sets. Then $(B \setminus A)\cap C$ is equal to the difference of the intersection of $B$ and $C$ and $A \cap C$ and $(B \cap C)\setminus (A \cap C)= (B \cap C)\setminus A$.

Prop9d. Let $A$, $B$ and $C$ be sets. Then $(B \setminus A)\cap C$ is equal to the difference of $B \cap C$ and the intersection of $A$ and $C$ and $(B \cap C)\setminus (A \cap C)= (B \cap C)\setminus A$.

Prop9d. Let $A$, $B$ and $C$ be sets. Then the intersection of $B \setminus A$ and $C$, the difference of the intersection of $B$ and $C$ and the intersection of $A$ and $C$ and the difference of $B \cap C$ and $A$ are equal.

Prop9d. Let $A$, $B$ and $C$ be sets. Then the intersection of $B \setminus A$ and $C$, the difference of the intersection of $B$ and $C$ and $A \cap C$ and the difference of the intersection of $B$ and $C$ and $A$ are equal.

Prop9d. Let $A$, $B$ and $C$ be sets. Then the intersection of $B \setminus A$ and $C$, the difference of $B \cap C$ and the intersection of $A$ and $C$ and the difference of the intersection of $B$ and $C$ and $A$ are equal.

Prop9d. Let $A$, $B$ and $C$ be sets. Then $(B \setminus A)\cap C = (B \cap C)\setminus (A \cap C)$ and the difference of the intersection of $B$ and $C$ and $A \cap C$ is equal to $(B \cap C)\setminus A$.

Prop9d. Let $A$, $B$ and $C$ be sets. Then $(B \setminus A)\cap C = (B \cap C)\setminus (A \cap C)$ and the difference of $B \cap C$ and the intersection of $A$ and $C$ is equal to $(B \cap C)\setminus A$.

Prop9d. Let $A$, $B$ and $C$ be sets. Then the intersection of $B \setminus A$ and $C$ is equal to $(B \cap C)\setminus (A \cap C)$ and $(B \cap C)\setminus (A \cap C)$ and $(B \cap C)\setminus A$ are equal.

Prop9d. Let $A$, $B$ and $C$ be sets. Then $(B \setminus A)\cap C$ is equal to the difference of $B \cap C$ and $A \cap C$ and the difference of $B \cap C$ and $A \cap C$ is equal to $(B \cap C)\setminus A$.

Prop9d. Let $A$, $B$ and $C$ be sets. Then the intersection of $B \setminus A$ and $C$ and $(B \cap C)\setminus (A \cap C)$ are equal and $(B \cap C)\setminus (A \cap C)$ is equal to $(B \cap C)\setminus A$.

Prop9d. Let $A$, $B$ and $C$ be sets. Then $(B \setminus A)\cap C$ and the difference of the intersection of $B$ and $C$ and $A \cap C$ are equal and $(B \cap C)\setminus (A \cap C)= (B \cap C)\setminus A$.

Prop9d. Let $A$, $B$ and $C$ be sets. Then $(B \setminus A)\cap C$ and the difference of $B \cap C$ and the intersection of $A$ and $C$ are equal and $(B \cap C)\setminus (A \cap C)= (B \cap C)\setminus A$.

Prop9d. Let $A$, $B$ and $C$ be sets. Then $(B \setminus A)\cap C = (B \cap C)\setminus (A \cap C)$ and the difference of the intersection of $B$ and $C$ and $A \cap C$ and $(B \cap C)\setminus A$ are equal.

Prop9d. Let $A$, $B$ and $C$ be sets. Then $(B \setminus A)\cap C = (B \cap C)\setminus (A \cap C)$ and the difference of $B \cap C$ and the intersection of $A$ and $C$ and $(B \cap C)\setminus A$ are equal.

Prop9d. Let $A$, $B$ and $C$ be sets. Then the intersection of the difference of $B$ and $A$ and $C$, the difference of the intersection of $B$ and $C$ and the intersection of $A$ and $C$ and $(B \cap C)\setminus A$ are equal.

Prop9d. Let $A$, $B$ and $C$ be sets. Then $(B \setminus A)\cap C$, the difference of the intersection of $B$ and $C$ and the intersection of $A$ and $C$ and the difference of the intersection of $B$ and $C$ and $A$ are equal.

Prop9d. Let $A$, $B$ and $C$ be sets. Then the intersection of the difference of $B$ and $A$ and $C$ is equal to $(B \cap C)\setminus (A \cap C)$ and $(B \cap C)\setminus (A \cap C)= (B \cap C)\setminus A$.

Prop9d. Let $A$, $B$ and $C$ be sets. Then $(B \setminus A)\cap C$ is equal to the difference of $B \cap C$ and $A \cap C$ and the difference of $B \cap C$ and $A \cap C$ and $(B \cap C)\setminus A$ are equal.

Prop9d. Let $A$, $B$ and $C$ be sets. Then $(B \setminus A)\cap C$ and the difference of $B \cap C$ and $A \cap C$ are equal and the difference of $B \cap C$ and $A \cap C$ is equal to $(B \cap C)\setminus A$.

Prop9d. Let $A$, $B$ and $C$ be sets. Then $(B \setminus A)\cap C = (B \cap C)\setminus (A \cap C)$ and $(B \cap C)\setminus (A \cap C)$ is equal to the difference of the intersection of $B$ and $C$ and $A$.

Prop9d. Let $A$, $B$ and $C$ be sets. Then $(B \setminus A)\cap C$ is equal to the difference of $B \cap C$ and $A \cap C$ and $(B \cap C)\setminus (A \cap C)$ is equal to the difference of $B \cap C$ and $A$.

Prop9d. Let $A$, $B$ and $C$ be sets. Then $(B \setminus A)\cap C$ is equal to $(B \cap C)\setminus (A \cap C)$ and the difference of $B \cap C$ and $A \cap C$ is equal to the difference of $B \cap C$ and $A$.

Prop9d. Let $A$, $B$ and $C$ be sets. Then the intersection of the difference of $B$ and $A$ and $C$ and $(B \cap C)\setminus (A \cap C)$ are equal and $(B \cap C)\setminus (A \cap C)= (B \cap C)\setminus A$.

Prop9d. Let $A$, $B$ and $C$ be sets. Then $(B \setminus A)\cap C = (B \cap C)\setminus (A \cap C)$ and $(B \cap C)\setminus (A \cap C)$ and the difference of the intersection of $B$ and $C$ and $A$ are equal.

Prop9d. Let $A$, $B$ and $C$ be sets. Then $(B \setminus A)\cap C$ is equal to the difference of $B \cap C$ and $A \cap C$ and $(B \cap C)\setminus (A \cap C)$ and the difference of $B \cap C$ and $A$ are equal.

Prop9d. Let $A$, $B$ and $C$ be sets. Then $(B \setminus A)\cap C$ is equal to $(B \cap C)\setminus (A \cap C)$ and the difference of $B \cap C$ and $A \cap C$ and the difference of $B \cap C$ and $A$ are equal.

Prop9d. Let $A$, $B$ and $C$ be sets. Then $(B \setminus A)\cap C$ and the difference of $B \cap C$ and $A \cap C$ are equal and $(B \cap C)\setminus (A \cap C)$ is equal to the difference of $B \cap C$ and $A$.

Prop9d. Let $A$, $B$ and $C$ be sets. Then $(B \setminus A)\cap C$ and $(B \cap C)\setminus (A \cap C)$ are equal and the difference of $B \cap C$ and $A \cap C$ is equal to the difference of $B \cap C$ and $A$.

Prop9d. Let $A$, $B$ and $C$ be sets. Then $(B \setminus A)\cap C$ and the difference of $B \cap C$ and $A \cap C$ are equal and $(B \cap C)\setminus (A \cap C)$ and the difference of $B \cap C$ and $A$ are equal.

Prop9d. Let $A$, $B$ and $C$ be sets. Then $(B \setminus A)\cap C$ and $(B \cap C)\setminus (A \cap C)$ are equal and the difference of $B \cap C$ and $A \cap C$ and the difference of $B \cap C$ and $A$ are equal.

Prop9d. Let $A$, $B$ and $C$ be sets. Then the intersection of $B \setminus A$ and $C$ is equal to the difference of $B \cap C$ and $A \cap C$ and $(B \cap C)\setminus (A \cap C)$ is equal to $(B \cap C)\setminus A$.

Prop9d. Let $A$, $B$ and $C$ be sets. Then the intersection of $B \setminus A$ and $C$ is equal to $(B \cap C)\setminus (A \cap C)$ and the difference of $B \cap C$ and $A \cap C$ is equal to $(B \cap C)\setminus A$.

Prop9d. Let $A$, $B$ and $C$ be sets. Then the intersection of $B \setminus A$ and $C$ is equal to the difference of $B \cap C$ and $A \cap C$ and $(B \cap C)\setminus (A \cap C)$ and $(B \cap C)\setminus A$ are equal.

Prop9d. Let $A$, $B$ and $C$ be sets. Then the intersection of $B \setminus A$ and $C$ is equal to $(B \cap C)\setminus (A \cap C)$ and the difference of $B \cap C$ and $A \cap C$ and $(B \cap C)\setminus A$ are equal.

Prop9d. Let $A$, $B$ and $C$ be sets. Then the intersection of $B \setminus A$ and $C$ and the difference of $B \cap C$ and $A \cap C$ are equal and $(B \cap C)\setminus (A \cap C)$ is equal to $(B \cap C)\setminus A$.

Prop9d. Let $A$, $B$ and $C$ be sets. Then the intersection of $B \setminus A$ and $C$ and $(B \cap C)\setminus (A \cap C)$ are equal and the difference of $B \cap C$ and $A \cap C$ is equal to $(B \cap C)\setminus A$.

Prop9d. Let $A$, $B$ and $C$ be sets. Then $(B \setminus A)\cap C$ is equal to the difference of the intersection of $B$ and $C$ and $A \cap C$ and $(B \cap C)\setminus (A \cap C)$ is equal to $(B \cap C)\setminus A$.

Prop9d. Let $A$, $B$ and $C$ be sets. Then $(B \setminus A)\cap C$ is equal to the difference of $B \cap C$ and the intersection of $A$ and $C$ and $(B \cap C)\setminus (A \cap C)$ is equal to $(B \cap C)\setminus A$.

Prop9d. Let $A$, $B$ and $C$ be sets. Then $(B \setminus A)\cap C$ is equal to $(B \cap C)\setminus (A \cap C)$ and the difference of the intersection of $B$ and $C$ and $A \cap C$ is equal to $(B \cap C)\setminus A$.

Prop9d. Let $A$, $B$ and $C$ be sets. Then $(B \setminus A)\cap C$ is equal to $(B \cap C)\setminus (A \cap C)$ and the difference of $B \cap C$ and the intersection of $A$ and $C$ is equal to $(B \cap C)\setminus A$.

Prop9d. Let $A$, $B$ and $C$ be sets. Then the intersection of the difference of $B$ and $A$ and $C$ is equal to the difference of $B \cap C$ and $A \cap C$ and $(B \cap C)\setminus (A \cap C)= (B \cap C)\setminus A$.

Prop9d. Let $A$, $B$ and $C$ be sets. Then the intersection of $B \setminus A$ and $C$ is equal to $(B \cap C)\setminus (A \cap C)$ and $(B \cap C)\setminus (A \cap C)$ is equal to the difference of $B \cap C$ and $A$.

Prop9d. Let $A$, $B$ and $C$ be sets. Then the intersection of $B \setminus A$ and $C$ and the difference of $B \cap C$ and $A \cap C$ are equal and $(B \cap C)\setminus (A \cap C)$ and $(B \cap C)\setminus A$ are equal.

Prop9d. Let $A$, $B$ and $C$ be sets. Then the intersection of $B \setminus A$ and $C$ and $(B \cap C)\setminus (A \cap C)$ are equal and the difference of $B \cap C$ and $A \cap C$ and $(B \cap C)\setminus A$ are equal.

Prop9d. Let $A$, $B$ and $C$ be sets. Then $(B \setminus A)\cap C$ is equal to the difference of the intersection of $B$ and $C$ and $A \cap C$ and $(B \cap C)\setminus (A \cap C)$ and $(B \cap C)\setminus A$ are equal.

Prop9d. Let $A$, $B$ and $C$ be sets. Then $(B \setminus A)\cap C$ is equal to the difference of $B \cap C$ and the intersection of $A$ and $C$ and $(B \cap C)\setminus (A \cap C)$ and $(B \cap C)\setminus A$ are equal.

Prop9d. Let $A$, $B$ and $C$ be sets. Then $(B \setminus A)\cap C$ is equal to $(B \cap C)\setminus (A \cap C)$ and the difference of the intersection of $B$ and $C$ and $A \cap C$ and $(B \cap C)\setminus A$ are equal.

Prop9d. Let $A$, $B$ and $C$ be sets. Then $(B \setminus A)\cap C$ is equal to $(B \cap C)\setminus (A \cap C)$ and the difference of $B \cap C$ and the intersection of $A$ and $C$ and $(B \cap C)\setminus A$ are equal.

Prop9d. Let $A$, $B$ and $C$ be sets. Then $(B \setminus A)\cap C$ and the difference of the intersection of $B$ and $C$ and $A \cap C$ are equal and $(B \cap C)\setminus (A \cap C)$ is equal to $(B \cap C)\setminus A$.

Prop9d. Let $A$, $B$ and $C$ be sets. Then $(B \setminus A)\cap C$ and the difference of $B \cap C$ and the intersection of $A$ and $C$ are equal and $(B \cap C)\setminus (A \cap C)$ is equal to $(B \cap C)\setminus A$.

Prop9d. Let $A$, $B$ and $C$ be sets. Then $(B \setminus A)\cap C$ and $(B \cap C)\setminus (A \cap C)$ are equal and the difference of the intersection of $B$ and $C$ and $A \cap C$ is equal to $(B \cap C)\setminus A$.

Prop9d. Let $A$, $B$ and $C$ be sets. Then $(B \setminus A)\cap C$ and $(B \cap C)\setminus (A \cap C)$ are equal and the difference of $B \cap C$ and the intersection of $A$ and $C$ is equal to $(B \cap C)\setminus A$.

Prop9d. Let $A$, $B$ and $C$ be sets. Then $(B \setminus A)\cap C = (B \cap C)\setminus (A \cap C)$ and the difference of the intersection of $B$ and $C$ and $A \cap C$ is equal to the difference of $B \cap C$ and $A$.

Prop9d. Let $A$, $B$ and $C$ be sets. Then $(B \setminus A)\cap C = (B \cap C)\setminus (A \cap C)$ and the difference of $B \cap C$ and the intersection of $A$ and $C$ is equal to the difference of $B \cap C$ and $A$.

Prop9d. Let $A$, $B$ and $C$ be sets. Then $(B \setminus A)\cap C = (B \cap C)\setminus (A \cap C)$ and the difference of $B \cap C$ and $A \cap C$ is equal to the difference of the intersection of $B$ and $C$ and $A$.

Prop9d. Let $A$, $B$ and $C$ be sets. Then the intersection of $B \setminus A$ and $C$ is equal to $(B \cap C)\setminus (A \cap C)$ and $(B \cap C)\setminus (A \cap C)$ and the difference of $B \cap C$ and $A$ are equal.

Prop9d. Let $A$, $B$ and $C$ be sets. Then $(B \setminus A)\cap C$ is equal to the difference of $B \cap C$ and $A \cap C$ and the difference of $B \cap C$ and $A \cap C$ is equal to the difference of $B \cap C$ and $A$.

Prop9d. Let $A$, $B$ and $C$ be sets. Then the intersection of the difference of $B$ and $A$ and $C$ and the difference of $B \cap C$ and $A \cap C$ are equal and $(B \cap C)\setminus (A \cap C)= (B \cap C)\setminus A$.

Prop9d. Let $A$, $B$ and $C$ be sets. Then the intersection of $B \setminus A$ and $C$ and $(B \cap C)\setminus (A \cap C)$ are equal and $(B \cap C)\setminus (A \cap C)$ is equal to the difference of $B \cap C$ and $A$.

Prop9d. Let $A$, $B$ and $C$ be sets. Then the intersection of the difference of $B$ and $A$ and $C$ is equal to $(B \cap C)\setminus (A \cap C)$ and $(B \cap C)\setminus (A \cap C)$ is equal to $(B \cap C)\setminus A$.

Prop9d. Let $A$, $B$ and $C$ be sets. Then $(B \setminus A)\cap C$ is equal to $(B \cap C)\setminus (A \cap C)$ and $(B \cap C)\setminus (A \cap C)$ is equal to the difference of the intersection of $B$ and $C$ and $A$.

Prop9d. Let $A$, $B$ and $C$ be sets. Then $(B \setminus A)\cap C$ and the difference of the intersection of $B$ and $C$ and $A \cap C$ are equal and $(B \cap C)\setminus (A \cap C)$ and $(B \cap C)\setminus A$ are equal.

Prop9d. Let $A$, $B$ and $C$ be sets. Then $(B \setminus A)\cap C$ and the difference of $B \cap C$ and the intersection of $A$ and $C$ are equal and $(B \cap C)\setminus (A \cap C)$ and $(B \cap C)\setminus A$ are equal.

Prop9d. Let $A$, $B$ and $C$ be sets. Then $(B \setminus A)\cap C$ and $(B \cap C)\setminus (A \cap C)$ are equal and the difference of the intersection of $B$ and $C$ and $A \cap C$ and $(B \cap C)\setminus A$ are equal.

Prop9d. Let $A$, $B$ and $C$ be sets. Then $(B \setminus A)\cap C$ and $(B \cap C)\setminus (A \cap C)$ are equal and the difference of $B \cap C$ and the intersection of $A$ and $C$ and $(B \cap C)\setminus A$ are equal.

Prop9d. Let $A$, $B$ and $C$ be sets. Then $(B \setminus A)\cap C = (B \cap C)\setminus (A \cap C)$ and the difference of the intersection of $B$ and $C$ and $A \cap C$ and the difference of $B \cap C$ and $A$ are equal.

Prop9d. Let $A$, $B$ and $C$ be sets. Then $(B \setminus A)\cap C = (B \cap C)\setminus (A \cap C)$ and the difference of $B \cap C$ and the intersection of $A$ and $C$ and the difference of $B \cap C$ and $A$ are equal.

Prop9d. Let $A$, $B$ and $C$ be sets. Then $(B \setminus A)\cap C = (B \cap C)\setminus (A \cap C)$ and the difference of $B \cap C$ and $A \cap C$ and the difference of the intersection of $B$ and $C$ and $A$ are equal.

Prop9d. Let $A$, $B$ and $C$ be sets. Then the intersection of the difference of $B$ and $A$ and $C$, the difference of the intersection of $B$ and $C$ and the intersection of $A$ and $C$ and the difference of $B \cap C$ and $A$ are equal.

Prop9d. Let $A$, $B$ and $C$ be sets. Then the intersection of the difference of $B$ and $A$ and $C$, the difference of the intersection of $B$ and $C$ and $A \cap C$ and the difference of the intersection of $B$ and $C$ and $A$ are equal.

Prop9d. Let $A$, $B$ and $C$ be sets. Then the intersection of the difference of $B$ and $A$ and $C$, the difference of $B \cap C$ and the intersection of $A$ and $C$ and the difference of the intersection of $B$ and $C$ and $A$ are equal.

Prop9d. Let $A$, $B$ and $C$ be sets. Then $(B \setminus A)\cap C$ is equal to the difference of $B \cap C$ and $A \cap C$ and the difference of $B \cap C$ and $A \cap C$ and the difference of $B \cap C$ and $A$ are equal.

Prop9d. Let $A$, $B$ and $C$ be sets. Then $(B \setminus A)\cap C$ and the difference of $B \cap C$ and $A \cap C$ are equal and the difference of $B \cap C$ and $A \cap C$ is equal to the difference of $B \cap C$ and $A$.

Prop9d. Let $A$, $B$ and $C$ be sets. Then the intersection of the difference of $B$ and $A$ and $C$ is equal to $(B \cap C)\setminus (A \cap C)$ and $(B \cap C)\setminus (A \cap C)$ and $(B \cap C)\setminus A$ are equal.

Prop9d. Let $A$, $B$ and $C$ be sets. Then $(B \setminus A)\cap C$ is equal to $(B \cap C)\setminus (A \cap C)$ and $(B \cap C)\setminus (A \cap C)$ and the difference of the intersection of $B$ and $C$ and $A$ are equal.

Prop9d. Let $A$, $B$ and $C$ be sets. Then the intersection of the difference of $B$ and $A$ and $C$ and $(B \cap C)\setminus (A \cap C)$ are equal and $(B \cap C)\setminus (A \cap C)$ is equal to $(B \cap C)\setminus A$.

Prop9d. Let $A$, $B$ and $C$ be sets. Then $(B \setminus A)\cap C$ and $(B \cap C)\setminus (A \cap C)$ are equal and $(B \cap C)\setminus (A \cap C)$ is equal to the difference of the intersection of $B$ and $C$ and $A$.

Prop9d. Let $A$, $B$ and $C$ be sets. Then the intersection of $B \setminus A$ and $C$ is equal to the difference of the intersection of $B$ and $C$ and $A \cap C$ and $(B \cap C)\setminus (A \cap C)= (B \cap C)\setminus A$.

Prop9d. Let $A$, $B$ and $C$ be sets. Then the intersection of $B \setminus A$ and $C$ is equal to the difference of $B \cap C$ and the intersection of $A$ and $C$ and $(B \cap C)\setminus (A \cap C)= (B \cap C)\setminus A$.

Prop9d. Let $A$, $B$ and $C$ be sets. Then the intersection of $B \setminus A$ and $C$ is equal to the difference of $B \cap C$ and $A \cap C$ and the difference of $B \cap C$ and $A \cap C$ is equal to $(B \cap C)\setminus A$.

Prop9d. Let $A$, $B$ and $C$ be sets. Then the intersection of $B \setminus A$ and $C$ and the difference of the intersection of $B$ and $C$ and $A \cap C$ are equal and $(B \cap C)\setminus (A \cap C)= (B \cap C)\setminus A$.

Prop9d. Let $A$, $B$ and $C$ be sets. Then the intersection of $B \setminus A$ and $C$ and the difference of $B \cap C$ and the intersection of $A$ and $C$ are equal and $(B \cap C)\setminus (A \cap C)= (B \cap C)\setminus A$.

Prop9d. Let $A$, $B$ and $C$ be sets. Then $(B \setminus A)\cap C$ is equal to the difference of the intersection of $B$ and $C$ and the intersection of $A$ and $C$ and $(B \cap C)\setminus (A \cap C)= (B \cap C)\setminus A$.

Prop9d. Let $A$, $B$ and $C$ be sets. Then the intersection of $B \setminus A$ and $C$, the difference of the intersection of $B$ and $C$ and the intersection of $A$ and $C$ and the difference of the intersection of $B$ and $C$ and $A$ are equal.

Prop9d. Let $A$, $B$ and $C$ be sets. Then the intersection of $B \setminus A$ and $C$ is equal to the difference of $B \cap C$ and $A \cap C$ and the difference of $B \cap C$ and $A \cap C$ and $(B \cap C)\setminus A$ are equal.

Prop9d. Let $A$, $B$ and $C$ be sets. Then the intersection of $B \setminus A$ and $C$ and the difference of $B \cap C$ and $A \cap C$ are equal and the difference of $B \cap C$ and $A \cap C$ is equal to $(B \cap C)\setminus A$.

Prop9d. Let $A$, $B$ and $C$ be sets. Then $(B \setminus A)\cap C = (B \cap C)\setminus (A \cap C)$ and the difference of the intersection of $B$ and $C$ and the intersection of $A$ and $C$ is equal to $(B \cap C)\setminus A$.

Prop9d. Let $A$, $B$ and $C$ be sets. Then $(B \setminus A)\cap C$ is equal to the difference of the intersection of $B$ and $C$ and $A \cap C$ and the difference of $B \cap C$ and $A \cap C$ is equal to $(B \cap C)\setminus A$.

Prop9d. Let $A$, $B$ and $C$ be sets. Then $(B \setminus A)\cap C$ is equal to the difference of $B \cap C$ and the intersection of $A$ and $C$ and the difference of $B \cap C$ and $A \cap C$ is equal to $(B \cap C)\setminus A$.

Prop9d. Let $A$, $B$ and $C$ be sets. Then $(B \setminus A)\cap C$ is equal to the difference of $B \cap C$ and $A \cap C$ and the difference of the intersection of $B$ and $C$ and $A \cap C$ is equal to $(B \cap C)\setminus A$.

Prop9d. Let $A$, $B$ and $C$ be sets. Then $(B \setminus A)\cap C$ is equal to the difference of $B \cap C$ and $A \cap C$ and the difference of $B \cap C$ and the intersection of $A$ and $C$ is equal to $(B \cap C)\setminus A$.

Prop9d. Let $A$, $B$ and $C$ be sets. Then $(B \setminus A)\cap C$ and the difference of the intersection of $B$ and $C$ and the intersection of $A$ and $C$ are equal and $(B \cap C)\setminus (A \cap C)= (B \cap C)\setminus A$.

Prop9d. Let $A$, $B$ and $C$ be sets. Then the intersection of $B \setminus A$ and $C$ is equal to the difference of $B \cap C$ and $A \cap C$ and $(B \cap C)\setminus (A \cap C)$ is equal to the difference of $B \cap C$ and $A$.

Prop9d. Let $A$, $B$ and $C$ be sets. Then the intersection of $B \setminus A$ and $C$ is equal to $(B \cap C)\setminus (A \cap C)$ and the difference of $B \cap C$ and $A \cap C$ is equal to the difference of $B \cap C$ and $A$.

Prop9d. Let $A$, $B$ and $C$ be sets. Then $(B \setminus A)\cap C = (B \cap C)\setminus (A \cap C)$ and the difference of the intersection of $B$ and $C$ and the intersection of $A$ and $C$ and $(B \cap C)\setminus A$ are equal.

Prop9d. Let $A$, $B$ and $C$ be sets. Then $(B \setminus A)\cap C$ is equal to the difference of the intersection of $B$ and $C$ and $A \cap C$ and the difference of $B \cap C$ and $A \cap C$ and $(B \cap C)\setminus A$ are equal.

Prop9d. Let $A$, $B$ and $C$ be sets. Then $(B \setminus A)\cap C$ is equal to the difference of $B \cap C$ and the intersection of $A$ and $C$ and the difference of $B \cap C$ and $A \cap C$ and $(B \cap C)\setminus A$ are equal.

Prop9d. Let $A$, $B$ and $C$ be sets. Then $(B \setminus A)\cap C$ is equal to the difference of $B \cap C$ and $A \cap C$ and the difference of the intersection of $B$ and $C$ and $A \cap C$ and $(B \cap C)\setminus A$ are equal.

Prop9d. Let $A$, $B$ and $C$ be sets. Then $(B \setminus A)\cap C$ is equal to the difference of $B \cap C$ and $A \cap C$ and the difference of $B \cap C$ and the intersection of $A$ and $C$ and $(B \cap C)\setminus A$ are equal.

Prop9d. Let $A$, $B$ and $C$ be sets. Then $(B \setminus A)\cap C$ and the difference of the intersection of $B$ and $C$ and $A \cap C$ are equal and the difference of $B \cap C$ and $A \cap C$ is equal to $(B \cap C)\setminus A$.

Prop9d. Let $A$, $B$ and $C$ be sets. Then $(B \setminus A)\cap C$ and the difference of $B \cap C$ and the intersection of $A$ and $C$ are equal and the difference of $B \cap C$ and $A \cap C$ is equal to $(B \cap C)\setminus A$.

Prop9d. Let $A$, $B$ and $C$ be sets. Then $(B \setminus A)\cap C$ and the difference of $B \cap C$ and $A \cap C$ are equal and the difference of the intersection of $B$ and $C$ and $A \cap C$ is equal to $(B \cap C)\setminus A$.

Prop9d. Let $A$, $B$ and $C$ be sets. Then $(B \setminus A)\cap C$ and the difference of $B \cap C$ and $A \cap C$ are equal and the difference of $B \cap C$ and the intersection of $A$ and $C$ is equal to $(B \cap C)\setminus A$.

Prop9d. Let $A$, $B$ and $C$ be sets. Then the intersection of $B \setminus A$ and $C$ is equal to the difference of $B \cap C$ and $A \cap C$ and $(B \cap C)\setminus (A \cap C)$ and the difference of $B \cap C$ and $A$ are equal.

Prop9d. Let $A$, $B$ and $C$ be sets. Then the intersection of $B \setminus A$ and $C$ is equal to $(B \cap C)\setminus (A \cap C)$ and the difference of $B \cap C$ and $A \cap C$ and the difference of $B \cap C$ and $A$ are equal.

Prop9d. Let $A$, $B$ and $C$ be sets. Then the intersection of $B \setminus A$ and $C$ and the difference of $B \cap C$ and $A \cap C$ are equal and $(B \cap C)\setminus (A \cap C)$ is equal to the difference of $B \cap C$ and $A$.

Prop9d. Let $A$, $B$ and $C$ be sets. Then the intersection of $B \setminus A$ and $C$ and $(B \cap C)\setminus (A \cap C)$ are equal and the difference of $B \cap C$ and $A \cap C$ is equal to the difference of $B \cap C$ and $A$.

Prop9d. Let $A$, $B$ and $C$ be sets. Then the intersection of the difference of $B$ and $A$ and $C$ is equal to the difference of $B \cap C$ and $A \cap C$ and $(B \cap C)\setminus (A \cap C)$ is equal to $(B \cap C)\setminus A$.

Prop9d. Let $A$, $B$ and $C$ be sets. Then the intersection of the difference of $B$ and $A$ and $C$ is equal to $(B \cap C)\setminus (A \cap C)$ and the difference of $B \cap C$ and $A \cap C$ is equal to $(B \cap C)\setminus A$.

Prop9d. Let $A$, $B$ and $C$ be sets. Then $(B \setminus A)\cap C$ is equal to the difference of the intersection of $B$ and $C$ and $A \cap C$ and $(B \cap C)\setminus (A \cap C)$ is equal to the difference of $B \cap C$ and $A$.

Prop9d. Let $A$, $B$ and $C$ be sets. Then $(B \setminus A)\cap C$ is equal to the difference of $B \cap C$ and the intersection of $A$ and $C$ and $(B \cap C)\setminus (A \cap C)$ is equal to the difference of $B \cap C$ and $A$.

Prop9d. Let $A$, $B$ and $C$ be sets. Then $(B \setminus A)\cap C$ is equal to the difference of $B \cap C$ and $A \cap C$ and $(B \cap C)\setminus (A \cap C)$ is equal to the difference of the intersection of $B$ and $C$ and $A$.

Prop9d. Let $A$, $B$ and $C$ be sets. Then $(B \setminus A)\cap C$ is equal to $(B \cap C)\setminus (A \cap C)$ and the difference of the intersection of $B$ and $C$ and $A \cap C$ is equal to the difference of $B \cap C$ and $A$.

Prop9d. Let $A$, $B$ and $C$ be sets. Then $(B \setminus A)\cap C$ is equal to $(B \cap C)\setminus (A \cap C)$ and the difference of $B \cap C$ and the intersection of $A$ and $C$ is equal to the difference of $B \cap C$ and $A$.

Prop9d. Let $A$, $B$ and $C$ be sets. Then $(B \setminus A)\cap C$ is equal to $(B \cap C)\setminus (A \cap C)$ and the difference of $B \cap C$ and $A \cap C$ is equal to the difference of the intersection of $B$ and $C$ and $A$.

Prop9d. Let $A$, $B$ and $C$ be sets. Then $(B \setminus A)\cap C$ and the difference of the intersection of $B$ and $C$ and $A \cap C$ are equal and the difference of $B \cap C$ and $A \cap C$ and $(B \cap C)\setminus A$ are equal.

Prop9d. Let $A$, $B$ and $C$ be sets. Then $(B \setminus A)\cap C$ and the difference of $B \cap C$ and the intersection of $A$ and $C$ are equal and the difference of $B \cap C$ and $A \cap C$ and $(B \cap C)\setminus A$ are equal.

Prop9d. Let $A$, $B$ and $C$ be sets. Then $(B \setminus A)\cap C$ and the difference of $B \cap C$ and $A \cap C$ are equal and the difference of the intersection of $B$ and $C$ and $A \cap C$ and $(B \cap C)\setminus A$ are equal.

Prop9d. Let $A$, $B$ and $C$ be sets. Then $(B \setminus A)\cap C$ and the difference of $B \cap C$ and $A \cap C$ are equal and the difference of $B \cap C$ and the intersection of $A$ and $C$ and $(B \cap C)\setminus A$ are equal.

Prop9d. Let $A$, $B$ and $C$ be sets. Then the intersection of $B \setminus A$ and $C$ and the difference of $B \cap C$ and $A \cap C$ are equal and $(B \cap C)\setminus (A \cap C)$ and the difference of $B \cap C$ and $A$ are equal.

Prop9d. Let $A$, $B$ and $C$ be sets. Then the intersection of $B \setminus A$ and $C$ and $(B \cap C)\setminus (A \cap C)$ are equal and the difference of $B \cap C$ and $A \cap C$ and the difference of $B \cap C$ and $A$ are equal.

Prop9d. Let $A$, $B$ and $C$ be sets. Then the intersection of the difference of $B$ and $A$ and $C$ is equal to the difference of $B \cap C$ and $A \cap C$ and $(B \cap C)\setminus (A \cap C)$ and $(B \cap C)\setminus A$ are equal.

Prop9d. Let $A$, $B$ and $C$ be sets. Then the intersection of the difference of $B$ and $A$ and $C$ is equal to $(B \cap C)\setminus (A \cap C)$ and the difference of $B \cap C$ and $A \cap C$ and $(B \cap C)\setminus A$ are equal.

Prop9d. Let $A$, $B$ and $C$ be sets. Then $(B \setminus A)\cap C$ is equal to the difference of the intersection of $B$ and $C$ and $A \cap C$ and $(B \cap C)\setminus (A \cap C)$ and the difference of $B \cap C$ and $A$ are equal.

Prop9d. Let $A$, $B$ and $C$ be sets. Then $(B \setminus A)\cap C$ is equal to the difference of $B \cap C$ and the intersection of $A$ and $C$ and $(B \cap C)\setminus (A \cap C)$ and the difference of $B \cap C$ and $A$ are equal.

Prop9d. Let $A$, $B$ and $C$ be sets. Then $(B \setminus A)\cap C$ is equal to the difference of $B \cap C$ and $A \cap C$ and $(B \cap C)\setminus (A \cap C)$ and the difference of the intersection of $B$ and $C$ and $A$ are equal.

Prop9d. Let $A$, $B$ and $C$ be sets. Then $(B \setminus A)\cap C$ is equal to $(B \cap C)\setminus (A \cap C)$ and the difference of the intersection of $B$ and $C$ and $A \cap C$ and the difference of $B \cap C$ and $A$ are equal.

Prop9d. Let $A$, $B$ and $C$ be sets. Then $(B \setminus A)\cap C$ is equal to $(B \cap C)\setminus (A \cap C)$ and the difference of $B \cap C$ and the intersection of $A$ and $C$ and the difference of $B \cap C$ and $A$ are equal.

Prop9d. Let $A$, $B$ and $C$ be sets. Then $(B \setminus A)\cap C$ is equal to $(B \cap C)\setminus (A \cap C)$ and the difference of $B \cap C$ and $A \cap C$ and the difference of the intersection of $B$ and $C$ and $A$ are equal.

Prop9d. Let $A$, $B$ and $C$ be sets. Then the intersection of the difference of $B$ and $A$ and $C$ and the difference of $B \cap C$ and $A \cap C$ are equal and $(B \cap C)\setminus (A \cap C)$ is equal to $(B \cap C)\setminus A$.

Prop9d. Let $A$, $B$ and $C$ be sets. Then the intersection of the difference of $B$ and $A$ and $C$ and $(B \cap C)\setminus (A \cap C)$ are equal and the difference of $B \cap C$ and $A \cap C$ is equal to $(B \cap C)\setminus A$.

Prop9d. Let $A$, $B$ and $C$ be sets. Then $(B \setminus A)\cap C$ and the difference of the intersection of $B$ and $C$ and $A \cap C$ are equal and $(B \cap C)\setminus (A \cap C)$ is equal to the difference of $B \cap C$ and $A$.

Prop9d. Let $A$, $B$ and $C$ be sets. Then $(B \setminus A)\cap C$ and the difference of $B \cap C$ and the intersection of $A$ and $C$ are equal and $(B \cap C)\setminus (A \cap C)$ is equal to the difference of $B \cap C$ and $A$.

Prop9d. Let $A$, $B$ and $C$ be sets. Then $(B \setminus A)\cap C$ and the difference of $B \cap C$ and $A \cap C$ are equal and $(B \cap C)\setminus (A \cap C)$ is equal to the difference of the intersection of $B$ and $C$ and $A$.

Prop9d. Let $A$, $B$ and $C$ be sets. Then $(B \setminus A)\cap C$ and $(B \cap C)\setminus (A \cap C)$ are equal and the difference of the intersection of $B$ and $C$ and $A \cap C$ is equal to the difference of $B \cap C$ and $A$.

Prop9d. Let $A$, $B$ and $C$ be sets. Then $(B \setminus A)\cap C$ and $(B \cap C)\setminus (A \cap C)$ are equal and the difference of $B \cap C$ and the intersection of $A$ and $C$ is equal to the difference of $B \cap C$ and $A$.

Prop9d. Let $A$, $B$ and $C$ be sets. Then $(B \setminus A)\cap C$ and $(B \cap C)\setminus (A \cap C)$ are equal and the difference of $B \cap C$ and $A \cap C$ is equal to the difference of the intersection of $B$ and $C$ and $A$.

Prop9d. Let $A$, $B$ and $C$ be sets. Then the intersection of the difference of $B$ and $A$ and $C$ is equal to $(B \cap C)\setminus (A \cap C)$ and $(B \cap C)\setminus (A \cap C)$ is equal to the difference of $B \cap C$ and $A$.

Prop9d. Let $A$, $B$ and $C$ be sets. Then the intersection of the difference of $B$ and $A$ and $C$ and the difference of $B \cap C$ and $A \cap C$ are equal and $(B \cap C)\setminus (A \cap C)$ and $(B \cap C)\setminus A$ are equal.

Prop9d. Let $A$, $B$ and $C$ be sets. Then the intersection of the difference of $B$ and $A$ and $C$ and $(B \cap C)\setminus (A \cap C)$ are equal and the difference of $B \cap C$ and $A \cap C$ and $(B \cap C)\setminus A$ are equal.

Prop9d. Let $A$, $B$ and $C$ be sets. Then $(B \setminus A)\cap C$ and the difference of the intersection of $B$ and $C$ and $A \cap C$ are equal and $(B \cap C)\setminus (A \cap C)$ and the difference of $B \cap C$ and $A$ are equal.

Prop9d. Let $A$, $B$ and $C$ be sets. Then $(B \setminus A)\cap C$ and the difference of $B \cap C$ and the intersection of $A$ and $C$ are equal and $(B \cap C)\setminus (A \cap C)$ and the difference of $B \cap C$ and $A$ are equal.

Prop9d. Let $A$, $B$ and $C$ be sets. Then $(B \setminus A)\cap C$ and the difference of $B \cap C$ and $A \cap C$ are equal and $(B \cap C)\setminus (A \cap C)$ and the difference of the intersection of $B$ and $C$ and $A$ are equal.

Prop9d. Let $A$, $B$ and $C$ be sets. Then $(B \setminus A)\cap C$ and $(B \cap C)\setminus (A \cap C)$ are equal and the difference of the intersection of $B$ and $C$ and $A \cap C$ and the difference of $B \cap C$ and $A$ are equal.

Prop9d. Let $A$, $B$ and $C$ be sets. Then $(B \setminus A)\cap C$ and $(B \cap C)\setminus (A \cap C)$ are equal and the difference of $B \cap C$ and the intersection of $A$ and $C$ and the difference of $B \cap C$ and $A$ are equal.

Prop9d. Let $A$, $B$ and $C$ be sets. Then $(B \setminus A)\cap C$ and $(B \cap C)\setminus (A \cap C)$ are equal and the difference of $B \cap C$ and $A \cap C$ and the difference of the intersection of $B$ and $C$ and $A$ are equal.

Prop9d. Let $A$, $B$ and $C$ be sets. Then the intersection of the difference of $B$ and $A$ and $C$ is equal to $(B \cap C)\setminus (A \cap C)$ and $(B \cap C)\setminus (A \cap C)$ and the difference of $B \cap C$ and $A$ are equal.

Prop9d. Let $A$, $B$ and $C$ be sets. Then the intersection of the difference of $B$ and $A$ and $C$ and $(B \cap C)\setminus (A \cap C)$ are equal and $(B \cap C)\setminus (A \cap C)$ is equal to the difference of $B \cap C$ and $A$.

Prop9d. Let $A$, $B$ and $C$ be sets. Then the intersection of $B \setminus A$ and $C$ is equal to the difference of the intersection of $B$ and $C$ and $A \cap C$ and $(B \cap C)\setminus (A \cap C)$ is equal to $(B \cap C)\setminus A$.

Prop9d. Let $A$, $B$ and $C$ be sets. Then the intersection of $B \setminus A$ and $C$ is equal to the difference of $B \cap C$ and the intersection of $A$ and $C$ and $(B \cap C)\setminus (A \cap C)$ is equal to $(B \cap C)\setminus A$.

Prop9d. Let $A$, $B$ and $C$ be sets. Then the intersection of $B \setminus A$ and $C$ is equal to $(B \cap C)\setminus (A \cap C)$ and the difference of the intersection of $B$ and $C$ and $A \cap C$ is equal to $(B \cap C)\setminus A$.

Prop9d. Let $A$, $B$ and $C$ be sets. Then the intersection of $B \setminus A$ and $C$ is equal to $(B \cap C)\setminus (A \cap C)$ and the difference of $B \cap C$ and the intersection of $A$ and $C$ is equal to $(B \cap C)\setminus A$.

Prop9d. Let $A$, $B$ and $C$ be sets. Then the intersection of $B \setminus A$ and $C$ is equal to the difference of the intersection of $B$ and $C$ and $A \cap C$ and $(B \cap C)\setminus (A \cap C)$ and $(B \cap C)\setminus A$ are equal.

Prop9d. Let $A$, $B$ and $C$ be sets. Then the intersection of $B \setminus A$ and $C$ is equal to the difference of $B \cap C$ and the intersection of $A$ and $C$ and $(B \cap C)\setminus (A \cap C)$ and $(B \cap C)\setminus A$ are equal.

Prop9d. Let $A$, $B$ and $C$ be sets. Then the intersection of $B \setminus A$ and $C$ is equal to $(B \cap C)\setminus (A \cap C)$ and the difference of the intersection of $B$ and $C$ and $A \cap C$ and $(B \cap C)\setminus A$ are equal.

Prop9d. Let $A$, $B$ and $C$ be sets. Then the intersection of $B \setminus A$ and $C$ is equal to $(B \cap C)\setminus (A \cap C)$ and the difference of $B \cap C$ and the intersection of $A$ and $C$ and $(B \cap C)\setminus A$ are equal.

Prop9d. Let $A$, $B$ and $C$ be sets. Then the intersection of $B \setminus A$ and $C$ and the difference of the intersection of $B$ and $C$ and $A \cap C$ are equal and $(B \cap C)\setminus (A \cap C)$ is equal to $(B \cap C)\setminus A$.

Prop9d. Let $A$, $B$ and $C$ be sets. Then the intersection of $B \setminus A$ and $C$ and the difference of $B \cap C$ and the intersection of $A$ and $C$ are equal and $(B \cap C)\setminus (A \cap C)$ is equal to $(B \cap C)\setminus A$.

Prop9d. Let $A$, $B$ and $C$ be sets. Then the intersection of $B \setminus A$ and $C$ and $(B \cap C)\setminus (A \cap C)$ are equal and the difference of the intersection of $B$ and $C$ and $A \cap C$ is equal to $(B \cap C)\setminus A$.

Prop9d. Let $A$, $B$ and $C$ be sets. Then the intersection of $B \setminus A$ and $C$ and $(B \cap C)\setminus (A \cap C)$ are equal and the difference of $B \cap C$ and the intersection of $A$ and $C$ is equal to $(B \cap C)\setminus A$.

Prop9d. Let $A$, $B$ and $C$ be sets. Then the intersection of $B \setminus A$ and $C$ is equal to the difference of $B \cap C$ and $A \cap C$ and the difference of $B \cap C$ and $A \cap C$ is equal to the difference of $B \cap C$ and $A$.

Prop9d. Let $A$, $B$ and $C$ be sets. Then $(B \setminus A)\cap C$ is equal to the difference of the intersection of $B$ and $C$ and the intersection of $A$ and $C$ and $(B \cap C)\setminus (A \cap C)$ is equal to $(B \cap C)\setminus A$.

Prop9d. Let $A$, $B$ and $C$ be sets. Then $(B \setminus A)\cap C$ is equal to $(B \cap C)\setminus (A \cap C)$ and the difference of the intersection of $B$ and $C$ and the intersection of $A$ and $C$ is equal to $(B \cap C)\setminus A$.

Prop9d. Let $A$, $B$ and $C$ be sets. Then the intersection of the difference of $B$ and $A$ and $C$ is equal to the difference of the intersection of $B$ and $C$ and $A \cap C$ and $(B \cap C)\setminus (A \cap C)= (B \cap C)\setminus A$.

Prop9d. Let $A$, $B$ and $C$ be sets. Then the intersection of the difference of $B$ and $A$ and $C$ is equal to the difference of $B \cap C$ and the intersection of $A$ and $C$ and $(B \cap C)\setminus (A \cap C)= (B \cap C)\setminus A$.

Prop9d. Let $A$, $B$ and $C$ be sets. Then the intersection of $B \setminus A$ and $C$ is equal to $(B \cap C)\setminus (A \cap C)$ and $(B \cap C)\setminus (A \cap C)$ is equal to the difference of the intersection of $B$ and $C$ and $A$.

Prop9d. Let $A$, $B$ and $C$ be sets. Then the intersection of $B \setminus A$ and $C$ and the difference of the intersection of $B$ and $C$ and $A \cap C$ are equal and $(B \cap C)\setminus (A \cap C)$ and $(B \cap C)\setminus A$ are equal.

Prop9d. Let $A$, $B$ and $C$ be sets. Then the intersection of $B \setminus A$ and $C$ and the difference of $B \cap C$ and the intersection of $A$ and $C$ are equal and $(B \cap C)\setminus (A \cap C)$ and $(B \cap C)\setminus A$ are equal.

Prop9d. Let $A$, $B$ and $C$ be sets. Then the intersection of $B \setminus A$ and $C$ and $(B \cap C)\setminus (A \cap C)$ are equal and the difference of the intersection of $B$ and $C$ and $A \cap C$ and $(B \cap C)\setminus A$ are equal.

Prop9d. Let $A$, $B$ and $C$ be sets. Then the intersection of $B \setminus A$ and $C$ and $(B \cap C)\setminus (A \cap C)$ are equal and the difference of $B \cap C$ and the intersection of $A$ and $C$ and $(B \cap C)\setminus A$ are equal.

Prop9d. Let $A$, $B$ and $C$ be sets. Then the intersection of $B \setminus A$ and $C$ is equal to the difference of $B \cap C$ and $A \cap C$ and the difference of $B \cap C$ and $A \cap C$ and the difference of $B \cap C$ and $A$ are equal.

Prop9d. Let $A$, $B$ and $C$ be sets. Then $(B \setminus A)\cap C$ is equal to the difference of the intersection of $B$ and $C$ and the intersection of $A$ and $C$ and $(B \cap C)\setminus (A \cap C)$ and $(B \cap C)\setminus A$ are equal.

Prop9d. Let $A$, $B$ and $C$ be sets. Then $(B \setminus A)\cap C$ is equal to $(B \cap C)\setminus (A \cap C)$ and the difference of the intersection of $B$ and $C$ and the intersection of $A$ and $C$ and $(B \cap C)\setminus A$ are equal.

Prop9d. Let $A$, $B$ and $C$ be sets. Then the intersection of $B \setminus A$ and $C$ and the difference of $B \cap C$ and $A \cap C$ are equal and the difference of $B \cap C$ and $A \cap C$ is equal to the difference of $B \cap C$ and $A$.

Prop9d. Let $A$, $B$ and $C$ be sets. Then $(B \setminus A)\cap C$ and the difference of the intersection of $B$ and $C$ and the intersection of $A$ and $C$ are equal and $(B \cap C)\setminus (A \cap C)$ is equal to $(B \cap C)\setminus A$.

Prop9d. Let $A$, $B$ and $C$ be sets. Then $(B \setminus A)\cap C$ and $(B \cap C)\setminus (A \cap C)$ are equal and the difference of the intersection of $B$ and $C$ and the intersection of $A$ and $C$ is equal to $(B \cap C)\setminus A$.

Prop9d. Let $A$, $B$ and $C$ be sets. Then $(B \setminus A)\cap C = (B \cap C)\setminus (A \cap C)$ and the difference of the intersection of $B$ and $C$ and the intersection of $A$ and $C$ is equal to the difference of $B \cap C$ and $A$.

Prop9d. Let $A$, $B$ and $C$ be sets. Then $(B \setminus A)\cap C = (B \cap C)\setminus (A \cap C)$ and the difference of the intersection of $B$ and $C$ and $A \cap C$ is equal to the difference of the intersection of $B$ and $C$ and $A$.

Prop9d. Let $A$, $B$ and $C$ be sets. Then $(B \setminus A)\cap C = (B \cap C)\setminus (A \cap C)$ and the difference of $B \cap C$ and the intersection of $A$ and $C$ is equal to the difference of the intersection of $B$ and $C$ and $A$.

Prop9d. Let $A$, $B$ and $C$ be sets. Then the intersection of the difference of $B$ and $A$ and $C$ is equal to the difference of $B \cap C$ and $A \cap C$ and the difference of $B \cap C$ and $A \cap C$ is equal to $(B \cap C)\setminus A$.

Prop9d. Let $A$, $B$ and $C$ be sets. Then the intersection of $B \setminus A$ and $C$ is equal to $(B \cap C)\setminus (A \cap C)$ and $(B \cap C)\setminus (A \cap C)$ and the difference of the intersection of $B$ and $C$ and $A$ are equal.

Prop9d. Let $A$, $B$ and $C$ be sets. Then $(B \setminus A)\cap C$ is equal to the difference of the intersection of $B$ and $C$ and $A \cap C$ and the difference of $B \cap C$ and $A \cap C$ is equal to the difference of $B \cap C$ and $A$.

Prop9d. Let $A$, $B$ and $C$ be sets. Then $(B \setminus A)\cap C$ is equal to the difference of $B \cap C$ and the intersection of $A$ and $C$ and the difference of $B \cap C$ and $A \cap C$ is equal to the difference of $B \cap C$ and $A$.

Prop9d. Let $A$, $B$ and $C$ be sets. Then $(B \setminus A)\cap C$ is equal to the difference of $B \cap C$ and $A \cap C$ and the difference of the intersection of $B$ and $C$ and $A \cap C$ is equal to the difference of $B \cap C$ and $A$.

Prop9d. Let $A$, $B$ and $C$ be sets. Then $(B \setminus A)\cap C$ is equal to the difference of $B \cap C$ and $A \cap C$ and the difference of $B \cap C$ and the intersection of $A$ and $C$ is equal to the difference of $B \cap C$ and $A$.

Prop9d. Let $A$, $B$ and $C$ be sets. Then $(B \setminus A)\cap C$ is equal to the difference of $B \cap C$ and $A \cap C$ and the difference of $B \cap C$ and $A \cap C$ is equal to the difference of the intersection of $B$ and $C$ and $A$.

Prop9d. Let $A$, $B$ and $C$ be sets. Then the intersection of the difference of $B$ and $A$ and $C$ and the difference of the intersection of $B$ and $C$ and $A \cap C$ are equal and $(B \cap C)\setminus (A \cap C)= (B \cap C)\setminus A$.

Prop9d. Let $A$, $B$ and $C$ be sets. Then the intersection of the difference of $B$ and $A$ and $C$ and the difference of $B \cap C$ and the intersection of $A$ and $C$ are equal and $(B \cap C)\setminus (A \cap C)= (B \cap C)\setminus A$.

Prop9d. Let $A$, $B$ and $C$ be sets. Then the intersection of $B \setminus A$ and $C$ and $(B \cap C)\setminus (A \cap C)$ are equal and $(B \cap C)\setminus (A \cap C)$ is equal to the difference of the intersection of $B$ and $C$ and $A$.

Prop9d. Let $A$, $B$ and $C$ be sets. Then $(B \setminus A)\cap C$ and the difference of the intersection of $B$ and $C$ and the intersection of $A$ and $C$ are equal and $(B \cap C)\setminus (A \cap C)$ and $(B \cap C)\setminus A$ are equal.

Prop9d. Let $A$, $B$ and $C$ be sets. Then $(B \setminus A)\cap C$ and $(B \cap C)\setminus (A \cap C)$ are equal and the difference of the intersection of $B$ and $C$ and the intersection of $A$ and $C$ and $(B \cap C)\setminus A$ are equal.

Prop9d. Let $A$, $B$ and $C$ be sets. Then $(B \setminus A)\cap C = (B \cap C)\setminus (A \cap C)$ and the difference of the intersection of $B$ and $C$ and the intersection of $A$ and $C$ and the difference of $B \cap C$ and $A$ are equal.

Prop9d. Let $A$, $B$ and $C$ be sets. Then $(B \setminus A)\cap C = (B \cap C)\setminus (A \cap C)$ and the difference of the intersection of $B$ and $C$ and $A \cap C$ and the difference of the intersection of $B$ and $C$ and $A$ are equal.

Prop9d. Let $A$, $B$ and $C$ be sets. Then $(B \setminus A)\cap C = (B \cap C)\setminus (A \cap C)$ and the difference of $B \cap C$ and the intersection of $A$ and $C$ and the difference of the intersection of $B$ and $C$ and $A$ are equal.

Prop9d. Let $A$, $B$ and $C$ be sets. Then the intersection of the difference of $B$ and $A$ and $C$, the difference of the intersection of $B$ and $C$ and the intersection of $A$ and $C$ and the difference of the intersection of $B$ and $C$ and $A$ are equal.

Prop9d. Let $A$, $B$ and $C$ be sets. Then the intersection of the difference of $B$ and $A$ and $C$ is equal to the difference of $B \cap C$ and $A \cap C$ and the difference of $B \cap C$ and $A \cap C$ and $(B \cap C)\setminus A$ are equal.

Prop9d. Let $A$, $B$ and $C$ be sets. Then $(B \setminus A)\cap C$ is equal to the difference of the intersection of $B$ and $C$ and $A \cap C$ and the difference of $B \cap C$ and $A \cap C$ and the difference of $B \cap C$ and $A$ are equal.

Prop9d. Let $A$, $B$ and $C$ be sets. Then $(B \setminus A)\cap C$ is equal to the difference of $B \cap C$ and the intersection of $A$ and $C$ and the difference of $B \cap C$ and $A \cap C$ and the difference of $B \cap C$ and $A$ are equal.

Prop9d. Let $A$, $B$ and $C$ be sets. Then $(B \setminus A)\cap C$ is equal to the difference of $B \cap C$ and $A \cap C$ and the difference of the intersection of $B$ and $C$ and $A \cap C$ and the difference of $B \cap C$ and $A$ are equal.

Prop9d. Let $A$, $B$ and $C$ be sets. Then $(B \setminus A)\cap C$ is equal to the difference of $B \cap C$ and $A \cap C$ and the difference of $B \cap C$ and the intersection of $A$ and $C$ and the difference of $B \cap C$ and $A$ are equal.

Prop9d. Let $A$, $B$ and $C$ be sets. Then $(B \setminus A)\cap C$ is equal to the difference of $B \cap C$ and $A \cap C$ and the difference of $B \cap C$ and $A \cap C$ and the difference of the intersection of $B$ and $C$ and $A$ are equal.

Prop9d. Let $A$, $B$ and $C$ be sets. Then the intersection of the difference of $B$ and $A$ and $C$ and the difference of $B \cap C$ and $A \cap C$ are equal and the difference of $B \cap C$ and $A \cap C$ is equal to $(B \cap C)\setminus A$.

Prop9d. Let $A$, $B$ and $C$ be sets. Then $(B \setminus A)\cap C$ and the difference of the intersection of $B$ and $C$ and $A \cap C$ are equal and the difference of $B \cap C$ and $A \cap C$ is equal to the difference of $B \cap C$ and $A$.

Prop9d. Let $A$, $B$ and $C$ be sets. Then $(B \setminus A)\cap C$ and the difference of $B \cap C$ and the intersection of $A$ and $C$ are equal and the difference of $B \cap C$ and $A \cap C$ is equal to the difference of $B \cap C$ and $A$.

Prop9d. Let $A$, $B$ and $C$ be sets. Then $(B \setminus A)\cap C$ and the difference of $B \cap C$ and $A \cap C$ are equal and the difference of the intersection of $B$ and $C$ and $A \cap C$ is equal to the difference of $B \cap C$ and $A$.

Prop9d. Let $A$, $B$ and $C$ be sets. Then $(B \setminus A)\cap C$ and the difference of $B \cap C$ and $A \cap C$ are equal and the difference of $B \cap C$ and the intersection of $A$ and $C$ is equal to the difference of $B \cap C$ and $A$.

Prop9d. Let $A$, $B$ and $C$ be sets. Then $(B \setminus A)\cap C$ and the difference of $B \cap C$ and $A \cap C$ are equal and the difference of $B \cap C$ and $A \cap C$ is equal to the difference of the intersection of $B$ and $C$ and $A$.

Prop9d. Let $A$, $B$ and $C$ be sets. Then the intersection of the difference of $B$ and $A$ and $C$ is equal to the difference of $B \cap C$ and $A \cap C$ and $(B \cap C)\setminus (A \cap C)$ is equal to the difference of $B \cap C$ and $A$.

Prop9d. Let $A$, $B$ and $C$ be sets. Then the intersection of the difference of $B$ and $A$ and $C$ is equal to $(B \cap C)\setminus (A \cap C)$ and the difference of $B \cap C$ and $A \cap C$ is equal to the difference of $B \cap C$ and $A$.

Prop9d. Let $A$, $B$ and $C$ be sets. Then $(B \setminus A)\cap C$ and the difference of the intersection of $B$ and $C$ and $A \cap C$ are equal and the difference of $B \cap C$ and $A \cap C$ and the difference of $B \cap C$ and $A$ are equal.

Prop9d. Let $A$, $B$ and $C$ be sets. Then $(B \setminus A)\cap C$ and the difference of $B \cap C$ and the intersection of $A$ and $C$ are equal and the difference of $B \cap C$ and $A \cap C$ and the difference of $B \cap C$ and $A$ are equal.

Prop9d. Let $A$, $B$ and $C$ be sets. Then $(B \setminus A)\cap C$ and the difference of $B \cap C$ and $A \cap C$ are equal and the difference of the intersection of $B$ and $C$ and $A \cap C$ and the difference of $B \cap C$ and $A$ are equal.

Prop9d. Let $A$, $B$ and $C$ be sets. Then $(B \setminus A)\cap C$ and the difference of $B \cap C$ and $A \cap C$ are equal and the difference of $B \cap C$ and the intersection of $A$ and $C$ and the difference of $B \cap C$ and $A$ are equal.

Prop9d. Let $A$, $B$ and $C$ be sets. Then the intersection of $B \setminus A$ and $C$ is equal to the difference of the intersection of $B$ and $C$ and the intersection of $A$ and $C$ and $(B \cap C)\setminus (A \cap C)= (B \cap C)\setminus A$.

Prop9d. Let $A$, $B$ and $C$ be sets. Then the intersection of the difference of $B$ and $A$ and $C$ is equal to the difference of $B \cap C$ and $A \cap C$ and $(B \cap C)\setminus (A \cap C)$ and the difference of $B \cap C$ and $A$ are equal.

Prop9d. Let $A$, $B$ and $C$ be sets. Then the intersection of the difference of $B$ and $A$ and $C$ is equal to $(B \cap C)\setminus (A \cap C)$ and the difference of $B \cap C$ and $A \cap C$ and the difference of $B \cap C$ and $A$ are equal.

Prop9d. Let $A$, $B$ and $C$ be sets. Then the intersection of the difference of $B$ and $A$ and $C$ and the difference of $B \cap C$ and $A \cap C$ are equal and $(B \cap C)\setminus (A \cap C)$ is equal to the difference of $B \cap C$ and $A$.

Prop9d. Let $A$, $B$ and $C$ be sets. Then the intersection of the difference of $B$ and $A$ and $C$ and $(B \cap C)\setminus (A \cap C)$ are equal and the difference of $B \cap C$ and $A \cap C$ is equal to the difference of $B \cap C$ and $A$.

Prop9d. Let $A$, $B$ and $C$ be sets. Then the intersection of $B \setminus A$ and $C$ is equal to the difference of the intersection of $B$ and $C$ and $A \cap C$ and the difference of $B \cap C$ and $A \cap C$ is equal to $(B \cap C)\setminus A$.

Prop9d. Let $A$, $B$ and $C$ be sets. Then the intersection of $B \setminus A$ and $C$ is equal to the difference of $B \cap C$ and the intersection of $A$ and $C$ and the difference of $B \cap C$ and $A \cap C$ is equal to $(B \cap C)\setminus A$.

Prop9d. Let $A$, $B$ and $C$ be sets. Then the intersection of $B \setminus A$ and $C$ is equal to the difference of $B \cap C$ and $A \cap C$ and the difference of the intersection of $B$ and $C$ and $A \cap C$ is equal to $(B \cap C)\setminus A$.

Prop9d. Let $A$, $B$ and $C$ be sets. Then the intersection of $B \setminus A$ and $C$ is equal to the difference of $B \cap C$ and $A \cap C$ and the difference of $B \cap C$ and the intersection of $A$ and $C$ is equal to $(B \cap C)\setminus A$.

Prop9d. Let $A$, $B$ and $C$ be sets. Then the intersection of $B \setminus A$ and $C$ and the difference of the intersection of $B$ and $C$ and the intersection of $A$ and $C$ are equal and $(B \cap C)\setminus (A \cap C)= (B \cap C)\setminus A$.

Prop9d. Let $A$, $B$ and $C$ be sets. Then the intersection of the difference of $B$ and $A$ and $C$ and the difference of $B \cap C$ and $A \cap C$ are equal and $(B \cap C)\setminus (A \cap C)$ and the difference of $B \cap C$ and $A$ are equal.

Prop9d. Let $A$, $B$ and $C$ be sets. Then the intersection of the difference of $B$ and $A$ and $C$ and $(B \cap C)\setminus (A \cap C)$ are equal and the difference of $B \cap C$ and $A \cap C$ and the difference of $B \cap C$ and $A$ are equal.

Prop9d. Let $A$, $B$ and $C$ be sets. Then the intersection of $B \setminus A$ and $C$ is equal to the difference of the intersection of $B$ and $C$ and $A \cap C$ and the difference of $B \cap C$ and $A \cap C$ and $(B \cap C)\setminus A$ are equal.

Prop9d. Let $A$, $B$ and $C$ be sets. Then the intersection of $B \setminus A$ and $C$ is equal to the difference of $B \cap C$ and the intersection of $A$ and $C$ and the difference of $B \cap C$ and $A \cap C$ and $(B \cap C)\setminus A$ are equal.

Prop9d. Let $A$, $B$ and $C$ be sets. Then the intersection of $B \setminus A$ and $C$ is equal to the difference of $B \cap C$ and $A \cap C$ and the difference of the intersection of $B$ and $C$ and $A \cap C$ and $(B \cap C)\setminus A$ are equal.

Prop9d. Let $A$, $B$ and $C$ be sets. Then the intersection of $B \setminus A$ and $C$ is equal to the difference of $B \cap C$ and $A \cap C$ and the difference of $B \cap C$ and the intersection of $A$ and $C$ and $(B \cap C)\setminus A$ are equal.

Prop9d. Let $A$, $B$ and $C$ be sets. Then the intersection of $B \setminus A$ and $C$ and the difference of the intersection of $B$ and $C$ and $A \cap C$ are equal and the difference of $B \cap C$ and $A \cap C$ is equal to $(B \cap C)\setminus A$.

Prop9d. Let $A$, $B$ and $C$ be sets. Then the intersection of $B \setminus A$ and $C$ and the difference of $B \cap C$ and the intersection of $A$ and $C$ are equal and the difference of $B \cap C$ and $A \cap C$ is equal to $(B \cap C)\setminus A$.

Prop9d. Let $A$, $B$ and $C$ be sets. Then the intersection of $B \setminus A$ and $C$ and the difference of $B \cap C$ and $A \cap C$ are equal and the difference of the intersection of $B$ and $C$ and $A \cap C$ is equal to $(B \cap C)\setminus A$.

Prop9d. Let $A$, $B$ and $C$ be sets. Then the intersection of $B \setminus A$ and $C$ and the difference of $B \cap C$ and $A \cap C$ are equal and the difference of $B \cap C$ and the intersection of $A$ and $C$ is equal to $(B \cap C)\setminus A$.

Prop9d. Let $A$, $B$ and $C$ be sets. Then $(B \setminus A)\cap C$ is equal to the difference of the intersection of $B$ and $C$ and the intersection of $A$ and $C$ and the difference of $B \cap C$ and $A \cap C$ is equal to $(B \cap C)\setminus A$.

Prop9d. Let $A$, $B$ and $C$ be sets. Then $(B \setminus A)\cap C$ is equal to the difference of the intersection of $B$ and $C$ and $A \cap C$ and the difference of the intersection of $B$ and $C$ and $A \cap C$ is equal to $(B \cap C)\setminus A$.

Prop9d. Let $A$, $B$ and $C$ be sets. Then $(B \setminus A)\cap C$ is equal to the difference of the intersection of $B$ and $C$ and $A \cap C$ and the difference of $B \cap C$ and the intersection of $A$ and $C$ is equal to $(B \cap C)\setminus A$.

Prop9d. Let $A$, $B$ and $C$ be sets. Then $(B \setminus A)\cap C$ is equal to the difference of $B \cap C$ and the intersection of $A$ and $C$ and the difference of the intersection of $B$ and $C$ and $A \cap C$ is equal to $(B \cap C)\setminus A$.

Prop9d. Let $A$, $B$ and $C$ be sets. Then $(B \setminus A)\cap C$ is equal to the difference of $B \cap C$ and the intersection of $A$ and $C$ and the difference of $B \cap C$ and the intersection of $A$ and $C$ is equal to $(B \cap C)\setminus A$.

Prop9d. Let $A$, $B$ and $C$ be sets. Then $(B \setminus A)\cap C$ is equal to the difference of $B \cap C$ and $A \cap C$ and the difference of the intersection of $B$ and $C$ and the intersection of $A$ and $C$ is equal to $(B \cap C)\setminus A$.

Prop9d. Let $A$, $B$ and $C$ be sets. Then the intersection of $B \setminus A$ and $C$ is equal to the difference of the intersection of $B$ and $C$ and $A \cap C$ and $(B \cap C)\setminus (A \cap C)$ is equal to the difference of $B \cap C$ and $A$.

Prop9d. Let $A$, $B$ and $C$ be sets. Then the intersection of $B \setminus A$ and $C$ is equal to the difference of $B \cap C$ and the intersection of $A$ and $C$ and $(B \cap C)\setminus (A \cap C)$ is equal to the difference of $B \cap C$ and $A$.

Prop9d. Let $A$, $B$ and $C$ be sets. Then the intersection of $B \setminus A$ and $C$ is equal to the difference of $B \cap C$ and $A \cap C$ and $(B \cap C)\setminus (A \cap C)$ is equal to the difference of the intersection of $B$ and $C$ and $A$.

Prop9d. Let $A$, $B$ and $C$ be sets. Then the intersection of $B \setminus A$ and $C$ is equal to $(B \cap C)\setminus (A \cap C)$ and the difference of the intersection of $B$ and $C$ and $A \cap C$ is equal to the difference of $B \cap C$ and $A$.

Prop9d. Let $A$, $B$ and $C$ be sets. Then the intersection of $B \setminus A$ and $C$ is equal to $(B \cap C)\setminus (A \cap C)$ and the difference of $B \cap C$ and the intersection of $A$ and $C$ is equal to the difference of $B \cap C$ and $A$.

Prop9d. Let $A$, $B$ and $C$ be sets. Then the intersection of $B \setminus A$ and $C$ is equal to $(B \cap C)\setminus (A \cap C)$ and the difference of $B \cap C$ and $A \cap C$ is equal to the difference of the intersection of $B$ and $C$ and $A$.

Prop9d. Let $A$, $B$ and $C$ be sets. Then the intersection of $B \setminus A$ and $C$ and the difference of the intersection of $B$ and $C$ and $A \cap C$ are equal and the difference of $B \cap C$ and $A \cap C$ and $(B \cap C)\setminus A$ are equal.

Prop9d. Let $A$, $B$ and $C$ be sets. Then the intersection of $B \setminus A$ and $C$ and the difference of $B \cap C$ and the intersection of $A$ and $C$ are equal and the difference of $B \cap C$ and $A \cap C$ and $(B \cap C)\setminus A$ are equal.

Prop9d. Let $A$, $B$ and $C$ be sets. Then the intersection of $B \setminus A$ and $C$ and the difference of $B \cap C$ and $A \cap C$ are equal and the difference of the intersection of $B$ and $C$ and $A \cap C$ and $(B \cap C)\setminus A$ are equal.

Prop9d. Let $A$, $B$ and $C$ be sets. Then the intersection of $B \setminus A$ and $C$ and the difference of $B \cap C$ and $A \cap C$ are equal and the difference of $B \cap C$ and the intersection of $A$ and $C$ and $(B \cap C)\setminus A$ are equal.

Prop9d. Let $A$, $B$ and $C$ be sets. Then $(B \setminus A)\cap C$ is equal to the difference of the intersection of $B$ and $C$ and the intersection of $A$ and $C$ and the difference of $B \cap C$ and $A \cap C$ and $(B \cap C)\setminus A$ are equal.

Prop9d. Let $A$, $B$ and $C$ be sets. Then $(B \setminus A)\cap C$ is equal to the difference of the intersection of $B$ and $C$ and $A \cap C$ and the difference of the intersection of $B$ and $C$ and $A \cap C$ and $(B \cap C)\setminus A$ are equal.

Prop9d. Let $A$, $B$ and $C$ be sets. Then $(B \setminus A)\cap C$ is equal to the difference of the intersection of $B$ and $C$ and $A \cap C$ and the difference of $B \cap C$ and the intersection of $A$ and $C$ and $(B \cap C)\setminus A$ are equal.

Prop9d. Let $A$, $B$ and $C$ be sets. Then $(B \setminus A)\cap C$ is equal to the difference of $B \cap C$ and the intersection of $A$ and $C$ and the difference of the intersection of $B$ and $C$ and $A \cap C$ and $(B \cap C)\setminus A$ are equal.

Prop9d. Let $A$, $B$ and $C$ be sets. Then $(B \setminus A)\cap C$ is equal to the difference of $B \cap C$ and the intersection of $A$ and $C$ and the difference of $B \cap C$ and the intersection of $A$ and $C$ and $(B \cap C)\setminus A$ are equal.

Prop9d. Let $A$, $B$ and $C$ be sets. Then $(B \setminus A)\cap C$ is equal to the difference of $B \cap C$ and $A \cap C$ and the difference of the intersection of $B$ and $C$ and the intersection of $A$ and $C$ and $(B \cap C)\setminus A$ are equal.

Prop9d. Let $A$, $B$ and $C$ be sets. Then $(B \setminus A)\cap C$ and the difference of the intersection of $B$ and $C$ and the intersection of $A$ and $C$ are equal and the difference of $B \cap C$ and $A \cap C$ is equal to $(B \cap C)\setminus A$.

Prop9d. Let $A$, $B$ and $C$ be sets. Then $(B \setminus A)\cap C$ and the difference of the intersection of $B$ and $C$ and $A \cap C$ are equal and the difference of the intersection of $B$ and $C$ and $A \cap C$ is equal to $(B \cap C)\setminus A$.

Prop9d. Let $A$, $B$ and $C$ be sets. Then $(B \setminus A)\cap C$ and the difference of the intersection of $B$ and $C$ and $A \cap C$ are equal and the difference of $B \cap C$ and the intersection of $A$ and $C$ is equal to $(B \cap C)\setminus A$.

Prop9d. Let $A$, $B$ and $C$ be sets. Then $(B \setminus A)\cap C$ and the difference of $B \cap C$ and the intersection of $A$ and $C$ are equal and the difference of the intersection of $B$ and $C$ and $A \cap C$ is equal to $(B \cap C)\setminus A$.

Prop9d. Let $A$, $B$ and $C$ be sets. Then $(B \setminus A)\cap C$ and the difference of $B \cap C$ and the intersection of $A$ and $C$ are equal and the difference of $B \cap C$ and the intersection of $A$ and $C$ is equal to $(B \cap C)\setminus A$.

Prop9d. Let $A$, $B$ and $C$ be sets. Then $(B \setminus A)\cap C$ and the difference of $B \cap C$ and $A \cap C$ are equal and the difference of the intersection of $B$ and $C$ and the intersection of $A$ and $C$ is equal to $(B \cap C)\setminus A$.

Prop9d. Let $A$, $B$ and $C$ be sets. Then the intersection of $B \setminus A$ and $C$ is equal to the difference of the intersection of $B$ and $C$ and $A \cap C$ and $(B \cap C)\setminus (A \cap C)$ and the difference of $B \cap C$ and $A$ are equal.

Prop9d. Let $A$, $B$ and $C$ be sets. Then the intersection of $B \setminus A$ and $C$ is equal to the difference of $B \cap C$ and the intersection of $A$ and $C$ and $(B \cap C)\setminus (A \cap C)$ and the difference of $B \cap C$ and $A$ are equal.

Prop9d. Let $A$, $B$ and $C$ be sets. Then the intersection of $B \setminus A$ and $C$ is equal to the difference of $B \cap C$ and $A \cap C$ and $(B \cap C)\setminus (A \cap C)$ and the difference of the intersection of $B$ and $C$ and $A$ are equal.

Prop9d. Let $A$, $B$ and $C$ be sets. Then the intersection of $B \setminus A$ and $C$ is equal to $(B \cap C)\setminus (A \cap C)$ and the difference of the intersection of $B$ and $C$ and $A \cap C$ and the difference of $B \cap C$ and $A$ are equal.

Prop9d. Let $A$, $B$ and $C$ be sets. Then the intersection of $B \setminus A$ and $C$ is equal to $(B \cap C)\setminus (A \cap C)$ and the difference of $B \cap C$ and the intersection of $A$ and $C$ and the difference of $B \cap C$ and $A$ are equal.

Prop9d. Let $A$, $B$ and $C$ be sets. Then the intersection of $B \setminus A$ and $C$ is equal to $(B \cap C)\setminus (A \cap C)$ and the difference of $B \cap C$ and $A \cap C$ and the difference of the intersection of $B$ and $C$ and $A$ are equal.

Prop9d. Let $A$, $B$ and $C$ be sets. Then the intersection of $B \setminus A$ and $C$ and the difference of the intersection of $B$ and $C$ and $A \cap C$ are equal and $(B \cap C)\setminus (A \cap C)$ is equal to the difference of $B \cap C$ and $A$.

Prop9d. Let $A$, $B$ and $C$ be sets. Then the intersection of $B \setminus A$ and $C$ and the difference of $B \cap C$ and the intersection of $A$ and $C$ are equal and $(B \cap C)\setminus (A \cap C)$ is equal to the difference of $B \cap C$ and $A$.

Prop9d. Let $A$, $B$ and $C$ be sets. Then the intersection of $B \setminus A$ and $C$ and the difference of $B \cap C$ and $A \cap C$ are equal and $(B \cap C)\setminus (A \cap C)$ is equal to the difference of the intersection of $B$ and $C$ and $A$.

Prop9d. Let $A$, $B$ and $C$ be sets. Then the intersection of $B \setminus A$ and $C$ and $(B \cap C)\setminus (A \cap C)$ are equal and the difference of the intersection of $B$ and $C$ and $A \cap C$ is equal to the difference of $B \cap C$ and $A$.

Prop9d. Let $A$, $B$ and $C$ be sets. Then the intersection of $B \setminus A$ and $C$ and $(B \cap C)\setminus (A \cap C)$ are equal and the difference of $B \cap C$ and the intersection of $A$ and $C$ is equal to the difference of $B \cap C$ and $A$.

Prop9d. Let $A$, $B$ and $C$ be sets. Then the intersection of $B \setminus A$ and $C$ and $(B \cap C)\setminus (A \cap C)$ are equal and the difference of $B \cap C$ and $A \cap C$ is equal to the difference of the intersection of $B$ and $C$ and $A$.

Prop9d. Let $A$, $B$ and $C$ be sets. Then the intersection of the difference of $B$ and $A$ and $C$ is equal to the difference of the intersection of $B$ and $C$ and $A \cap C$ and $(B \cap C)\setminus (A \cap C)$ is equal to $(B \cap C)\setminus A$.

Prop9d. Let $A$, $B$ and $C$ be sets. Then the intersection of the difference of $B$ and $A$ and $C$ is equal to the difference of $B \cap C$ and the intersection of $A$ and $C$ and $(B \cap C)\setminus (A \cap C)$ is equal to $(B \cap C)\setminus A$.

Prop9d. Let $A$, $B$ and $C$ be sets. Then the intersection of the difference of $B$ and $A$ and $C$ is equal to $(B \cap C)\setminus (A \cap C)$ and the difference of the intersection of $B$ and $C$ and $A \cap C$ is equal to $(B \cap C)\setminus A$.

Prop9d. Let $A$, $B$ and $C$ be sets. Then the intersection of the difference of $B$ and $A$ and $C$ is equal to $(B \cap C)\setminus (A \cap C)$ and the difference of $B \cap C$ and the intersection of $A$ and $C$ is equal to $(B \cap C)\setminus A$.

Prop9d. Let $A$, $B$ and $C$ be sets. Then $(B \setminus A)\cap C$ is equal to the difference of the intersection of $B$ and $C$ and the intersection of $A$ and $C$ and $(B \cap C)\setminus (A \cap C)$ is equal to the difference of $B \cap C$ and $A$.

Prop9d. Let $A$, $B$ and $C$ be sets. Then $(B \setminus A)\cap C$ is equal to the difference of the intersection of $B$ and $C$ and $A \cap C$ and $(B \cap C)\setminus (A \cap C)$ is equal to the difference of the intersection of $B$ and $C$ and $A$.

Prop9d. Let $A$, $B$ and $C$ be sets. Then $(B \setminus A)\cap C$ is equal to the difference of $B \cap C$ and the intersection of $A$ and $C$ and $(B \cap C)\setminus (A \cap C)$ is equal to the difference of the intersection of $B$ and $C$ and $A$.

Prop9d. Let $A$, $B$ and $C$ be sets. Then $(B \setminus A)\cap C$ is equal to $(B \cap C)\setminus (A \cap C)$ and the difference of the intersection of $B$ and $C$ and the intersection of $A$ and $C$ is equal to the difference of $B \cap C$ and $A$.

Prop9d. Let $A$, $B$ and $C$ be sets. Then $(B \setminus A)\cap C$ is equal to $(B \cap C)\setminus (A \cap C)$ and the difference of the intersection of $B$ and $C$ and $A \cap C$ is equal to the difference of the intersection of $B$ and $C$ and $A$.

Prop9d. Let $A$, $B$ and $C$ be sets. Then $(B \setminus A)\cap C$ is equal to $(B \cap C)\setminus (A \cap C)$ and the difference of $B \cap C$ and the intersection of $A$ and $C$ is equal to the difference of the intersection of $B$ and $C$ and $A$.

Prop9d. Let $A$, $B$ and $C$ be sets. Then $(B \setminus A)\cap C$ and the difference of the intersection of $B$ and $C$ and the intersection of $A$ and $C$ are equal and the difference of $B \cap C$ and $A \cap C$ and $(B \cap C)\setminus A$ are equal.

Prop9d. Let $A$, $B$ and $C$ be sets. Then $(B \setminus A)\cap C$ and the difference of the intersection of $B$ and $C$ and $A \cap C$ are equal and the difference of $B \cap C$ and the intersection of $A$ and $C$ and $(B \cap C)\setminus A$ are equal.

Prop9d. Let $A$, $B$ and $C$ be sets. Then $(B \setminus A)\cap C$ and the difference of $B \cap C$ and the intersection of $A$ and $C$ are equal and the difference of the intersection of $B$ and $C$ and $A \cap C$ and $(B \cap C)\setminus A$ are equal.

Prop9d. Let $A$, $B$ and $C$ be sets. Then $(B \setminus A)\cap C$ and the difference of $B \cap C$ and $A \cap C$ are equal and the difference of the intersection of $B$ and $C$ and the intersection of $A$ and $C$ and $(B \cap C)\setminus A$ are equal.

Prop9d. Let $A$, $B$ and $C$ be sets. Then the intersection of $B \setminus A$ and $C$ and the difference of the intersection of $B$ and $C$ and $A \cap C$ are equal and $(B \cap C)\setminus (A \cap C)$ and the difference of $B \cap C$ and $A$ are equal.

Prop9d. Let $A$, $B$ and $C$ be sets. Then the intersection of $B \setminus A$ and $C$ and the difference of $B \cap C$ and the intersection of $A$ and $C$ are equal and $(B \cap C)\setminus (A \cap C)$ and the difference of $B \cap C$ and $A$ are equal.

Prop9d. Let $A$, $B$ and $C$ be sets. Then the intersection of $B \setminus A$ and $C$ and the difference of $B \cap C$ and $A \cap C$ are equal and $(B \cap C)\setminus (A \cap C)$ and the difference of the intersection of $B$ and $C$ and $A$ are equal.

Prop9d. Let $A$, $B$ and $C$ be sets. Then the intersection of $B \setminus A$ and $C$ and $(B \cap C)\setminus (A \cap C)$ are equal and the difference of the intersection of $B$ and $C$ and $A \cap C$ and the difference of $B \cap C$ and $A$ are equal.

Prop9d. Let $A$, $B$ and $C$ be sets. Then the intersection of $B \setminus A$ and $C$ and $(B \cap C)\setminus (A \cap C)$ are equal and the difference of $B \cap C$ and the intersection of $A$ and $C$ and the difference of $B \cap C$ and $A$ are equal.

Prop9d. Let $A$, $B$ and $C$ be sets. Then the intersection of $B \setminus A$ and $C$ and $(B \cap C)\setminus (A \cap C)$ are equal and the difference of $B \cap C$ and $A \cap C$ and the difference of the intersection of $B$ and $C$ and $A$ are equal.

Prop9d. Let $A$, $B$ and $C$ be sets. Then the intersection of the difference of $B$ and $A$ and $C$ is equal to the difference of the intersection of $B$ and $C$ and $A \cap C$ and $(B \cap C)\setminus (A \cap C)$ and $(B \cap C)\setminus A$ are equal.

Prop9d. Let $A$, $B$ and $C$ be sets. Then the intersection of the difference of $B$ and $A$ and $C$ is equal to the difference of $B \cap C$ and the intersection of $A$ and $C$ and $(B \cap C)\setminus (A \cap C)$ and $(B \cap C)\setminus A$ are equal.

Prop9d. Let $A$, $B$ and $C$ be sets. Then the intersection of the difference of $B$ and $A$ and $C$ is equal to $(B \cap C)\setminus (A \cap C)$ and the difference of the intersection of $B$ and $C$ and $A \cap C$ and $(B \cap C)\setminus A$ are equal.

Prop9d. Let $A$, $B$ and $C$ be sets. Then the intersection of the difference of $B$ and $A$ and $C$ is equal to $(B \cap C)\setminus (A \cap C)$ and the difference of $B \cap C$ and the intersection of $A$ and $C$ and $(B \cap C)\setminus A$ are equal.

Prop9d. Let $A$, $B$ and $C$ be sets. Then $(B \setminus A)\cap C$ is equal to the difference of the intersection of $B$ and $C$ and the intersection of $A$ and $C$ and $(B \cap C)\setminus (A \cap C)$ and the difference of $B \cap C$ and $A$ are equal.

Prop9d. Let $A$, $B$ and $C$ be sets. Then $(B \setminus A)\cap C$ is equal to the difference of the intersection of $B$ and $C$ and $A \cap C$ and $(B \cap C)\setminus (A \cap C)$ and the difference of the intersection of $B$ and $C$ and $A$ are equal.

Prop9d. Let $A$, $B$ and $C$ be sets. Then $(B \setminus A)\cap C$ is equal to the difference of $B \cap C$ and the intersection of $A$ and $C$ and $(B \cap C)\setminus (A \cap C)$ and the difference of the intersection of $B$ and $C$ and $A$ are equal.

Prop9d. Let $A$, $B$ and $C$ be sets. Then $(B \setminus A)\cap C$ is equal to $(B \cap C)\setminus (A \cap C)$ and the difference of the intersection of $B$ and $C$ and the intersection of $A$ and $C$ and the difference of $B \cap C$ and $A$ are equal.

Prop9d. Let $A$, $B$ and $C$ be sets. Then $(B \setminus A)\cap C$ is equal to $(B \cap C)\setminus (A \cap C)$ and the difference of the intersection of $B$ and $C$ and $A \cap C$ and the difference of the intersection of $B$ and $C$ and $A$ are equal.

Prop9d. Let $A$, $B$ and $C$ be sets. Then $(B \setminus A)\cap C$ is equal to $(B \cap C)\setminus (A \cap C)$ and the difference of $B \cap C$ and the intersection of $A$ and $C$ and the difference of the intersection of $B$ and $C$ and $A$ are equal.

Prop9d. Let $A$, $B$ and $C$ be sets. Then the intersection of the difference of $B$ and $A$ and $C$ and the difference of the intersection of $B$ and $C$ and $A \cap C$ are equal and $(B \cap C)\setminus (A \cap C)$ is equal to $(B \cap C)\setminus A$.

Prop9d. Let $A$, $B$ and $C$ be sets. Then the intersection of the difference of $B$ and $A$ and $C$ and the difference of $B \cap C$ and the intersection of $A$ and $C$ are equal and $(B \cap C)\setminus (A \cap C)$ is equal to $(B \cap C)\setminus A$.

Prop9d. Let $A$, $B$ and $C$ be sets. Then the intersection of the difference of $B$ and $A$ and $C$ and $(B \cap C)\setminus (A \cap C)$ are equal and the difference of the intersection of $B$ and $C$ and $A \cap C$ is equal to $(B \cap C)\setminus A$.

Prop9d. Let $A$, $B$ and $C$ be sets. Then the intersection of the difference of $B$ and $A$ and $C$ and $(B \cap C)\setminus (A \cap C)$ are equal and the difference of $B \cap C$ and the intersection of $A$ and $C$ is equal to $(B \cap C)\setminus A$.

Prop9d. Let $A$, $B$ and $C$ be sets. Then $(B \setminus A)\cap C$ and the difference of the intersection of $B$ and $C$ and the intersection of $A$ and $C$ are equal and $(B \cap C)\setminus (A \cap C)$ is equal to the difference of $B \cap C$ and $A$.

Prop9d. Let $A$, $B$ and $C$ be sets. Then $(B \setminus A)\cap C$ and the difference of the intersection of $B$ and $C$ and $A \cap C$ are equal and $(B \cap C)\setminus (A \cap C)$ is equal to the difference of the intersection of $B$ and $C$ and $A$.

Prop9d. Let $A$, $B$ and $C$ be sets. Then $(B \setminus A)\cap C$ and the difference of $B \cap C$ and the intersection of $A$ and $C$ are equal and $(B \cap C)\setminus (A \cap C)$ is equal to the difference of the intersection of $B$ and $C$ and $A$.

Prop9d. Let $A$, $B$ and $C$ be sets. Then $(B \setminus A)\cap C$ and $(B \cap C)\setminus (A \cap C)$ are equal and the difference of the intersection of $B$ and $C$ and the intersection of $A$ and $C$ is equal to the difference of $B \cap C$ and $A$.

Prop9d. Let $A$, $B$ and $C$ be sets. Then $(B \setminus A)\cap C$ and $(B \cap C)\setminus (A \cap C)$ are equal and the difference of the intersection of $B$ and $C$ and $A \cap C$ is equal to the difference of the intersection of $B$ and $C$ and $A$.

Prop9d. Let $A$, $B$ and $C$ be sets. Then $(B \setminus A)\cap C$ and $(B \cap C)\setminus (A \cap C)$ are equal and the difference of $B \cap C$ and the intersection of $A$ and $C$ is equal to the difference of the intersection of $B$ and $C$ and $A$.

Prop9d. Let $A$, $B$ and $C$ be sets. Then the intersection of the difference of $B$ and $A$ and $C$ is equal to the difference of $B \cap C$ and $A \cap C$ and the difference of $B \cap C$ and $A \cap C$ is equal to the difference of $B \cap C$ and $A$.

Prop9d. Let $A$, $B$ and $C$ be sets. Then the intersection of the difference of $B$ and $A$ and $C$ is equal to $(B \cap C)\setminus (A \cap C)$ and $(B \cap C)\setminus (A \cap C)$ is equal to the difference of the intersection of $B$ and $C$ and $A$.

Prop9d. Let $A$, $B$ and $C$ be sets. Then the intersection of the difference of $B$ and $A$ and $C$ and the difference of the intersection of $B$ and $C$ and $A \cap C$ are equal and $(B \cap C)\setminus (A \cap C)$ and $(B \cap C)\setminus A$ are equal.

Prop9d. Let $A$, $B$ and $C$ be sets. Then the intersection of the difference of $B$ and $A$ and $C$ and the difference of $B \cap C$ and the intersection of $A$ and $C$ are equal and $(B \cap C)\setminus (A \cap C)$ and $(B \cap C)\setminus A$ are equal.

Prop9d. Let $A$, $B$ and $C$ be sets. Then the intersection of the difference of $B$ and $A$ and $C$ and $(B \cap C)\setminus (A \cap C)$ are equal and the difference of the intersection of $B$ and $C$ and $A \cap C$ and $(B \cap C)\setminus A$ are equal.

Prop9d. Let $A$, $B$ and $C$ be sets. Then the intersection of the difference of $B$ and $A$ and $C$ and $(B \cap C)\setminus (A \cap C)$ are equal and the difference of $B \cap C$ and the intersection of $A$ and $C$ and $(B \cap C)\setminus A$ are equal.

Prop9d. Let $A$, $B$ and $C$ be sets. Then $(B \setminus A)\cap C$ and the difference of the intersection of $B$ and $C$ and the intersection of $A$ and $C$ are equal and $(B \cap C)\setminus (A \cap C)$ and the difference of $B \cap C$ and $A$ are equal.

Prop9d. Let $A$, $B$ and $C$ be sets. Then $(B \setminus A)\cap C$ and the difference of the intersection of $B$ and $C$ and $A \cap C$ are equal and $(B \cap C)\setminus (A \cap C)$ and the difference of the intersection of $B$ and $C$ and $A$ are equal.

Prop9d. Let $A$, $B$ and $C$ be sets. Then $(B \setminus A)\cap C$ and the difference of $B \cap C$ and the intersection of $A$ and $C$ are equal and $(B \cap C)\setminus (A \cap C)$ and the difference of the intersection of $B$ and $C$ and $A$ are equal.

Prop9d. Let $A$, $B$ and $C$ be sets. Then $(B \setminus A)\cap C$ and $(B \cap C)\setminus (A \cap C)$ are equal and the difference of the intersection of $B$ and $C$ and the intersection of $A$ and $C$ and the difference of $B \cap C$ and $A$ are equal.

Prop9d. Let $A$, $B$ and $C$ be sets. Then $(B \setminus A)\cap C$ and $(B \cap C)\setminus (A \cap C)$ are equal and the difference of the intersection of $B$ and $C$ and $A \cap C$ and the difference of the intersection of $B$ and $C$ and $A$ are equal.

Prop9d. Let $A$, $B$ and $C$ be sets. Then $(B \setminus A)\cap C$ and $(B \cap C)\setminus (A \cap C)$ are equal and the difference of $B \cap C$ and the intersection of $A$ and $C$ and the difference of the intersection of $B$ and $C$ and $A$ are equal.

Prop9d. Let $A$, $B$ and $C$ be sets. Then the intersection of the difference of $B$ and $A$ and $C$ is equal to the difference of $B \cap C$ and $A \cap C$ and the difference of $B \cap C$ and $A \cap C$ and the difference of $B \cap C$ and $A$ are equal.

Prop9d. Let $A$, $B$ and $C$ be sets. Then the intersection of the difference of $B$ and $A$ and $C$ and the difference of $B \cap C$ and $A \cap C$ are equal and the difference of $B \cap C$ and $A \cap C$ is equal to the difference of $B \cap C$ and $A$.

Prop9d. Let $A$, $B$ and $C$ be sets. Then the intersection of the difference of $B$ and $A$ and $C$ is equal to $(B \cap C)\setminus (A \cap C)$ and $(B \cap C)\setminus (A \cap C)$ and the difference of the intersection of $B$ and $C$ and $A$ are equal.

Prop9d. Let $A$, $B$ and $C$ be sets. Then the intersection of the difference of $B$ and $A$ and $C$ and $(B \cap C)\setminus (A \cap C)$ are equal and $(B \cap C)\setminus (A \cap C)$ is equal to the difference of the intersection of $B$ and $C$ and $A$.

Prop9d. Let $A$, $B$ and $C$ be sets. Then the intersection of $B \setminus A$ and $C$ is equal to the difference of the intersection of $B$ and $C$ and the intersection of $A$ and $C$ and $(B \cap C)\setminus (A \cap C)$ is equal to $(B \cap C)\setminus A$.

Prop9d. Let $A$, $B$ and $C$ be sets. Then the intersection of $B \setminus A$ and $C$ is equal to $(B \cap C)\setminus (A \cap C)$ and the difference of the intersection of $B$ and $C$ and the intersection of $A$ and $C$ is equal to $(B \cap C)\setminus A$.

Prop9d. Let $A$, $B$ and $C$ be sets. Then the intersection of $B \setminus A$ and $C$ is equal to the difference of the intersection of $B$ and $C$ and the intersection of $A$ and $C$ and $(B \cap C)\setminus (A \cap C)$ and $(B \cap C)\setminus A$ are equal.

Prop9d. Let $A$, $B$ and $C$ be sets. Then the intersection of $B \setminus A$ and $C$ is equal to $(B \cap C)\setminus (A \cap C)$ and the difference of the intersection of $B$ and $C$ and the intersection of $A$ and $C$ and $(B \cap C)\setminus A$ are equal.

Prop9d. Let $A$, $B$ and $C$ be sets. Then the intersection of $B \setminus A$ and $C$ and the difference of the intersection of $B$ and $C$ and the intersection of $A$ and $C$ are equal and $(B \cap C)\setminus (A \cap C)$ is equal to $(B \cap C)\setminus A$.

Prop9d. Let $A$, $B$ and $C$ be sets. Then the intersection of $B \setminus A$ and $C$ and $(B \cap C)\setminus (A \cap C)$ are equal and the difference of the intersection of $B$ and $C$ and the intersection of $A$ and $C$ is equal to $(B \cap C)\setminus A$.

Prop9d. Let $A$, $B$ and $C$ be sets. Then the intersection of $B \setminus A$ and $C$ is equal to the difference of the intersection of $B$ and $C$ and $A \cap C$ and the difference of $B \cap C$ and $A \cap C$ is equal to the difference of $B \cap C$ and $A$.

Prop9d. Let $A$, $B$ and $C$ be sets. Then the intersection of $B \setminus A$ and $C$ is equal to the difference of $B \cap C$ and the intersection of $A$ and $C$ and the difference of $B \cap C$ and $A \cap C$ is equal to the difference of $B \cap C$ and $A$.

Prop9d. Let $A$, $B$ and $C$ be sets. Then the intersection of $B \setminus A$ and $C$ is equal to the difference of $B \cap C$ and $A \cap C$ and the difference of the intersection of $B$ and $C$ and $A \cap C$ is equal to the difference of $B \cap C$ and $A$.

Prop9d. Let $A$, $B$ and $C$ be sets. Then the intersection of $B \setminus A$ and $C$ is equal to the difference of $B \cap C$ and $A \cap C$ and the difference of $B \cap C$ and the intersection of $A$ and $C$ is equal to the difference of $B \cap C$ and $A$.

Prop9d. Let $A$, $B$ and $C$ be sets. Then the intersection of $B \setminus A$ and $C$ is equal to the difference of $B \cap C$ and $A \cap C$ and the difference of $B \cap C$ and $A \cap C$ is equal to the difference of the intersection of $B$ and $C$ and $A$.

Prop9d. Let $A$, $B$ and $C$ be sets. Then the intersection of the difference of $B$ and $A$ and $C$ is equal to the difference of the intersection of $B$ and $C$ and the intersection of $A$ and $C$ and $(B \cap C)\setminus (A \cap C)= (B \cap C)\setminus A$.

Prop9d. Let $A$, $B$ and $C$ be sets. Then the intersection of $B \setminus A$ and $C$ and the difference of the intersection of $B$ and $C$ and the intersection of $A$ and $C$ are equal and $(B \cap C)\setminus (A \cap C)$ and $(B \cap C)\setminus A$ are equal.

Prop9d. Let $A$, $B$ and $C$ be sets. Then the intersection of $B \setminus A$ and $C$ and $(B \cap C)\setminus (A \cap C)$ are equal and the difference of the intersection of $B$ and $C$ and the intersection of $A$ and $C$ and $(B \cap C)\setminus A$ are equal.

Prop9d. Let $A$, $B$ and $C$ be sets. Then the intersection of $B \setminus A$ and $C$ is equal to the difference of the intersection of $B$ and $C$ and $A \cap C$ and the difference of $B \cap C$ and $A \cap C$ and the difference of $B \cap C$ and $A$ are equal.

Prop9d. Let $A$, $B$ and $C$ be sets. Then the intersection of $B \setminus A$ and $C$ is equal to the difference of $B \cap C$ and the intersection of $A$ and $C$ and the difference of $B \cap C$ and $A \cap C$ and the difference of $B \cap C$ and $A$ are equal.

Prop9d. Let $A$, $B$ and $C$ be sets. Then the intersection of $B \setminus A$ and $C$ is equal to the difference of $B \cap C$ and $A \cap C$ and the difference of the intersection of $B$ and $C$ and $A \cap C$ and the difference of $B \cap C$ and $A$ are equal.

Prop9d. Let $A$, $B$ and $C$ be sets. Then the intersection of $B \setminus A$ and $C$ is equal to the difference of $B \cap C$ and $A \cap C$ and the difference of $B \cap C$ and the intersection of $A$ and $C$ and the difference of $B \cap C$ and $A$ are equal.

Prop9d. Let $A$, $B$ and $C$ be sets. Then the intersection of $B \setminus A$ and $C$ is equal to the difference of $B \cap C$ and $A \cap C$ and the difference of $B \cap C$ and $A \cap C$ and the difference of the intersection of $B$ and $C$ and $A$ are equal.

Prop9d. Let $A$, $B$ and $C$ be sets. Then the intersection of $B \setminus A$ and $C$ and the difference of the intersection of $B$ and $C$ and $A \cap C$ are equal and the difference of $B \cap C$ and $A \cap C$ is equal to the difference of $B \cap C$ and $A$.

Prop9d. Let $A$, $B$ and $C$ be sets. Then the intersection of $B \setminus A$ and $C$ and the difference of $B \cap C$ and the intersection of $A$ and $C$ are equal and the difference of $B \cap C$ and $A \cap C$ is equal to the difference of $B \cap C$ and $A$.

Prop9d. Let $A$, $B$ and $C$ be sets. Then the intersection of $B \setminus A$ and $C$ and the difference of $B \cap C$ and $A \cap C$ are equal and the difference of the intersection of $B$ and $C$ and $A \cap C$ is equal to the difference of $B \cap C$ and $A$.

Prop9d. Let $A$, $B$ and $C$ be sets. Then the intersection of $B \setminus A$ and $C$ and the difference of $B \cap C$ and $A \cap C$ are equal and the difference of $B \cap C$ and the intersection of $A$ and $C$ is equal to the difference of $B \cap C$ and $A$.

Prop9d. Let $A$, $B$ and $C$ be sets. Then the intersection of $B \setminus A$ and $C$ and the difference of $B \cap C$ and $A \cap C$ are equal and the difference of $B \cap C$ and $A \cap C$ is equal to the difference of the intersection of $B$ and $C$ and $A$.

Prop9d. Let $A$, $B$ and $C$ be sets. Then $(B \setminus A)\cap C = (B \cap C)\setminus (A \cap C)$ and the difference of the intersection of $B$ and $C$ and the intersection of $A$ and $C$ is equal to the difference of the intersection of $B$ and $C$ and $A$.

Prop9d. Let $A$, $B$ and $C$ be sets. Then the intersection of the difference of $B$ and $A$ and $C$ is equal to the difference of the intersection of $B$ and $C$ and $A \cap C$ and the difference of $B \cap C$ and $A \cap C$ is equal to $(B \cap C)\setminus A$.

Prop9d. Let $A$, $B$ and $C$ be sets. Then the intersection of the difference of $B$ and $A$ and $C$ is equal to the difference of $B \cap C$ and the intersection of $A$ and $C$ and the difference of $B \cap C$ and $A \cap C$ is equal to $(B \cap C)\setminus A$.

Prop9d. Let $A$, $B$ and $C$ be sets. Then the intersection of the difference of $B$ and $A$ and $C$ is equal to the difference of $B \cap C$ and $A \cap C$ and the difference of the intersection of $B$ and $C$ and $A \cap C$ is equal to $(B \cap C)\setminus A$.

Prop9d. Let $A$, $B$ and $C$ be sets. Then the intersection of the difference of $B$ and $A$ and $C$ is equal to the difference of $B \cap C$ and $A \cap C$ and the difference of $B \cap C$ and the intersection of $A$ and $C$ is equal to $(B \cap C)\setminus A$.

Prop9d. Let $A$, $B$ and $C$ be sets. Then $(B \setminus A)\cap C$ is equal to the difference of the intersection of $B$ and $C$ and the intersection of $A$ and $C$ and the difference of $B \cap C$ and $A \cap C$ is equal to the difference of $B \cap C$ and $A$.

Prop9d. Let $A$, $B$ and $C$ be sets. Then $(B \setminus A)\cap C$ is equal to the difference of the intersection of $B$ and $C$ and $A \cap C$ and the difference of the intersection of $B$ and $C$ and $A \cap C$ is equal to the difference of $B \cap C$ and $A$.

Prop9d. Let $A$, $B$ and $C$ be sets. Then $(B \setminus A)\cap C$ is equal to the difference of the intersection of $B$ and $C$ and $A \cap C$ and the difference of $B \cap C$ and the intersection of $A$ and $C$ is equal to the difference of $B \cap C$ and $A$.

Prop9d. Let $A$, $B$ and $C$ be sets. Then $(B \setminus A)\cap C$ is equal to the difference of the intersection of $B$ and $C$ and $A \cap C$ and the difference of $B \cap C$ and $A \cap C$ is equal to the difference of the intersection of $B$ and $C$ and $A$.

Prop9d. Let $A$, $B$ and $C$ be sets. Then $(B \setminus A)\cap C$ is equal to the difference of $B \cap C$ and the intersection of $A$ and $C$ and the difference of the intersection of $B$ and $C$ and $A \cap C$ is equal to the difference of $B \cap C$ and $A$.

Prop9d. Let $A$, $B$ and $C$ be sets. Then $(B \setminus A)\cap C$ is equal to the difference of $B \cap C$ and the intersection of $A$ and $C$ and the difference of $B \cap C$ and the intersection of $A$ and $C$ is equal to the difference of $B \cap C$ and $A$.

Prop9d. Let $A$, $B$ and $C$ be sets. Then $(B \setminus A)\cap C$ is equal to the difference of $B \cap C$ and the intersection of $A$ and $C$ and the difference of $B \cap C$ and $A \cap C$ is equal to the difference of the intersection of $B$ and $C$ and $A$.

Prop9d. Let $A$, $B$ and $C$ be sets. Then $(B \setminus A)\cap C$ is equal to the difference of $B \cap C$ and $A \cap C$ and the difference of the intersection of $B$ and $C$ and the intersection of $A$ and $C$ is equal to the difference of $B \cap C$ and $A$.

Prop9d. Let $A$, $B$ and $C$ be sets. Then $(B \setminus A)\cap C$ is equal to the difference of $B \cap C$ and $A \cap C$ and the difference of the intersection of $B$ and $C$ and $A \cap C$ is equal to the difference of the intersection of $B$ and $C$ and $A$.

Prop9d. Let $A$, $B$ and $C$ be sets. Then $(B \setminus A)\cap C$ is equal to the difference of $B \cap C$ and $A \cap C$ and the difference of $B \cap C$ and the intersection of $A$ and $C$ is equal to the difference of the intersection of $B$ and $C$ and $A$.

Prop9d. Let $A$, $B$ and $C$ be sets. Then the intersection of the difference of $B$ and $A$ and $C$ and the difference of the intersection of $B$ and $C$ and the intersection of $A$ and $C$ are equal and $(B \cap C)\setminus (A \cap C)= (B \cap C)\setminus A$.

Prop9d. Let $A$, $B$ and $C$ be sets. Then the intersection of $B \setminus A$ and $C$ and the difference of the intersection of $B$ and $C$ and $A \cap C$ are equal and the difference of $B \cap C$ and $A \cap C$ and the difference of $B \cap C$ and $A$ are equal.

Prop9d. Let $A$, $B$ and $C$ be sets. Then the intersection of $B \setminus A$ and $C$ and the difference of $B \cap C$ and the intersection of $A$ and $C$ are equal and the difference of $B \cap C$ and $A \cap C$ and the difference of $B \cap C$ and $A$ are equal.

Prop9d. Let $A$, $B$ and $C$ be sets. Then the intersection of $B \setminus A$ and $C$ and the difference of $B \cap C$ and $A \cap C$ are equal and the difference of the intersection of $B$ and $C$ and $A \cap C$ and the difference of $B \cap C$ and $A$ are equal.

Prop9d. Let $A$, $B$ and $C$ be sets. Then the intersection of $B \setminus A$ and $C$ and the difference of $B \cap C$ and $A \cap C$ are equal and the difference of $B \cap C$ and the intersection of $A$ and $C$ and the difference of $B \cap C$ and $A$ are equal.

Prop9d. Let $A$, $B$ and $C$ be sets. Then $(B \setminus A)\cap C = (B \cap C)\setminus (A \cap C)$ and the difference of the intersection of $B$ and $C$ and the intersection of $A$ and $C$ and the difference of the intersection of $B$ and $C$ and $A$ are equal.

Prop9d. Let $A$, $B$ and $C$ be sets. Then the intersection of the difference of $B$ and $A$ and $C$ is equal to the difference of the intersection of $B$ and $C$ and $A \cap C$ and the difference of $B \cap C$ and $A \cap C$ and $(B \cap C)\setminus A$ are equal.

Prop9d. Let $A$, $B$ and $C$ be sets. Then the intersection of the difference of $B$ and $A$ and $C$ is equal to the difference of $B \cap C$ and the intersection of $A$ and $C$ and the difference of $B \cap C$ and $A \cap C$ and $(B \cap C)\setminus A$ are equal.

Prop9d. Let $A$, $B$ and $C$ be sets. Then the intersection of the difference of $B$ and $A$ and $C$ is equal to the difference of $B \cap C$ and $A \cap C$ and the difference of the intersection of $B$ and $C$ and $A \cap C$ and $(B \cap C)\setminus A$ are equal.

Prop9d. Let $A$, $B$ and $C$ be sets. Then the intersection of the difference of $B$ and $A$ and $C$ is equal to the difference of $B \cap C$ and $A \cap C$ and the difference of $B \cap C$ and the intersection of $A$ and $C$ and $(B \cap C)\setminus A$ are equal.

Prop9d. Let $A$, $B$ and $C$ be sets. Then $(B \setminus A)\cap C$ is equal to the difference of the intersection of $B$ and $C$ and the intersection of $A$ and $C$ and the difference of $B \cap C$ and $A \cap C$ and the difference of $B \cap C$ and $A$ are equal.

Prop9d. Let $A$, $B$ and $C$ be sets. Then $(B \setminus A)\cap C$ is equal to the difference of the intersection of $B$ and $C$ and $A \cap C$ and the difference of the intersection of $B$ and $C$ and $A \cap C$ and the difference of $B \cap C$ and $A$ are equal.

Prop9d. Let $A$, $B$ and $C$ be sets. Then $(B \setminus A)\cap C$ is equal to the difference of the intersection of $B$ and $C$ and $A \cap C$ and the difference of $B \cap C$ and the intersection of $A$ and $C$ and the difference of $B \cap C$ and $A$ are equal.

Prop9d. Let $A$, $B$ and $C$ be sets. Then $(B \setminus A)\cap C$ is equal to the difference of the intersection of $B$ and $C$ and $A \cap C$ and the difference of $B \cap C$ and $A \cap C$ and the difference of the intersection of $B$ and $C$ and $A$ are equal.

Prop9d. Let $A$, $B$ and $C$ be sets. Then $(B \setminus A)\cap C$ is equal to the difference of $B \cap C$ and the intersection of $A$ and $C$ and the difference of the intersection of $B$ and $C$ and $A \cap C$ and the difference of $B \cap C$ and $A$ are equal.

Prop9d. Let $A$, $B$ and $C$ be sets. Then $(B \setminus A)\cap C$ is equal to the difference of $B \cap C$ and the intersection of $A$ and $C$ and the difference of $B \cap C$ and the intersection of $A$ and $C$ and the difference of $B \cap C$ and $A$ are equal.

Prop9d. Let $A$, $B$ and $C$ be sets. Then $(B \setminus A)\cap C$ is equal to the difference of $B \cap C$ and the intersection of $A$ and $C$ and the difference of $B \cap C$ and $A \cap C$ and the difference of the intersection of $B$ and $C$ and $A$ are equal.

Prop9d. Let $A$, $B$ and $C$ be sets. Then $(B \setminus A)\cap C$ is equal to the difference of $B \cap C$ and $A \cap C$ and the difference of the intersection of $B$ and $C$ and the intersection of $A$ and $C$ and the difference of $B \cap C$ and $A$ are equal.

Prop9d. Let $A$, $B$ and $C$ be sets. Then $(B \setminus A)\cap C$ is equal to the difference of $B \cap C$ and $A \cap C$ and the difference of the intersection of $B$ and $C$ and $A \cap C$ and the difference of the intersection of $B$ and $C$ and $A$ are equal.

Prop9d. Let $A$, $B$ and $C$ be sets. Then $(B \setminus A)\cap C$ is equal to the difference of $B \cap C$ and $A \cap C$ and the difference of $B \cap C$ and the intersection of $A$ and $C$ and the difference of the intersection of $B$ and $C$ and $A$ are equal.

Prop9d. Let $A$, $B$ and $C$ be sets. Then the intersection of the difference of $B$ and $A$ and $C$ and the difference of the intersection of $B$ and $C$ and $A \cap C$ are equal and the difference of $B \cap C$ and $A \cap C$ is equal to $(B \cap C)\setminus A$.

Prop9d. Let $A$, $B$ and $C$ be sets. Then the intersection of the difference of $B$ and $A$ and $C$ and the difference of $B \cap C$ and the intersection of $A$ and $C$ are equal and the difference of $B \cap C$ and $A \cap C$ is equal to $(B \cap C)\setminus A$.

Prop9d. Let $A$, $B$ and $C$ be sets. Then the intersection of the difference of $B$ and $A$ and $C$ and the difference of $B \cap C$ and $A \cap C$ are equal and the difference of the intersection of $B$ and $C$ and $A \cap C$ is equal to $(B \cap C)\setminus A$.

Prop9d. Let $A$, $B$ and $C$ be sets. Then the intersection of the difference of $B$ and $A$ and $C$ and the difference of $B \cap C$ and $A \cap C$ are equal and the difference of $B \cap C$ and the intersection of $A$ and $C$ is equal to $(B \cap C)\setminus A$.

Prop9d. Let $A$, $B$ and $C$ be sets. Then $(B \setminus A)\cap C$ and the difference of the intersection of $B$ and $C$ and the intersection of $A$ and $C$ are equal and the difference of $B \cap C$ and $A \cap C$ is equal to the difference of $B \cap C$ and $A$.

Prop9d. Let $A$, $B$ and $C$ be sets. Then $(B \setminus A)\cap C$ and the difference of the intersection of $B$ and $C$ and $A \cap C$ are equal and the difference of the intersection of $B$ and $C$ and $A \cap C$ is equal to the difference of $B \cap C$ and $A$.

Prop9d. Let $A$, $B$ and $C$ be sets. Then $(B \setminus A)\cap C$ and the difference of the intersection of $B$ and $C$ and $A \cap C$ are equal and the difference of $B \cap C$ and the intersection of $A$ and $C$ is equal to the difference of $B \cap C$ and $A$.

Prop9d. Let $A$, $B$ and $C$ be sets. Then $(B \setminus A)\cap C$ and the difference of the intersection of $B$ and $C$ and $A \cap C$ are equal and the difference of $B \cap C$ and $A \cap C$ is equal to the difference of the intersection of $B$ and $C$ and $A$.

Prop9d. Let $A$, $B$ and $C$ be sets. Then $(B \setminus A)\cap C$ and the difference of $B \cap C$ and the intersection of $A$ and $C$ are equal and the difference of the intersection of $B$ and $C$ and $A \cap C$ is equal to the difference of $B \cap C$ and $A$.

Prop9d. Let $A$, $B$ and $C$ be sets. Then $(B \setminus A)\cap C$ and the difference of $B \cap C$ and the intersection of $A$ and $C$ are equal and the difference of $B \cap C$ and the intersection of $A$ and $C$ is equal to the difference of $B \cap C$ and $A$.

Prop9d. Let $A$, $B$ and $C$ be sets. Then $(B \setminus A)\cap C$ and the difference of $B \cap C$ and the intersection of $A$ and $C$ are equal and the difference of $B \cap C$ and $A \cap C$ is equal to the difference of the intersection of $B$ and $C$ and $A$.

Prop9d. Let $A$, $B$ and $C$ be sets. Then $(B \setminus A)\cap C$ and the difference of $B \cap C$ and $A \cap C$ are equal and the difference of the intersection of $B$ and $C$ and the intersection of $A$ and $C$ is equal to the difference of $B \cap C$ and $A$.

Prop9d. Let $A$, $B$ and $C$ be sets. Then $(B \setminus A)\cap C$ and the difference of $B \cap C$ and $A \cap C$ are equal and the difference of the intersection of $B$ and $C$ and $A \cap C$ is equal to the difference of the intersection of $B$ and $C$ and $A$.

Prop9d. Let $A$, $B$ and $C$ be sets. Then $(B \setminus A)\cap C$ and the difference of $B \cap C$ and $A \cap C$ are equal and the difference of $B \cap C$ and the intersection of $A$ and $C$ is equal to the difference of the intersection of $B$ and $C$ and $A$.

Prop9d. Let $A$, $B$ and $C$ be sets. Then the intersection of the difference of $B$ and $A$ and $C$ is equal to the difference of the intersection of $B$ and $C$ and $A \cap C$ and $(B \cap C)\setminus (A \cap C)$ is equal to the difference of $B \cap C$ and $A$.

Prop9d. Let $A$, $B$ and $C$ be sets. Then the intersection of the difference of $B$ and $A$ and $C$ is equal to the difference of $B \cap C$ and the intersection of $A$ and $C$ and $(B \cap C)\setminus (A \cap C)$ is equal to the difference of $B \cap C$ and $A$.

Prop9d. Let $A$, $B$ and $C$ be sets. Then the intersection of the difference of $B$ and $A$ and $C$ is equal to the difference of $B \cap C$ and $A \cap C$ and $(B \cap C)\setminus (A \cap C)$ is equal to the difference of the intersection of $B$ and $C$ and $A$.

Prop9d. Let $A$, $B$ and $C$ be sets. Then the intersection of the difference of $B$ and $A$ and $C$ is equal to $(B \cap C)\setminus (A \cap C)$ and the difference of the intersection of $B$ and $C$ and $A \cap C$ is equal to the difference of $B \cap C$ and $A$.

Prop9d. Let $A$, $B$ and $C$ be sets. Then the intersection of the difference of $B$ and $A$ and $C$ is equal to $(B \cap C)\setminus (A \cap C)$ and the difference of $B \cap C$ and the intersection of $A$ and $C$ is equal to the difference of $B \cap C$ and $A$.

Prop9d. Let $A$, $B$ and $C$ be sets. Then the intersection of the difference of $B$ and $A$ and $C$ is equal to $(B \cap C)\setminus (A \cap C)$ and the difference of $B \cap C$ and $A \cap C$ is equal to the difference of the intersection of $B$ and $C$ and $A$.

Prop9d. Let $A$, $B$ and $C$ be sets. Then the intersection of the difference of $B$ and $A$ and $C$ and the difference of the intersection of $B$ and $C$ and $A \cap C$ are equal and the difference of $B \cap C$ and $A \cap C$ and $(B \cap C)\setminus A$ are equal.

Prop9d. Let $A$, $B$ and $C$ be sets. Then the intersection of the difference of $B$ and $A$ and $C$ and the difference of $B \cap C$ and the intersection of $A$ and $C$ are equal and the difference of $B \cap C$ and $A \cap C$ and $(B \cap C)\setminus A$ are equal.

Prop9d. Let $A$, $B$ and $C$ be sets. Then the intersection of the difference of $B$ and $A$ and $C$ and the difference of $B \cap C$ and $A \cap C$ are equal and the difference of the intersection of $B$ and $C$ and $A \cap C$ and $(B \cap C)\setminus A$ are equal.

Prop9d. Let $A$, $B$ and $C$ be sets. Then the intersection of the difference of $B$ and $A$ and $C$ and the difference of $B \cap C$ and $A \cap C$ are equal and the difference of $B \cap C$ and the intersection of $A$ and $C$ and $(B \cap C)\setminus A$ are equal.

Prop9d. Let $A$, $B$ and $C$ be sets. Then $(B \setminus A)\cap C$ and the difference of the intersection of $B$ and $C$ and the intersection of $A$ and $C$ are equal and the difference of $B \cap C$ and $A \cap C$ and the difference of $B \cap C$ and $A$ are equal.

Prop9d. Let $A$, $B$ and $C$ be sets. Then $(B \setminus A)\cap C$ and the difference of the intersection of $B$ and $C$ and $A \cap C$ are equal and the difference of $B \cap C$ and the intersection of $A$ and $C$ and the difference of $B \cap C$ and $A$ are equal.

Prop9d. Let $A$, $B$ and $C$ be sets. Then $(B \setminus A)\cap C$ and the difference of the intersection of $B$ and $C$ and $A \cap C$ are equal and the difference of $B \cap C$ and $A \cap C$ and the difference of the intersection of $B$ and $C$ and $A$ are equal.

Prop9d. Let $A$, $B$ and $C$ be sets. Then $(B \setminus A)\cap C$ and the difference of $B \cap C$ and the intersection of $A$ and $C$ are equal and the difference of the intersection of $B$ and $C$ and $A \cap C$ and the difference of $B \cap C$ and $A$ are equal.

Prop9d. Let $A$, $B$ and $C$ be sets. Then $(B \setminus A)\cap C$ and the difference of $B \cap C$ and the intersection of $A$ and $C$ are equal and the difference of $B \cap C$ and $A \cap C$ and the difference of the intersection of $B$ and $C$ and $A$ are equal.

Prop9d. Let $A$, $B$ and $C$ be sets. Then $(B \setminus A)\cap C$ and the difference of $B \cap C$ and $A \cap C$ are equal and the difference of the intersection of $B$ and $C$ and the intersection of $A$ and $C$ and the difference of $B \cap C$ and $A$ are equal.

Prop9d. Let $A$, $B$ and $C$ be sets. Then $(B \setminus A)\cap C$ and the difference of $B \cap C$ and $A \cap C$ are equal and the difference of the intersection of $B$ and $C$ and $A \cap C$ and the difference of the intersection of $B$ and $C$ and $A$ are equal.

Prop9d. Let $A$, $B$ and $C$ be sets. Then $(B \setminus A)\cap C$ and the difference of $B \cap C$ and $A \cap C$ are equal and the difference of $B \cap C$ and the intersection of $A$ and $C$ and the difference of the intersection of $B$ and $C$ and $A$ are equal.

Prop9d. Let $A$, $B$ and $C$ be sets. Then the intersection of the difference of $B$ and $A$ and $C$ is equal to the difference of the intersection of $B$ and $C$ and $A \cap C$ and $(B \cap C)\setminus (A \cap C)$ and the difference of $B \cap C$ and $A$ are equal.

Prop9d. Let $A$, $B$ and $C$ be sets. Then the intersection of the difference of $B$ and $A$ and $C$ is equal to the difference of $B \cap C$ and the intersection of $A$ and $C$ and $(B \cap C)\setminus (A \cap C)$ and the difference of $B \cap C$ and $A$ are equal.

Prop9d. Let $A$, $B$ and $C$ be sets. Then the intersection of the difference of $B$ and $A$ and $C$ is equal to the difference of $B \cap C$ and $A \cap C$ and $(B \cap C)\setminus (A \cap C)$ and the difference of the intersection of $B$ and $C$ and $A$ are equal.

Prop9d. Let $A$, $B$ and $C$ be sets. Then the intersection of the difference of $B$ and $A$ and $C$ is equal to $(B \cap C)\setminus (A \cap C)$ and the difference of the intersection of $B$ and $C$ and $A \cap C$ and the difference of $B \cap C$ and $A$ are equal.

Prop9d. Let $A$, $B$ and $C$ be sets. Then the intersection of the difference of $B$ and $A$ and $C$ is equal to $(B \cap C)\setminus (A \cap C)$ and the difference of $B \cap C$ and the intersection of $A$ and $C$ and the difference of $B \cap C$ and $A$ are equal.

Prop9d. Let $A$, $B$ and $C$ be sets. Then the intersection of the difference of $B$ and $A$ and $C$ is equal to $(B \cap C)\setminus (A \cap C)$ and the difference of $B \cap C$ and $A \cap C$ and the difference of the intersection of $B$ and $C$ and $A$ are equal.

Prop9d. Let $A$, $B$ and $C$ be sets. Then the intersection of the difference of $B$ and $A$ and $C$ and the difference of the intersection of $B$ and $C$ and $A \cap C$ are equal and $(B \cap C)\setminus (A \cap C)$ is equal to the difference of $B \cap C$ and $A$.

Prop9d. Let $A$, $B$ and $C$ be sets. Then the intersection of the difference of $B$ and $A$ and $C$ and the difference of $B \cap C$ and the intersection of $A$ and $C$ are equal and $(B \cap C)\setminus (A \cap C)$ is equal to the difference of $B \cap C$ and $A$.

Prop9d. Let $A$, $B$ and $C$ be sets. Then the intersection of the difference of $B$ and $A$ and $C$ and the difference of $B \cap C$ and $A \cap C$ are equal and $(B \cap C)\setminus (A \cap C)$ is equal to the difference of the intersection of $B$ and $C$ and $A$.

Prop9d. Let $A$, $B$ and $C$ be sets. Then the intersection of the difference of $B$ and $A$ and $C$ and $(B \cap C)\setminus (A \cap C)$ are equal and the difference of the intersection of $B$ and $C$ and $A \cap C$ is equal to the difference of $B \cap C$ and $A$.

Prop9d. Let $A$, $B$ and $C$ be sets. Then the intersection of the difference of $B$ and $A$ and $C$ and $(B \cap C)\setminus (A \cap C)$ are equal and the difference of $B \cap C$ and the intersection of $A$ and $C$ is equal to the difference of $B \cap C$ and $A$.

Prop9d. Let $A$, $B$ and $C$ be sets. Then the intersection of the difference of $B$ and $A$ and $C$ and $(B \cap C)\setminus (A \cap C)$ are equal and the difference of $B \cap C$ and $A \cap C$ is equal to the difference of the intersection of $B$ and $C$ and $A$.

Prop9d. Let $A$, $B$ and $C$ be sets. Then the intersection of $B \setminus A$ and $C$ is equal to the difference of the intersection of $B$ and $C$ and the intersection of $A$ and $C$ and the difference of $B \cap C$ and $A \cap C$ is equal to $(B \cap C)\setminus A$.

Prop9d. Let $A$, $B$ and $C$ be sets. Then the intersection of $B \setminus A$ and $C$ is equal to the difference of the intersection of $B$ and $C$ and $A \cap C$ and the difference of the intersection of $B$ and $C$ and $A \cap C$ is equal to $(B \cap C)\setminus A$.

Prop9d. Let $A$, $B$ and $C$ be sets. Then the intersection of $B \setminus A$ and $C$ is equal to the difference of the intersection of $B$ and $C$ and $A \cap C$ and the difference of $B \cap C$ and the intersection of $A$ and $C$ is equal to $(B \cap C)\setminus A$.

Prop9d. Let $A$, $B$ and $C$ be sets. Then the intersection of $B \setminus A$ and $C$ is equal to the difference of $B \cap C$ and the intersection of $A$ and $C$ and the difference of the intersection of $B$ and $C$ and $A \cap C$ is equal to $(B \cap C)\setminus A$.

Prop9d. Let $A$, $B$ and $C$ be sets. Then the intersection of $B \setminus A$ and $C$ is equal to the difference of $B \cap C$ and the intersection of $A$ and $C$ and the difference of $B \cap C$ and the intersection of $A$ and $C$ is equal to $(B \cap C)\setminus A$.

Prop9d. Let $A$, $B$ and $C$ be sets. Then the intersection of $B \setminus A$ and $C$ is equal to the difference of $B \cap C$ and $A \cap C$ and the difference of the intersection of $B$ and $C$ and the intersection of $A$ and $C$ is equal to $(B \cap C)\setminus A$.

Prop9d. Let $A$, $B$ and $C$ be sets. Then the intersection of the difference of $B$ and $A$ and $C$ and the difference of the intersection of $B$ and $C$ and $A \cap C$ are equal and $(B \cap C)\setminus (A \cap C)$ and the difference of $B \cap C$ and $A$ are equal.

Prop9d. Let $A$, $B$ and $C$ be sets. Then the intersection of the difference of $B$ and $A$ and $C$ and the difference of $B \cap C$ and the intersection of $A$ and $C$ are equal and $(B \cap C)\setminus (A \cap C)$ and the difference of $B \cap C$ and $A$ are equal.

Prop9d. Let $A$, $B$ and $C$ be sets. Then the intersection of the difference of $B$ and $A$ and $C$ and the difference of $B \cap C$ and $A \cap C$ are equal and $(B \cap C)\setminus (A \cap C)$ and the difference of the intersection of $B$ and $C$ and $A$ are equal.

Prop9d. Let $A$, $B$ and $C$ be sets. Then the intersection of the difference of $B$ and $A$ and $C$ and $(B \cap C)\setminus (A \cap C)$ are equal and the difference of the intersection of $B$ and $C$ and $A \cap C$ and the difference of $B \cap C$ and $A$ are equal.

Prop9d. Let $A$, $B$ and $C$ be sets. Then the intersection of the difference of $B$ and $A$ and $C$ and $(B \cap C)\setminus (A \cap C)$ are equal and the difference of $B \cap C$ and the intersection of $A$ and $C$ and the difference of $B \cap C$ and $A$ are equal.

Prop9d. Let $A$, $B$ and $C$ be sets. Then the intersection of the difference of $B$ and $A$ and $C$ and $(B \cap C)\setminus (A \cap C)$ are equal and the difference of $B \cap C$ and $A \cap C$ and the difference of the intersection of $B$ and $C$ and $A$ are equal.

Prop9d. Let $A$, $B$ and $C$ be sets. Then the intersection of $B \setminus A$ and $C$ is equal to the difference of the intersection of $B$ and $C$ and the intersection of $A$ and $C$ and the difference of $B \cap C$ and $A \cap C$ and $(B \cap C)\setminus A$ are equal.

Prop9d. Let $A$, $B$ and $C$ be sets. Then the intersection of $B \setminus A$ and $C$ is equal to the difference of the intersection of $B$ and $C$ and $A \cap C$ and the difference of the intersection of $B$ and $C$ and $A \cap C$ and $(B \cap C)\setminus A$ are equal.

Prop9d. Let $A$, $B$ and $C$ be sets. Then the intersection of $B \setminus A$ and $C$ is equal to the difference of the intersection of $B$ and $C$ and $A \cap C$ and the difference of $B \cap C$ and the intersection of $A$ and $C$ and $(B \cap C)\setminus A$ are equal.

Prop9d. Let $A$, $B$ and $C$ be sets. Then the intersection of $B \setminus A$ and $C$ is equal to the difference of $B \cap C$ and the intersection of $A$ and $C$ and the difference of the intersection of $B$ and $C$ and $A \cap C$ and $(B \cap C)\setminus A$ are equal.

Prop9d. Let $A$, $B$ and $C$ be sets. Then the intersection of $B \setminus A$ and $C$ is equal to the difference of $B \cap C$ and the intersection of $A$ and $C$ and the difference of $B \cap C$ and the intersection of $A$ and $C$ and $(B \cap C)\setminus A$ are equal.

Prop9d. Let $A$, $B$ and $C$ be sets. Then the intersection of $B \setminus A$ and $C$ is equal to the difference of $B \cap C$ and $A \cap C$ and the difference of the intersection of $B$ and $C$ and the intersection of $A$ and $C$ and $(B \cap C)\setminus A$ are equal.

Prop9d. Let $A$, $B$ and $C$ be sets. Then the intersection of $B \setminus A$ and $C$ and the difference of the intersection of $B$ and $C$ and the intersection of $A$ and $C$ are equal and the difference of $B \cap C$ and $A \cap C$ is equal to $(B \cap C)\setminus A$.

Prop9d. Let $A$, $B$ and $C$ be sets. Then the intersection of $B \setminus A$ and $C$ and the difference of the intersection of $B$ and $C$ and $A \cap C$ are equal and the difference of the intersection of $B$ and $C$ and $A \cap C$ is equal to $(B \cap C)\setminus A$.

Prop9d. Let $A$, $B$ and $C$ be sets. Then the intersection of $B \setminus A$ and $C$ and the difference of the intersection of $B$ and $C$ and $A \cap C$ are equal and the difference of $B \cap C$ and the intersection of $A$ and $C$ is equal to $(B \cap C)\setminus A$.

Prop9d. Let $A$, $B$ and $C$ be sets. Then the intersection of $B \setminus A$ and $C$ and the difference of $B \cap C$ and the intersection of $A$ and $C$ are equal and the difference of the intersection of $B$ and $C$ and $A \cap C$ is equal to $(B \cap C)\setminus A$.

Prop9d. Let $A$, $B$ and $C$ be sets. Then the intersection of $B \setminus A$ and $C$ and the difference of $B \cap C$ and the intersection of $A$ and $C$ are equal and the difference of $B \cap C$ and the intersection of $A$ and $C$ is equal to $(B \cap C)\setminus A$.

Prop9d. Let $A$, $B$ and $C$ be sets. Then the intersection of $B \setminus A$ and $C$ and the difference of $B \cap C$ and $A \cap C$ are equal and the difference of the intersection of $B$ and $C$ and the intersection of $A$ and $C$ is equal to $(B \cap C)\setminus A$.

Prop9d. Let $A$, $B$ and $C$ be sets. Then $(B \setminus A)\cap C$ is equal to the difference of the intersection of $B$ and $C$ and the intersection of $A$ and $C$ and the difference of the intersection of $B$ and $C$ and $A \cap C$ is equal to $(B \cap C)\setminus A$.

Prop9d. Let $A$, $B$ and $C$ be sets. Then $(B \setminus A)\cap C$ is equal to the difference of the intersection of $B$ and $C$ and the intersection of $A$ and $C$ and the difference of $B \cap C$ and the intersection of $A$ and $C$ is equal to $(B \cap C)\setminus A$.

Prop9d. Let $A$, $B$ and $C$ be sets. Then $(B \setminus A)\cap C$ is equal to the difference of the intersection of $B$ and $C$ and $A \cap C$ and the difference of the intersection of $B$ and $C$ and the intersection of $A$ and $C$ is equal to $(B \cap C)\setminus A$.

Prop9d. Let $A$, $B$ and $C$ be sets. Then $(B \setminus A)\cap C$ is equal to the difference of $B \cap C$ and the intersection of $A$ and $C$ and the difference of the intersection of $B$ and $C$ and the intersection of $A$ and $C$ is equal to $(B \cap C)\setminus A$.

Prop9d. Let $A$, $B$ and $C$ be sets. Then the intersection of $B \setminus A$ and $C$ is equal to the difference of the intersection of $B$ and $C$ and the intersection of $A$ and $C$ and $(B \cap C)\setminus (A \cap C)$ is equal to the difference of $B \cap C$ and $A$.

Prop9d. Let $A$, $B$ and $C$ be sets. Then the intersection of $B \setminus A$ and $C$ is equal to the difference of the intersection of $B$ and $C$ and $A \cap C$ and $(B \cap C)\setminus (A \cap C)$ is equal to the difference of the intersection of $B$ and $C$ and $A$.

Prop9d. Let $A$, $B$ and $C$ be sets. Then the intersection of $B \setminus A$ and $C$ is equal to the difference of $B \cap C$ and the intersection of $A$ and $C$ and $(B \cap C)\setminus (A \cap C)$ is equal to the difference of the intersection of $B$ and $C$ and $A$.

Prop9d. Let $A$, $B$ and $C$ be sets. Then the intersection of $B \setminus A$ and $C$ is equal to $(B \cap C)\setminus (A \cap C)$ and the difference of the intersection of $B$ and $C$ and the intersection of $A$ and $C$ is equal to the difference of $B \cap C$ and $A$.

Prop9d. Let $A$, $B$ and $C$ be sets. Then the intersection of $B \setminus A$ and $C$ is equal to $(B \cap C)\setminus (A \cap C)$ and the difference of the intersection of $B$ and $C$ and $A \cap C$ is equal to the difference of the intersection of $B$ and $C$ and $A$.

Prop9d. Let $A$, $B$ and $C$ be sets. Then the intersection of $B \setminus A$ and $C$ is equal to $(B \cap C)\setminus (A \cap C)$ and the difference of $B \cap C$ and the intersection of $A$ and $C$ is equal to the difference of the intersection of $B$ and $C$ and $A$.

Prop9d. Let $A$, $B$ and $C$ be sets. Then the intersection of $B \setminus A$ and $C$ and the difference of the intersection of $B$ and $C$ and the intersection of $A$ and $C$ are equal and the difference of $B \cap C$ and $A \cap C$ and $(B \cap C)\setminus A$ are equal.

Prop9d. Let $A$, $B$ and $C$ be sets. Then the intersection of $B \setminus A$ and $C$ and the difference of the intersection of $B$ and $C$ and $A \cap C$ are equal and the difference of $B \cap C$ and the intersection of $A$ and $C$ and $(B \cap C)\setminus A$ are equal.

Prop9d. Let $A$, $B$ and $C$ be sets. Then the intersection of $B \setminus A$ and $C$ and the difference of $B \cap C$ and the intersection of $A$ and $C$ are equal and the difference of the intersection of $B$ and $C$ and $A \cap C$ and $(B \cap C)\setminus A$ are equal.

Prop9d. Let $A$, $B$ and $C$ be sets. Then the intersection of $B \setminus A$ and $C$ and the difference of $B \cap C$ and $A \cap C$ are equal and the difference of the intersection of $B$ and $C$ and the intersection of $A$ and $C$ and $(B \cap C)\setminus A$ are equal.

Prop9d. Let $A$, $B$ and $C$ be sets. Then $(B \setminus A)\cap C$ is equal to the difference of the intersection of $B$ and $C$ and the intersection of $A$ and $C$ and the difference of the intersection of $B$ and $C$ and $A \cap C$ and $(B \cap C)\setminus A$ are equal.

Prop9d. Let $A$, $B$ and $C$ be sets. Then $(B \setminus A)\cap C$ is equal to the difference of the intersection of $B$ and $C$ and the intersection of $A$ and $C$ and the difference of $B \cap C$ and the intersection of $A$ and $C$ and $(B \cap C)\setminus A$ are equal.

Prop9d. Let $A$, $B$ and $C$ be sets. Then $(B \setminus A)\cap C$ is equal to the difference of the intersection of $B$ and $C$ and $A \cap C$ and the difference of the intersection of $B$ and $C$ and the intersection of $A$ and $C$ and $(B \cap C)\setminus A$ are equal.

Prop9d. Let $A$, $B$ and $C$ be sets. Then $(B \setminus A)\cap C$ is equal to the difference of $B \cap C$ and the intersection of $A$ and $C$ and the difference of the intersection of $B$ and $C$ and the intersection of $A$ and $C$ and $(B \cap C)\setminus A$ are equal.

Prop9d. Let $A$, $B$ and $C$ be sets. Then $(B \setminus A)\cap C$ and the difference of the intersection of $B$ and $C$ and the intersection of $A$ and $C$ are equal and the difference of the intersection of $B$ and $C$ and $A \cap C$ is equal to $(B \cap C)\setminus A$.

Prop9d. Let $A$, $B$ and $C$ be sets. Then $(B \setminus A)\cap C$ and the difference of the intersection of $B$ and $C$ and the intersection of $A$ and $C$ are equal and the difference of $B \cap C$ and the intersection of $A$ and $C$ is equal to $(B \cap C)\setminus A$.

Prop9d. Let $A$, $B$ and $C$ be sets. Then $(B \setminus A)\cap C$ and the difference of the intersection of $B$ and $C$ and $A \cap C$ are equal and the difference of the intersection of $B$ and $C$ and the intersection of $A$ and $C$ is equal to $(B \cap C)\setminus A$.

Prop9d. Let $A$, $B$ and $C$ be sets. Then $(B \setminus A)\cap C$ and the difference of $B \cap C$ and the intersection of $A$ and $C$ are equal and the difference of the intersection of $B$ and $C$ and the intersection of $A$ and $C$ is equal to $(B \cap C)\setminus A$.

Prop9d. Let $A$, $B$ and $C$ be sets. Then the intersection of $B \setminus A$ and $C$ is equal to the difference of the intersection of $B$ and $C$ and the intersection of $A$ and $C$ and $(B \cap C)\setminus (A \cap C)$ and the difference of $B \cap C$ and $A$ are equal.

Prop9d. Let $A$, $B$ and $C$ be sets. Then the intersection of $B \setminus A$ and $C$ is equal to the difference of the intersection of $B$ and $C$ and $A \cap C$ and $(B \cap C)\setminus (A \cap C)$ and the difference of the intersection of $B$ and $C$ and $A$ are equal.

Prop9d. Let $A$, $B$ and $C$ be sets. Then the intersection of $B \setminus A$ and $C$ is equal to the difference of $B \cap C$ and the intersection of $A$ and $C$ and $(B \cap C)\setminus (A \cap C)$ and the difference of the intersection of $B$ and $C$ and $A$ are equal.

Prop9d. Let $A$, $B$ and $C$ be sets. Then the intersection of $B \setminus A$ and $C$ is equal to $(B \cap C)\setminus (A \cap C)$ and the difference of the intersection of $B$ and $C$ and the intersection of $A$ and $C$ and the difference of $B \cap C$ and $A$ are equal.

Prop9d. Let $A$, $B$ and $C$ be sets. Then the intersection of $B \setminus A$ and $C$ is equal to $(B \cap C)\setminus (A \cap C)$ and the difference of the intersection of $B$ and $C$ and $A \cap C$ and the difference of the intersection of $B$ and $C$ and $A$ are equal.

Prop9d. Let $A$, $B$ and $C$ be sets. Then the intersection of $B \setminus A$ and $C$ is equal to $(B \cap C)\setminus (A \cap C)$ and the difference of $B \cap C$ and the intersection of $A$ and $C$ and the difference of the intersection of $B$ and $C$ and $A$ are equal.

Prop9d. Let $A$, $B$ and $C$ be sets. Then the intersection of $B \setminus A$ and $C$ and the difference of the intersection of $B$ and $C$ and the intersection of $A$ and $C$ are equal and $(B \cap C)\setminus (A \cap C)$ is equal to the difference of $B \cap C$ and $A$.

Prop9d. Let $A$, $B$ and $C$ be sets. Then the intersection of $B \setminus A$ and $C$ and the difference of the intersection of $B$ and $C$ and $A \cap C$ are equal and $(B \cap C)\setminus (A \cap C)$ is equal to the difference of the intersection of $B$ and $C$ and $A$.

Prop9d. Let $A$, $B$ and $C$ be sets. Then the intersection of $B \setminus A$ and $C$ and the difference of $B \cap C$ and the intersection of $A$ and $C$ are equal and $(B \cap C)\setminus (A \cap C)$ is equal to the difference of the intersection of $B$ and $C$ and $A$.

Prop9d. Let $A$, $B$ and $C$ be sets. Then the intersection of $B \setminus A$ and $C$ and $(B \cap C)\setminus (A \cap C)$ are equal and the difference of the intersection of $B$ and $C$ and the intersection of $A$ and $C$ is equal to the difference of $B \cap C$ and $A$.

Prop9d. Let $A$, $B$ and $C$ be sets. Then the intersection of $B \setminus A$ and $C$ and $(B \cap C)\setminus (A \cap C)$ are equal and the difference of the intersection of $B$ and $C$ and $A \cap C$ is equal to the difference of the intersection of $B$ and $C$ and $A$.

Prop9d. Let $A$, $B$ and $C$ be sets. Then the intersection of $B \setminus A$ and $C$ and $(B \cap C)\setminus (A \cap C)$ are equal and the difference of $B \cap C$ and the intersection of $A$ and $C$ is equal to the difference of the intersection of $B$ and $C$ and $A$.

Prop9d. Let $A$, $B$ and $C$ be sets. Then the intersection of the difference of $B$ and $A$ and $C$ is equal to the difference of the intersection of $B$ and $C$ and the intersection of $A$ and $C$ and $(B \cap C)\setminus (A \cap C)$ is equal to $(B \cap C)\setminus A$.

Prop9d. Let $A$, $B$ and $C$ be sets. Then the intersection of the difference of $B$ and $A$ and $C$ is equal to $(B \cap C)\setminus (A \cap C)$ and the difference of the intersection of $B$ and $C$ and the intersection of $A$ and $C$ is equal to $(B \cap C)\setminus A$.

Prop9d. Let $A$, $B$ and $C$ be sets. Then $(B \setminus A)\cap C$ is equal to the difference of the intersection of $B$ and $C$ and the intersection of $A$ and $C$ and $(B \cap C)\setminus (A \cap C)$ is equal to the difference of the intersection of $B$ and $C$ and $A$.

Prop9d. Let $A$, $B$ and $C$ be sets. Then $(B \setminus A)\cap C$ is equal to $(B \cap C)\setminus (A \cap C)$ and the difference of the intersection of $B$ and $C$ and the intersection of $A$ and $C$ is equal to the difference of the intersection of $B$ and $C$ and $A$.

Prop9d. Let $A$, $B$ and $C$ be sets. Then $(B \setminus A)\cap C$ and the difference of the intersection of $B$ and $C$ and the intersection of $A$ and $C$ are equal and the difference of the intersection of $B$ and $C$ and $A \cap C$ and $(B \cap C)\setminus A$ are equal.

Prop9d. Let $A$, $B$ and $C$ be sets. Then $(B \setminus A)\cap C$ and the difference of the intersection of $B$ and $C$ and the intersection of $A$ and $C$ are equal and the difference of $B \cap C$ and the intersection of $A$ and $C$ and $(B \cap C)\setminus A$ are equal.

Prop9d. Let $A$, $B$ and $C$ be sets. Then $(B \setminus A)\cap C$ and the difference of the intersection of $B$ and $C$ and $A \cap C$ are equal and the difference of the intersection of $B$ and $C$ and the intersection of $A$ and $C$ and $(B \cap C)\setminus A$ are equal.

Prop9d. Let $A$, $B$ and $C$ be sets. Then $(B \setminus A)\cap C$ and the difference of $B \cap C$ and the intersection of $A$ and $C$ are equal and the difference of the intersection of $B$ and $C$ and the intersection of $A$ and $C$ and $(B \cap C)\setminus A$ are equal.

Prop9d. Let $A$, $B$ and $C$ be sets. Then the intersection of $B \setminus A$ and $C$ and the difference of the intersection of $B$ and $C$ and the intersection of $A$ and $C$ are equal and $(B \cap C)\setminus (A \cap C)$ and the difference of $B \cap C$ and $A$ are equal.

Prop9d. Let $A$, $B$ and $C$ be sets. Then the intersection of $B \setminus A$ and $C$ and the difference of the intersection of $B$ and $C$ and $A \cap C$ are equal and $(B \cap C)\setminus (A \cap C)$ and the difference of the intersection of $B$ and $C$ and $A$ are equal.

Prop9d. Let $A$, $B$ and $C$ be sets. Then the intersection of $B \setminus A$ and $C$ and the difference of $B \cap C$ and the intersection of $A$ and $C$ are equal and $(B \cap C)\setminus (A \cap C)$ and the difference of the intersection of $B$ and $C$ and $A$ are equal.

Prop9d. Let $A$, $B$ and $C$ be sets. Then the intersection of $B \setminus A$ and $C$ and $(B \cap C)\setminus (A \cap C)$ are equal and the difference of the intersection of $B$ and $C$ and the intersection of $A$ and $C$ and the difference of $B \cap C$ and $A$ are equal.

Prop9d. Let $A$, $B$ and $C$ be sets. Then the intersection of $B \setminus A$ and $C$ and $(B \cap C)\setminus (A \cap C)$ are equal and the difference of the intersection of $B$ and $C$ and $A \cap C$ and the difference of the intersection of $B$ and $C$ and $A$ are equal.

Prop9d. Let $A$, $B$ and $C$ be sets. Then the intersection of $B \setminus A$ and $C$ and $(B \cap C)\setminus (A \cap C)$ are equal and the difference of $B \cap C$ and the intersection of $A$ and $C$ and the difference of the intersection of $B$ and $C$ and $A$ are equal.

Prop9d. Let $A$, $B$ and $C$ be sets. Then the intersection of the difference of $B$ and $A$ and $C$ is equal to the difference of the intersection of $B$ and $C$ and the intersection of $A$ and $C$ and $(B \cap C)\setminus (A \cap C)$ and $(B \cap C)\setminus A$ are equal.

Prop9d. Let $A$, $B$ and $C$ be sets. Then the intersection of the difference of $B$ and $A$ and $C$ is equal to $(B \cap C)\setminus (A \cap C)$ and the difference of the intersection of $B$ and $C$ and the intersection of $A$ and $C$ and $(B \cap C)\setminus A$ are equal.

Prop9d. Let $A$, $B$ and $C$ be sets. Then $(B \setminus A)\cap C$ is equal to the difference of the intersection of $B$ and $C$ and the intersection of $A$ and $C$ and $(B \cap C)\setminus (A \cap C)$ and the difference of the intersection of $B$ and $C$ and $A$ are equal.

Prop9d. Let $A$, $B$ and $C$ be sets. Then $(B \setminus A)\cap C$ is equal to $(B \cap C)\setminus (A \cap C)$ and the difference of the intersection of $B$ and $C$ and the intersection of $A$ and $C$ and the difference of the intersection of $B$ and $C$ and $A$ are equal.

Prop9d. Let $A$, $B$ and $C$ be sets. Then the intersection of the difference of $B$ and $A$ and $C$ and the difference of the intersection of $B$ and $C$ and the intersection of $A$ and $C$ are equal and $(B \cap C)\setminus (A \cap C)$ is equal to $(B \cap C)\setminus A$.

Prop9d. Let $A$, $B$ and $C$ be sets. Then the intersection of the difference of $B$ and $A$ and $C$ and $(B \cap C)\setminus (A \cap C)$ are equal and the difference of the intersection of $B$ and $C$ and the intersection of $A$ and $C$ is equal to $(B \cap C)\setminus A$.

Prop9d. Let $A$, $B$ and $C$ be sets. Then $(B \setminus A)\cap C$ and the difference of the intersection of $B$ and $C$ and the intersection of $A$ and $C$ are equal and $(B \cap C)\setminus (A \cap C)$ is equal to the difference of the intersection of $B$ and $C$ and $A$.

Prop9d. Let $A$, $B$ and $C$ be sets. Then $(B \setminus A)\cap C$ and $(B \cap C)\setminus (A \cap C)$ are equal and the difference of the intersection of $B$ and $C$ and the intersection of $A$ and $C$ is equal to the difference of the intersection of $B$ and $C$ and $A$.

Prop9d. Let $A$, $B$ and $C$ be sets. Then the intersection of the difference of $B$ and $A$ and $C$ is equal to the difference of the intersection of $B$ and $C$ and $A \cap C$ and the difference of $B \cap C$ and $A \cap C$ is equal to the difference of $B \cap C$ and $A$.

Prop9d. Let $A$, $B$ and $C$ be sets. Then the intersection of the difference of $B$ and $A$ and $C$ is equal to the difference of $B \cap C$ and the intersection of $A$ and $C$ and the difference of $B \cap C$ and $A \cap C$ is equal to the difference of $B \cap C$ and $A$.

Prop9d. Let $A$, $B$ and $C$ be sets. Then the intersection of the difference of $B$ and $A$ and $C$ is equal to the difference of $B \cap C$ and $A \cap C$ and the difference of the intersection of $B$ and $C$ and $A \cap C$ is equal to the difference of $B \cap C$ and $A$.

Prop9d. Let $A$, $B$ and $C$ be sets. Then the intersection of the difference of $B$ and $A$ and $C$ is equal to the difference of $B \cap C$ and $A \cap C$ and the difference of $B \cap C$ and the intersection of $A$ and $C$ is equal to the difference of $B \cap C$ and $A$.

Prop9d. Let $A$, $B$ and $C$ be sets. Then the intersection of the difference of $B$ and $A$ and $C$ is equal to the difference of $B \cap C$ and $A \cap C$ and the difference of $B \cap C$ and $A \cap C$ is equal to the difference of the intersection of $B$ and $C$ and $A$.

Prop9d. Let $A$, $B$ and $C$ be sets. Then the intersection of the difference of $B$ and $A$ and $C$ and the difference of the intersection of $B$ and $C$ and the intersection of $A$ and $C$ are equal and $(B \cap C)\setminus (A \cap C)$ and $(B \cap C)\setminus A$ are equal.

Prop9d. Let $A$, $B$ and $C$ be sets. Then the intersection of the difference of $B$ and $A$ and $C$ and $(B \cap C)\setminus (A \cap C)$ are equal and the difference of the intersection of $B$ and $C$ and the intersection of $A$ and $C$ and $(B \cap C)\setminus A$ are equal.

Prop9d. Let $A$, $B$ and $C$ be sets. Then $(B \setminus A)\cap C$ and the difference of the intersection of $B$ and $C$ and the intersection of $A$ and $C$ are equal and $(B \cap C)\setminus (A \cap C)$ and the difference of the intersection of $B$ and $C$ and $A$ are equal.

Prop9d. Let $A$, $B$ and $C$ be sets. Then $(B \setminus A)\cap C$ and $(B \cap C)\setminus (A \cap C)$ are equal and the difference of the intersection of $B$ and $C$ and the intersection of $A$ and $C$ and the difference of the intersection of $B$ and $C$ and $A$ are equal.

Prop9d. Let $A$, $B$ and $C$ be sets. Then the intersection of the difference of $B$ and $A$ and $C$ is equal to the difference of the intersection of $B$ and $C$ and $A \cap C$ and the difference of $B \cap C$ and $A \cap C$ and the difference of $B \cap C$ and $A$ are equal.

Prop9d. Let $A$, $B$ and $C$ be sets. Then the intersection of the difference of $B$ and $A$ and $C$ is equal to the difference of $B \cap C$ and the intersection of $A$ and $C$ and the difference of $B \cap C$ and $A \cap C$ and the difference of $B \cap C$ and $A$ are equal.

Prop9d. Let $A$, $B$ and $C$ be sets. Then the intersection of the difference of $B$ and $A$ and $C$ is equal to the difference of $B \cap C$ and $A \cap C$ and the difference of the intersection of $B$ and $C$ and $A \cap C$ and the difference of $B \cap C$ and $A$ are equal.

Prop9d. Let $A$, $B$ and $C$ be sets. Then the intersection of the difference of $B$ and $A$ and $C$ is equal to the difference of $B \cap C$ and $A \cap C$ and the difference of $B \cap C$ and the intersection of $A$ and $C$ and the difference of $B \cap C$ and $A$ are equal.

Prop9d. Let $A$, $B$ and $C$ be sets. Then the intersection of the difference of $B$ and $A$ and $C$ is equal to the difference of $B \cap C$ and $A \cap C$ and the difference of $B \cap C$ and $A \cap C$ and the difference of the intersection of $B$ and $C$ and $A$ are equal.

Prop9d. Let $A$, $B$ and $C$ be sets. Then the intersection of the difference of $B$ and $A$ and $C$ and the difference of the intersection of $B$ and $C$ and $A \cap C$ are equal and the difference of $B \cap C$ and $A \cap C$ is equal to the difference of $B \cap C$ and $A$.

Prop9d. Let $A$, $B$ and $C$ be sets. Then the intersection of the difference of $B$ and $A$ and $C$ and the difference of $B \cap C$ and the intersection of $A$ and $C$ are equal and the difference of $B \cap C$ and $A \cap C$ is equal to the difference of $B \cap C$ and $A$.

Prop9d. Let $A$, $B$ and $C$ be sets. Then the intersection of the difference of $B$ and $A$ and $C$ and the difference of $B \cap C$ and $A \cap C$ are equal and the difference of the intersection of $B$ and $C$ and $A \cap C$ is equal to the difference of $B \cap C$ and $A$.

Prop9d. Let $A$, $B$ and $C$ be sets. Then the intersection of the difference of $B$ and $A$ and $C$ and the difference of $B \cap C$ and $A \cap C$ are equal and the difference of $B \cap C$ and the intersection of $A$ and $C$ is equal to the difference of $B \cap C$ and $A$.

Prop9d. Let $A$, $B$ and $C$ be sets. Then the intersection of the difference of $B$ and $A$ and $C$ and the difference of $B \cap C$ and $A \cap C$ are equal and the difference of $B \cap C$ and $A \cap C$ is equal to the difference of the intersection of $B$ and $C$ and $A$.

Prop9d. Let $A$, $B$ and $C$ be sets. Then the intersection of the difference of $B$ and $A$ and $C$ and the difference of the intersection of $B$ and $C$ and $A \cap C$ are equal and the difference of $B \cap C$ and $A \cap C$ and the difference of $B \cap C$ and $A$ are equal.

Prop9d. Let $A$, $B$ and $C$ be sets. Then the intersection of the difference of $B$ and $A$ and $C$ and the difference of $B \cap C$ and the intersection of $A$ and $C$ are equal and the difference of $B \cap C$ and $A \cap C$ and the difference of $B \cap C$ and $A$ are equal.

Prop9d. Let $A$, $B$ and $C$ be sets. Then the intersection of the difference of $B$ and $A$ and $C$ and the difference of $B \cap C$ and $A \cap C$ are equal and the difference of the intersection of $B$ and $C$ and $A \cap C$ and the difference of $B \cap C$ and $A$ are equal.

Prop9d. Let $A$, $B$ and $C$ be sets. Then the intersection of the difference of $B$ and $A$ and $C$ and the difference of $B \cap C$ and $A \cap C$ are equal and the difference of $B \cap C$ and the intersection of $A$ and $C$ and the difference of $B \cap C$ and $A$ are equal.

Prop9d. Let $A$, $B$ and $C$ be sets. Then the intersection of $B \setminus A$ and $C$ is equal to the difference of the intersection of $B$ and $C$ and the intersection of $A$ and $C$ and the difference of $B \cap C$ and $A \cap C$ is equal to the difference of $B \cap C$ and $A$.

Prop9d. Let $A$, $B$ and $C$ be sets. Then the intersection of $B \setminus A$ and $C$ is equal to the difference of the intersection of $B$ and $C$ and $A \cap C$ and the difference of the intersection of $B$ and $C$ and $A \cap C$ is equal to the difference of $B \cap C$ and $A$.

Prop9d. Let $A$, $B$ and $C$ be sets. Then the intersection of $B \setminus A$ and $C$ is equal to the difference of the intersection of $B$ and $C$ and $A \cap C$ and the difference of $B \cap C$ and the intersection of $A$ and $C$ is equal to the difference of $B \cap C$ and $A$.

Prop9d. Let $A$, $B$ and $C$ be sets. Then the intersection of $B \setminus A$ and $C$ is equal to the difference of the intersection of $B$ and $C$ and $A \cap C$ and the difference of $B \cap C$ and $A \cap C$ is equal to the difference of the intersection of $B$ and $C$ and $A$.

Prop9d. Let $A$, $B$ and $C$ be sets. Then the intersection of $B \setminus A$ and $C$ is equal to the difference of $B \cap C$ and the intersection of $A$ and $C$ and the difference of the intersection of $B$ and $C$ and $A \cap C$ is equal to the difference of $B \cap C$ and $A$.

Prop9d. Let $A$, $B$ and $C$ be sets. Then the intersection of $B \setminus A$ and $C$ is equal to the difference of $B \cap C$ and the intersection of $A$ and $C$ and the difference of $B \cap C$ and the intersection of $A$ and $C$ is equal to the difference of $B \cap C$ and $A$.

Prop9d. Let $A$, $B$ and $C$ be sets. Then the intersection of $B \setminus A$ and $C$ is equal to the difference of $B \cap C$ and the intersection of $A$ and $C$ and the difference of $B \cap C$ and $A \cap C$ is equal to the difference of the intersection of $B$ and $C$ and $A$.

Prop9d. Let $A$, $B$ and $C$ be sets. Then the intersection of $B \setminus A$ and $C$ is equal to the difference of $B \cap C$ and $A \cap C$ and the difference of the intersection of $B$ and $C$ and the intersection of $A$ and $C$ is equal to the difference of $B \cap C$ and $A$.

Prop9d. Let $A$, $B$ and $C$ be sets. Then the intersection of $B \setminus A$ and $C$ is equal to the difference of $B \cap C$ and $A \cap C$ and the difference of the intersection of $B$ and $C$ and $A \cap C$ is equal to the difference of the intersection of $B$ and $C$ and $A$.

Prop9d. Let $A$, $B$ and $C$ be sets. Then the intersection of $B \setminus A$ and $C$ is equal to the difference of $B \cap C$ and $A \cap C$ and the difference of $B \cap C$ and the intersection of $A$ and $C$ is equal to the difference of the intersection of $B$ and $C$ and $A$.

Prop9d. Let $A$, $B$ and $C$ be sets. Then the intersection of $B \setminus A$ and $C$ is equal to the difference of the intersection of $B$ and $C$ and the intersection of $A$ and $C$ and the difference of $B \cap C$ and $A \cap C$ and the difference of $B \cap C$ and $A$ are equal.

Prop9d. Let $A$, $B$ and $C$ be sets. Then the intersection of $B \setminus A$ and $C$ is equal to the difference of the intersection of $B$ and $C$ and $A \cap C$ and the difference of the intersection of $B$ and $C$ and $A \cap C$ and the difference of $B \cap C$ and $A$ are equal.

Prop9d. Let $A$, $B$ and $C$ be sets. Then the intersection of $B \setminus A$ and $C$ is equal to the difference of the intersection of $B$ and $C$ and $A \cap C$ and the difference of $B \cap C$ and the intersection of $A$ and $C$ and the difference of $B \cap C$ and $A$ are equal.

Prop9d. Let $A$, $B$ and $C$ be sets. Then the intersection of $B \setminus A$ and $C$ is equal to the difference of the intersection of $B$ and $C$ and $A \cap C$ and the difference of $B \cap C$ and $A \cap C$ and the difference of the intersection of $B$ and $C$ and $A$ are equal.

Prop9d. Let $A$, $B$ and $C$ be sets. Then the intersection of $B \setminus A$ and $C$ is equal to the difference of $B \cap C$ and the intersection of $A$ and $C$ and the difference of the intersection of $B$ and $C$ and $A \cap C$ and the difference of $B \cap C$ and $A$ are equal.

Prop9d. Let $A$, $B$ and $C$ be sets. Then the intersection of $B \setminus A$ and $C$ is equal to the difference of $B \cap C$ and the intersection of $A$ and $C$ and the difference of $B \cap C$ and the intersection of $A$ and $C$ and the difference of $B \cap C$ and $A$ are equal.

Prop9d. Let $A$, $B$ and $C$ be sets. Then the intersection of $B \setminus A$ and $C$ is equal to the difference of $B \cap C$ and the intersection of $A$ and $C$ and the difference of $B \cap C$ and $A \cap C$ and the difference of the intersection of $B$ and $C$ and $A$ are equal.

Prop9d. Let $A$, $B$ and $C$ be sets. Then the intersection of $B \setminus A$ and $C$ is equal to the difference of $B \cap C$ and $A \cap C$ and the difference of the intersection of $B$ and $C$ and the intersection of $A$ and $C$ and the difference of $B \cap C$ and $A$ are equal.

Prop9d. Let $A$, $B$ and $C$ be sets. Then the intersection of $B \setminus A$ and $C$ is equal to the difference of $B \cap C$ and $A \cap C$ and the difference of the intersection of $B$ and $C$ and $A \cap C$ and the difference of the intersection of $B$ and $C$ and $A$ are equal.

Prop9d. Let $A$, $B$ and $C$ be sets. Then the intersection of $B \setminus A$ and $C$ is equal to the difference of $B \cap C$ and $A \cap C$ and the difference of $B \cap C$ and the intersection of $A$ and $C$ and the difference of the intersection of $B$ and $C$ and $A$ are equal.

Prop9d. Let $A$, $B$ and $C$ be sets. Then the intersection of $B \setminus A$ and $C$ and the difference of the intersection of $B$ and $C$ and the intersection of $A$ and $C$ are equal and the difference of $B \cap C$ and $A \cap C$ is equal to the difference of $B \cap C$ and $A$.

Prop9d. Let $A$, $B$ and $C$ be sets. Then the intersection of $B \setminus A$ and $C$ and the difference of the intersection of $B$ and $C$ and $A \cap C$ are equal and the difference of the intersection of $B$ and $C$ and $A \cap C$ is equal to the difference of $B \cap C$ and $A$.

Prop9d. Let $A$, $B$ and $C$ be sets. Then the intersection of $B \setminus A$ and $C$ and the difference of the intersection of $B$ and $C$ and $A \cap C$ are equal and the difference of $B \cap C$ and the intersection of $A$ and $C$ is equal to the difference of $B \cap C$ and $A$.

Prop9d. Let $A$, $B$ and $C$ be sets. Then the intersection of $B \setminus A$ and $C$ and the difference of the intersection of $B$ and $C$ and $A \cap C$ are equal and the difference of $B \cap C$ and $A \cap C$ is equal to the difference of the intersection of $B$ and $C$ and $A$.

Prop9d. Let $A$, $B$ and $C$ be sets. Then the intersection of $B \setminus A$ and $C$ and the difference of $B \cap C$ and the intersection of $A$ and $C$ are equal and the difference of the intersection of $B$ and $C$ and $A \cap C$ is equal to the difference of $B \cap C$ and $A$.

Prop9d. Let $A$, $B$ and $C$ be sets. Then the intersection of $B \setminus A$ and $C$ and the difference of $B \cap C$ and the intersection of $A$ and $C$ are equal and the difference of $B \cap C$ and the intersection of $A$ and $C$ is equal to the difference of $B \cap C$ and $A$.

Prop9d. Let $A$, $B$ and $C$ be sets. Then the intersection of $B \setminus A$ and $C$ and the difference of $B \cap C$ and the intersection of $A$ and $C$ are equal and the difference of $B \cap C$ and $A \cap C$ is equal to the difference of the intersection of $B$ and $C$ and $A$.

Prop9d. Let $A$, $B$ and $C$ be sets. Then the intersection of $B \setminus A$ and $C$ and the difference of $B \cap C$ and $A \cap C$ are equal and the difference of the intersection of $B$ and $C$ and the intersection of $A$ and $C$ is equal to the difference of $B \cap C$ and $A$.

Prop9d. Let $A$, $B$ and $C$ be sets. Then the intersection of $B \setminus A$ and $C$ and the difference of $B \cap C$ and $A \cap C$ are equal and the difference of the intersection of $B$ and $C$ and $A \cap C$ is equal to the difference of the intersection of $B$ and $C$ and $A$.

Prop9d. Let $A$, $B$ and $C$ be sets. Then the intersection of $B \setminus A$ and $C$ and the difference of $B \cap C$ and $A \cap C$ are equal and the difference of $B \cap C$ and the intersection of $A$ and $C$ is equal to the difference of the intersection of $B$ and $C$ and $A$.

Prop9d. Let $A$, $B$ and $C$ be sets. Then the intersection of the difference of $B$ and $A$ and $C$ is equal to the difference of the intersection of $B$ and $C$ and the intersection of $A$ and $C$ and the difference of $B \cap C$ and $A \cap C$ is equal to $(B \cap C)\setminus A$.

Prop9d. Let $A$, $B$ and $C$ be sets. Then the intersection of the difference of $B$ and $A$ and $C$ is equal to the difference of the intersection of $B$ and $C$ and $A \cap C$ and the difference of the intersection of $B$ and $C$ and $A \cap C$ is equal to $(B \cap C)\setminus A$.

Prop9d. Let $A$, $B$ and $C$ be sets. Then the intersection of the difference of $B$ and $A$ and $C$ is equal to the difference of the intersection of $B$ and $C$ and $A \cap C$ and the difference of $B \cap C$ and the intersection of $A$ and $C$ is equal to $(B \cap C)\setminus A$.

Prop9d. Let $A$, $B$ and $C$ be sets. Then the intersection of the difference of $B$ and $A$ and $C$ is equal to the difference of $B \cap C$ and the intersection of $A$ and $C$ and the difference of the intersection of $B$ and $C$ and $A \cap C$ is equal to $(B \cap C)\setminus A$.

Prop9d. Let $A$, $B$ and $C$ be sets. Then the intersection of the difference of $B$ and $A$ and $C$ is equal to the difference of $B \cap C$ and the intersection of $A$ and $C$ and the difference of $B \cap C$ and the intersection of $A$ and $C$ is equal to $(B \cap C)\setminus A$.

Prop9d. Let $A$, $B$ and $C$ be sets. Then the intersection of the difference of $B$ and $A$ and $C$ is equal to the difference of $B \cap C$ and $A \cap C$ and the difference of the intersection of $B$ and $C$ and the intersection of $A$ and $C$ is equal to $(B \cap C)\setminus A$.

Prop9d. Let $A$, $B$ and $C$ be sets. Then $(B \setminus A)\cap C$ is equal to the difference of the intersection of $B$ and $C$ and the intersection of $A$ and $C$ and the difference of the intersection of $B$ and $C$ and $A \cap C$ is equal to the difference of $B \cap C$ and $A$.

Prop9d. Let $A$, $B$ and $C$ be sets. Then $(B \setminus A)\cap C$ is equal to the difference of the intersection of $B$ and $C$ and the intersection of $A$ and $C$ and the difference of $B \cap C$ and the intersection of $A$ and $C$ is equal to the difference of $B \cap C$ and $A$.

Prop9d. Let $A$, $B$ and $C$ be sets. Then $(B \setminus A)\cap C$ is equal to the difference of the intersection of $B$ and $C$ and the intersection of $A$ and $C$ and the difference of $B \cap C$ and $A \cap C$ is equal to the difference of the intersection of $B$ and $C$ and $A$.

Prop9d. Let $A$, $B$ and $C$ be sets. Then $(B \setminus A)\cap C$ is equal to the difference of the intersection of $B$ and $C$ and $A \cap C$ and the difference of the intersection of $B$ and $C$ and the intersection of $A$ and $C$ is equal to the difference of $B \cap C$ and $A$.

Prop9d. Let $A$, $B$ and $C$ be sets. Then $(B \setminus A)\cap C$ is equal to the difference of the intersection of $B$ and $C$ and $A \cap C$ and the difference of the intersection of $B$ and $C$ and $A \cap C$ is equal to the difference of the intersection of $B$ and $C$ and $A$.

Prop9d. Let $A$, $B$ and $C$ be sets. Then $(B \setminus A)\cap C$ is equal to the difference of the intersection of $B$ and $C$ and $A \cap C$ and the difference of $B \cap C$ and the intersection of $A$ and $C$ is equal to the difference of the intersection of $B$ and $C$ and $A$.

Prop9d. Let $A$, $B$ and $C$ be sets. Then $(B \setminus A)\cap C$ is equal to the difference of $B \cap C$ and the intersection of $A$ and $C$ and the difference of the intersection of $B$ and $C$ and the intersection of $A$ and $C$ is equal to the difference of $B \cap C$ and $A$.

Prop9d. Let $A$, $B$ and $C$ be sets. Then $(B \setminus A)\cap C$ is equal to the difference of $B \cap C$ and the intersection of $A$ and $C$ and the difference of the intersection of $B$ and $C$ and $A \cap C$ is equal to the difference of the intersection of $B$ and $C$ and $A$.

Prop9d. Let $A$, $B$ and $C$ be sets. Then $(B \setminus A)\cap C$ is equal to the difference of $B \cap C$ and the intersection of $A$ and $C$ and the difference of $B \cap C$ and the intersection of $A$ and $C$ is equal to the difference of the intersection of $B$ and $C$ and $A$.

Prop9d. Let $A$, $B$ and $C$ be sets. Then $(B \setminus A)\cap C$ is equal to the difference of $B \cap C$ and $A \cap C$ and the difference of the intersection of $B$ and $C$ and the intersection of $A$ and $C$ is equal to the difference of the intersection of $B$ and $C$ and $A$.

Prop9d. Let $A$, $B$ and $C$ be sets. Then the intersection of $B \setminus A$ and $C$ and the difference of the intersection of $B$ and $C$ and the intersection of $A$ and $C$ are equal and the difference of $B \cap C$ and $A \cap C$ and the difference of $B \cap C$ and $A$ are equal.

Prop9d. Let $A$, $B$ and $C$ be sets. Then the intersection of $B \setminus A$ and $C$ and the difference of the intersection of $B$ and $C$ and $A \cap C$ are equal and the difference of $B \cap C$ and the intersection of $A$ and $C$ and the difference of $B \cap C$ and $A$ are equal.

Prop9d. Let $A$, $B$ and $C$ be sets. Then the intersection of $B \setminus A$ and $C$ and the difference of the intersection of $B$ and $C$ and $A \cap C$ are equal and the difference of $B \cap C$ and $A \cap C$ and the difference of the intersection of $B$ and $C$ and $A$ are equal.

Prop9d. Let $A$, $B$ and $C$ be sets. Then the intersection of $B \setminus A$ and $C$ and the difference of $B \cap C$ and the intersection of $A$ and $C$ are equal and the difference of the intersection of $B$ and $C$ and $A \cap C$ and the difference of $B \cap C$ and $A$ are equal.

Prop9d. Let $A$, $B$ and $C$ be sets. Then the intersection of $B \setminus A$ and $C$ and the difference of $B \cap C$ and the intersection of $A$ and $C$ are equal and the difference of $B \cap C$ and $A \cap C$ and the difference of the intersection of $B$ and $C$ and $A$ are equal.

Prop9d. Let $A$, $B$ and $C$ be sets. Then the intersection of $B \setminus A$ and $C$ and the difference of $B \cap C$ and $A \cap C$ are equal and the difference of the intersection of $B$ and $C$ and the intersection of $A$ and $C$ and the difference of $B \cap C$ and $A$ are equal.

Prop9d. Let $A$, $B$ and $C$ be sets. Then the intersection of $B \setminus A$ and $C$ and the difference of $B \cap C$ and $A \cap C$ are equal and the difference of the intersection of $B$ and $C$ and $A \cap C$ and the difference of the intersection of $B$ and $C$ and $A$ are equal.

Prop9d. Let $A$, $B$ and $C$ be sets. Then the intersection of $B \setminus A$ and $C$ and the difference of $B \cap C$ and $A \cap C$ are equal and the difference of $B \cap C$ and the intersection of $A$ and $C$ and the difference of the intersection of $B$ and $C$ and $A$ are equal.

Prop9d. Let $A$, $B$ and $C$ be sets. Then the intersection of the difference of $B$ and $A$ and $C$ is equal to the difference of the intersection of $B$ and $C$ and the intersection of $A$ and $C$ and the difference of $B \cap C$ and $A \cap C$ and $(B \cap C)\setminus A$ are equal.

Prop9d. Let $A$, $B$ and $C$ be sets. Then the intersection of the difference of $B$ and $A$ and $C$ is equal to the difference of the intersection of $B$ and $C$ and $A \cap C$ and the difference of the intersection of $B$ and $C$ and $A \cap C$ and $(B \cap C)\setminus A$ are equal.

Prop9d. Let $A$, $B$ and $C$ be sets. Then the intersection of the difference of $B$ and $A$ and $C$ is equal to the difference of the intersection of $B$ and $C$ and $A \cap C$ and the difference of $B \cap C$ and the intersection of $A$ and $C$ and $(B \cap C)\setminus A$ are equal.

Prop9d. Let $A$, $B$ and $C$ be sets. Then the intersection of the difference of $B$ and $A$ and $C$ is equal to the difference of $B \cap C$ and the intersection of $A$ and $C$ and the difference of the intersection of $B$ and $C$ and $A \cap C$ and $(B \cap C)\setminus A$ are equal.

Prop9d. Let $A$, $B$ and $C$ be sets. Then the intersection of the difference of $B$ and $A$ and $C$ is equal to the difference of $B \cap C$ and the intersection of $A$ and $C$ and the difference of $B \cap C$ and the intersection of $A$ and $C$ and $(B \cap C)\setminus A$ are equal.

Prop9d. Let $A$, $B$ and $C$ be sets. Then the intersection of the difference of $B$ and $A$ and $C$ is equal to the difference of $B \cap C$ and $A \cap C$ and the difference of the intersection of $B$ and $C$ and the intersection of $A$ and $C$ and $(B \cap C)\setminus A$ are equal.

Prop9d. Let $A$, $B$ and $C$ be sets. Then $(B \setminus A)\cap C$ is equal to the difference of the intersection of $B$ and $C$ and the intersection of $A$ and $C$ and the difference of the intersection of $B$ and $C$ and $A \cap C$ and the difference of $B \cap C$ and $A$ are equal.

Prop9d. Let $A$, $B$ and $C$ be sets. Then $(B \setminus A)\cap C$ is equal to the difference of the intersection of $B$ and $C$ and the intersection of $A$ and $C$ and the difference of $B \cap C$ and the intersection of $A$ and $C$ and the difference of $B \cap C$ and $A$ are equal.

Prop9d. Let $A$, $B$ and $C$ be sets. Then $(B \setminus A)\cap C$ is equal to the difference of the intersection of $B$ and $C$ and the intersection of $A$ and $C$ and the difference of $B \cap C$ and $A \cap C$ and the difference of the intersection of $B$ and $C$ and $A$ are equal.

Prop9d. Let $A$, $B$ and $C$ be sets. Then $(B \setminus A)\cap C$ is equal to the difference of the intersection of $B$ and $C$ and $A \cap C$ and the difference of the intersection of $B$ and $C$ and the intersection of $A$ and $C$ and the difference of $B \cap C$ and $A$ are equal.

Prop9d. Let $A$, $B$ and $C$ be sets. Then $(B \setminus A)\cap C$ is equal to the difference of the intersection of $B$ and $C$ and $A \cap C$ and the difference of the intersection of $B$ and $C$ and $A \cap C$ and the difference of the intersection of $B$ and $C$ and $A$ are equal.

Prop9d. Let $A$, $B$ and $C$ be sets. Then $(B \setminus A)\cap C$ is equal to the difference of the intersection of $B$ and $C$ and $A \cap C$ and the difference of $B \cap C$ and the intersection of $A$ and $C$ and the difference of the intersection of $B$ and $C$ and $A$ are equal.

Prop9d. Let $A$, $B$ and $C$ be sets. Then $(B \setminus A)\cap C$ is equal to the difference of $B \cap C$ and the intersection of $A$ and $C$ and the difference of the intersection of $B$ and $C$ and the intersection of $A$ and $C$ and the difference of $B \cap C$ and $A$ are equal.

Prop9d. Let $A$, $B$ and $C$ be sets. Then $(B \setminus A)\cap C$ is equal to the difference of $B \cap C$ and the intersection of $A$ and $C$ and the difference of the intersection of $B$ and $C$ and $A \cap C$ and the difference of the intersection of $B$ and $C$ and $A$ are equal.

Prop9d. Let $A$, $B$ and $C$ be sets. Then $(B \setminus A)\cap C$ is equal to the difference of $B \cap C$ and the intersection of $A$ and $C$ and the difference of $B \cap C$ and the intersection of $A$ and $C$ and the difference of the intersection of $B$ and $C$ and $A$ are equal.

Prop9d. Let $A$, $B$ and $C$ be sets. Then $(B \setminus A)\cap C$ is equal to the difference of $B \cap C$ and $A \cap C$ and the difference of the intersection of $B$ and $C$ and the intersection of $A$ and $C$ and the difference of the intersection of $B$ and $C$ and $A$ are equal.

Prop9d. Let $A$, $B$ and $C$ be sets. Then the intersection of the difference of $B$ and $A$ and $C$ and the difference of the intersection of $B$ and $C$ and the intersection of $A$ and $C$ are equal and the difference of $B \cap C$ and $A \cap C$ is equal to $(B \cap C)\setminus A$.

Prop9d. Let $A$, $B$ and $C$ be sets. Then the intersection of the difference of $B$ and $A$ and $C$ and the difference of the intersection of $B$ and $C$ and $A \cap C$ are equal and the difference of the intersection of $B$ and $C$ and $A \cap C$ is equal to $(B \cap C)\setminus A$.

Prop9d. Let $A$, $B$ and $C$ be sets. Then the intersection of the difference of $B$ and $A$ and $C$ and the difference of the intersection of $B$ and $C$ and $A \cap C$ are equal and the difference of $B \cap C$ and the intersection of $A$ and $C$ is equal to $(B \cap C)\setminus A$.

Prop9d. Let $A$, $B$ and $C$ be sets. Then the intersection of the difference of $B$ and $A$ and $C$ and the difference of $B \cap C$ and the intersection of $A$ and $C$ are equal and the difference of the intersection of $B$ and $C$ and $A \cap C$ is equal to $(B \cap C)\setminus A$.

Prop9d. Let $A$, $B$ and $C$ be sets. Then the intersection of the difference of $B$ and $A$ and $C$ and the difference of $B \cap C$ and the intersection of $A$ and $C$ are equal and the difference of $B \cap C$ and the intersection of $A$ and $C$ is equal to $(B \cap C)\setminus A$.

Prop9d. Let $A$, $B$ and $C$ be sets. Then the intersection of the difference of $B$ and $A$ and $C$ and the difference of $B \cap C$ and $A \cap C$ are equal and the difference of the intersection of $B$ and $C$ and the intersection of $A$ and $C$ is equal to $(B \cap C)\setminus A$.

Prop9d. Let $A$, $B$ and $C$ be sets. Then $(B \setminus A)\cap C$ and the difference of the intersection of $B$ and $C$ and the intersection of $A$ and $C$ are equal and the difference of the intersection of $B$ and $C$ and $A \cap C$ is equal to the difference of $B \cap C$ and $A$.

Prop9d. Let $A$, $B$ and $C$ be sets. Then $(B \setminus A)\cap C$ and the difference of the intersection of $B$ and $C$ and the intersection of $A$ and $C$ are equal and the difference of $B \cap C$ and the intersection of $A$ and $C$ is equal to the difference of $B \cap C$ and $A$.

Prop9d. Let $A$, $B$ and $C$ be sets. Then $(B \setminus A)\cap C$ and the difference of the intersection of $B$ and $C$ and the intersection of $A$ and $C$ are equal and the difference of $B \cap C$ and $A \cap C$ is equal to the difference of the intersection of $B$ and $C$ and $A$.

Prop9d. Let $A$, $B$ and $C$ be sets. Then $(B \setminus A)\cap C$ and the difference of the intersection of $B$ and $C$ and $A \cap C$ are equal and the difference of the intersection of $B$ and $C$ and the intersection of $A$ and $C$ is equal to the difference of $B \cap C$ and $A$.

Prop9d. Let $A$, $B$ and $C$ be sets. Then $(B \setminus A)\cap C$ and the difference of the intersection of $B$ and $C$ and $A \cap C$ are equal and the difference of the intersection of $B$ and $C$ and $A \cap C$ is equal to the difference of the intersection of $B$ and $C$ and $A$.

Prop9d. Let $A$, $B$ and $C$ be sets. Then $(B \setminus A)\cap C$ and the difference of the intersection of $B$ and $C$ and $A \cap C$ are equal and the difference of $B \cap C$ and the intersection of $A$ and $C$ is equal to the difference of the intersection of $B$ and $C$ and $A$.

Prop9d. Let $A$, $B$ and $C$ be sets. Then $(B \setminus A)\cap C$ and the difference of $B \cap C$ and the intersection of $A$ and $C$ are equal and the difference of the intersection of $B$ and $C$ and the intersection of $A$ and $C$ is equal to the difference of $B \cap C$ and $A$.

Prop9d. Let $A$, $B$ and $C$ be sets. Then $(B \setminus A)\cap C$ and the difference of $B \cap C$ and the intersection of $A$ and $C$ are equal and the difference of the intersection of $B$ and $C$ and $A \cap C$ is equal to the difference of the intersection of $B$ and $C$ and $A$.

Prop9d. Let $A$, $B$ and $C$ be sets. Then $(B \setminus A)\cap C$ and the difference of $B \cap C$ and the intersection of $A$ and $C$ are equal and the difference of $B \cap C$ and the intersection of $A$ and $C$ is equal to the difference of the intersection of $B$ and $C$ and $A$.

Prop9d. Let $A$, $B$ and $C$ be sets. Then $(B \setminus A)\cap C$ and the difference of $B \cap C$ and $A \cap C$ are equal and the difference of the intersection of $B$ and $C$ and the intersection of $A$ and $C$ is equal to the difference of the intersection of $B$ and $C$ and $A$.

Prop9d. Let $A$, $B$ and $C$ be sets. Then the intersection of the difference of $B$ and $A$ and $C$ is equal to the difference of the intersection of $B$ and $C$ and the intersection of $A$ and $C$ and $(B \cap C)\setminus (A \cap C)$ is equal to the difference of $B \cap C$ and $A$.

Prop9d. Let $A$, $B$ and $C$ be sets. Then the intersection of the difference of $B$ and $A$ and $C$ is equal to the difference of the intersection of $B$ and $C$ and $A \cap C$ and $(B \cap C)\setminus (A \cap C)$ is equal to the difference of the intersection of $B$ and $C$ and $A$.

Prop9d. Let $A$, $B$ and $C$ be sets. Then the intersection of the difference of $B$ and $A$ and $C$ is equal to the difference of $B \cap C$ and the intersection of $A$ and $C$ and $(B \cap C)\setminus (A \cap C)$ is equal to the difference of the intersection of $B$ and $C$ and $A$.

Prop9d. Let $A$, $B$ and $C$ be sets. Then the intersection of the difference of $B$ and $A$ and $C$ is equal to $(B \cap C)\setminus (A \cap C)$ and the difference of the intersection of $B$ and $C$ and the intersection of $A$ and $C$ is equal to the difference of $B \cap C$ and $A$.

Prop9d. Let $A$, $B$ and $C$ be sets. Then the intersection of the difference of $B$ and $A$ and $C$ is equal to $(B \cap C)\setminus (A \cap C)$ and the difference of the intersection of $B$ and $C$ and $A \cap C$ is equal to the difference of the intersection of $B$ and $C$ and $A$.

Prop9d. Let $A$, $B$ and $C$ be sets. Then the intersection of the difference of $B$ and $A$ and $C$ is equal to $(B \cap C)\setminus (A \cap C)$ and the difference of $B \cap C$ and the intersection of $A$ and $C$ is equal to the difference of the intersection of $B$ and $C$ and $A$.

Prop9d. Let $A$, $B$ and $C$ be sets. Then the intersection of the difference of $B$ and $A$ and $C$ and the difference of the intersection of $B$ and $C$ and the intersection of $A$ and $C$ are equal and the difference of $B \cap C$ and $A \cap C$ and $(B \cap C)\setminus A$ are equal.

Prop9d. Let $A$, $B$ and $C$ be sets. Then the intersection of the difference of $B$ and $A$ and $C$ and the difference of the intersection of $B$ and $C$ and $A \cap C$ are equal and the difference of $B \cap C$ and the intersection of $A$ and $C$ and $(B \cap C)\setminus A$ are equal.

Prop9d. Let $A$, $B$ and $C$ be sets. Then the intersection of the difference of $B$ and $A$ and $C$ and the difference of $B \cap C$ and the intersection of $A$ and $C$ are equal and the difference of the intersection of $B$ and $C$ and $A \cap C$ and $(B \cap C)\setminus A$ are equal.

Prop9d. Let $A$, $B$ and $C$ be sets. Then the intersection of the difference of $B$ and $A$ and $C$ and the difference of $B \cap C$ and $A \cap C$ are equal and the difference of the intersection of $B$ and $C$ and the intersection of $A$ and $C$ and $(B \cap C)\setminus A$ are equal.

Prop9d. Let $A$, $B$ and $C$ be sets. Then $(B \setminus A)\cap C$ and the difference of the intersection of $B$ and $C$ and the intersection of $A$ and $C$ are equal and the difference of the intersection of $B$ and $C$ and $A \cap C$ and the difference of $B \cap C$ and $A$ are equal.

Prop9d. Let $A$, $B$ and $C$ be sets. Then $(B \setminus A)\cap C$ and the difference of the intersection of $B$ and $C$ and the intersection of $A$ and $C$ are equal and the difference of $B \cap C$ and the intersection of $A$ and $C$ and the difference of $B \cap C$ and $A$ are equal.

Prop9d. Let $A$, $B$ and $C$ be sets. Then $(B \setminus A)\cap C$ and the difference of the intersection of $B$ and $C$ and the intersection of $A$ and $C$ are equal and the difference of $B \cap C$ and $A \cap C$ and the difference of the intersection of $B$ and $C$ and $A$ are equal.

Prop9d. Let $A$, $B$ and $C$ be sets. Then $(B \setminus A)\cap C$ and the difference of the intersection of $B$ and $C$ and $A \cap C$ are equal and the difference of the intersection of $B$ and $C$ and the intersection of $A$ and $C$ and the difference of $B \cap C$ and $A$ are equal.

Prop9d. Let $A$, $B$ and $C$ be sets. Then $(B \setminus A)\cap C$ and the difference of the intersection of $B$ and $C$ and $A \cap C$ are equal and the difference of $B \cap C$ and the intersection of $A$ and $C$ and the difference of the intersection of $B$ and $C$ and $A$ are equal.

Prop9d. Let $A$, $B$ and $C$ be sets. Then $(B \setminus A)\cap C$ and the difference of $B \cap C$ and the intersection of $A$ and $C$ are equal and the difference of the intersection of $B$ and $C$ and the intersection of $A$ and $C$ and the difference of $B \cap C$ and $A$ are equal.

Prop9d. Let $A$, $B$ and $C$ be sets. Then $(B \setminus A)\cap C$ and the difference of $B \cap C$ and the intersection of $A$ and $C$ are equal and the difference of the intersection of $B$ and $C$ and $A \cap C$ and the difference of the intersection of $B$ and $C$ and $A$ are equal.

Prop9d. Let $A$, $B$ and $C$ be sets. Then $(B \setminus A)\cap C$ and the difference of $B \cap C$ and $A \cap C$ are equal and the difference of the intersection of $B$ and $C$ and the intersection of $A$ and $C$ and the difference of the intersection of $B$ and $C$ and $A$ are equal.

Prop9d. Let $A$, $B$ and $C$ be sets. Then the intersection of the difference of $B$ and $A$ and $C$ is equal to the difference of the intersection of $B$ and $C$ and the intersection of $A$ and $C$ and $(B \cap C)\setminus (A \cap C)$ and the difference of $B \cap C$ and $A$ are equal.

Prop9d. Let $A$, $B$ and $C$ be sets. Then the intersection of the difference of $B$ and $A$ and $C$ is equal to the difference of the intersection of $B$ and $C$ and $A \cap C$ and $(B \cap C)\setminus (A \cap C)$ and the difference of the intersection of $B$ and $C$ and $A$ are equal.

Prop9d. Let $A$, $B$ and $C$ be sets. Then the intersection of the difference of $B$ and $A$ and $C$ is equal to the difference of $B \cap C$ and the intersection of $A$ and $C$ and $(B \cap C)\setminus (A \cap C)$ and the difference of the intersection of $B$ and $C$ and $A$ are equal.

Prop9d. Let $A$, $B$ and $C$ be sets. Then the intersection of the difference of $B$ and $A$ and $C$ is equal to $(B \cap C)\setminus (A \cap C)$ and the difference of the intersection of $B$ and $C$ and the intersection of $A$ and $C$ and the difference of $B \cap C$ and $A$ are equal.

Prop9d. Let $A$, $B$ and $C$ be sets. Then the intersection of the difference of $B$ and $A$ and $C$ is equal to $(B \cap C)\setminus (A \cap C)$ and the difference of the intersection of $B$ and $C$ and $A \cap C$ and the difference of the intersection of $B$ and $C$ and $A$ are equal.

Prop9d. Let $A$, $B$ and $C$ be sets. Then the intersection of the difference of $B$ and $A$ and $C$ is equal to $(B \cap C)\setminus (A \cap C)$ and the difference of $B \cap C$ and the intersection of $A$ and $C$ and the difference of the intersection of $B$ and $C$ and $A$ are equal.

Prop9d. Let $A$, $B$ and $C$ be sets. Then the intersection of the difference of $B$ and $A$ and $C$ and the difference of the intersection of $B$ and $C$ and the intersection of $A$ and $C$ are equal and $(B \cap C)\setminus (A \cap C)$ is equal to the difference of $B \cap C$ and $A$.

Prop9d. Let $A$, $B$ and $C$ be sets. Then the intersection of the difference of $B$ and $A$ and $C$ and the difference of the intersection of $B$ and $C$ and $A \cap C$ are equal and $(B \cap C)\setminus (A \cap C)$ is equal to the difference of the intersection of $B$ and $C$ and $A$.

Prop9d. Let $A$, $B$ and $C$ be sets. Then the intersection of the difference of $B$ and $A$ and $C$ and the difference of $B \cap C$ and the intersection of $A$ and $C$ are equal and $(B \cap C)\setminus (A \cap C)$ is equal to the difference of the intersection of $B$ and $C$ and $A$.

Prop9d. Let $A$, $B$ and $C$ be sets. Then the intersection of the difference of $B$ and $A$ and $C$ and $(B \cap C)\setminus (A \cap C)$ are equal and the difference of the intersection of $B$ and $C$ and the intersection of $A$ and $C$ is equal to the difference of $B \cap C$ and $A$.

Prop9d. Let $A$, $B$ and $C$ be sets. Then the intersection of the difference of $B$ and $A$ and $C$ and $(B \cap C)\setminus (A \cap C)$ are equal and the difference of the intersection of $B$ and $C$ and $A \cap C$ is equal to the difference of the intersection of $B$ and $C$ and $A$.

Prop9d. Let $A$, $B$ and $C$ be sets. Then the intersection of the difference of $B$ and $A$ and $C$ and $(B \cap C)\setminus (A \cap C)$ are equal and the difference of $B \cap C$ and the intersection of $A$ and $C$ is equal to the difference of the intersection of $B$ and $C$ and $A$.

Prop9d. Let $A$, $B$ and $C$ be sets. Then the intersection of $B \setminus A$ and $C$ is equal to the difference of the intersection of $B$ and $C$ and the intersection of $A$ and $C$ and the difference of the intersection of $B$ and $C$ and $A \cap C$ is equal to $(B \cap C)\setminus A$.

Prop9d. Let $A$, $B$ and $C$ be sets. Then the intersection of $B \setminus A$ and $C$ is equal to the difference of the intersection of $B$ and $C$ and the intersection of $A$ and $C$ and the difference of $B \cap C$ and the intersection of $A$ and $C$ is equal to $(B \cap C)\setminus A$.

Prop9d. Let $A$, $B$ and $C$ be sets. Then the intersection of $B \setminus A$ and $C$ is equal to the difference of the intersection of $B$ and $C$ and $A \cap C$ and the difference of the intersection of $B$ and $C$ and the intersection of $A$ and $C$ is equal to $(B \cap C)\setminus A$.

Prop9d. Let $A$, $B$ and $C$ be sets. Then the intersection of $B \setminus A$ and $C$ is equal to the difference of $B \cap C$ and the intersection of $A$ and $C$ and the difference of the intersection of $B$ and $C$ and the intersection of $A$ and $C$ is equal to $(B \cap C)\setminus A$.

Prop9d. Let $A$, $B$ and $C$ be sets. Then the intersection of the difference of $B$ and $A$ and $C$ and the difference of the intersection of $B$ and $C$ and the intersection of $A$ and $C$ are equal and $(B \cap C)\setminus (A \cap C)$ and the difference of $B \cap C$ and $A$ are equal.

Prop9d. Let $A$, $B$ and $C$ be sets. Then the intersection of the difference of $B$ and $A$ and $C$ and the difference of the intersection of $B$ and $C$ and $A \cap C$ are equal and $(B \cap C)\setminus (A \cap C)$ and the difference of the intersection of $B$ and $C$ and $A$ are equal.

Prop9d. Let $A$, $B$ and $C$ be sets. Then the intersection of the difference of $B$ and $A$ and $C$ and the difference of $B \cap C$ and the intersection of $A$ and $C$ are equal and $(B \cap C)\setminus (A \cap C)$ and the difference of the intersection of $B$ and $C$ and $A$ are equal.

Prop9d. Let $A$, $B$ and $C$ be sets. Then the intersection of the difference of $B$ and $A$ and $C$ and $(B \cap C)\setminus (A \cap C)$ are equal and the difference of the intersection of $B$ and $C$ and the intersection of $A$ and $C$ and the difference of $B \cap C$ and $A$ are equal.

Prop9d. Let $A$, $B$ and $C$ be sets. Then the intersection of the difference of $B$ and $A$ and $C$ and $(B \cap C)\setminus (A \cap C)$ are equal and the difference of the intersection of $B$ and $C$ and $A \cap C$ and the difference of the intersection of $B$ and $C$ and $A$ are equal.

Prop9d. Let $A$, $B$ and $C$ be sets. Then the intersection of the difference of $B$ and $A$ and $C$ and $(B \cap C)\setminus (A \cap C)$ are equal and the difference of $B \cap C$ and the intersection of $A$ and $C$ and the difference of the intersection of $B$ and $C$ and $A$ are equal.

Prop9d. Let $A$, $B$ and $C$ be sets. Then the intersection of $B \setminus A$ and $C$ is equal to the difference of the intersection of $B$ and $C$ and the intersection of $A$ and $C$ and the difference of the intersection of $B$ and $C$ and $A \cap C$ and $(B \cap C)\setminus A$ are equal.

Prop9d. Let $A$, $B$ and $C$ be sets. Then the intersection of $B \setminus A$ and $C$ is equal to the difference of the intersection of $B$ and $C$ and the intersection of $A$ and $C$ and the difference of $B \cap C$ and the intersection of $A$ and $C$ and $(B \cap C)\setminus A$ are equal.

Prop9d. Let $A$, $B$ and $C$ be sets. Then the intersection of $B \setminus A$ and $C$ is equal to the difference of the intersection of $B$ and $C$ and $A \cap C$ and the difference of the intersection of $B$ and $C$ and the intersection of $A$ and $C$ and $(B \cap C)\setminus A$ are equal.

Prop9d. Let $A$, $B$ and $C$ be sets. Then the intersection of $B \setminus A$ and $C$ is equal to the difference of $B \cap C$ and the intersection of $A$ and $C$ and the difference of the intersection of $B$ and $C$ and the intersection of $A$ and $C$ and $(B \cap C)\setminus A$ are equal.

Prop9d. Let $A$, $B$ and $C$ be sets. Then the intersection of $B \setminus A$ and $C$ and the difference of the intersection of $B$ and $C$ and the intersection of $A$ and $C$ are equal and the difference of the intersection of $B$ and $C$ and $A \cap C$ is equal to $(B \cap C)\setminus A$.

Prop9d. Let $A$, $B$ and $C$ be sets. Then the intersection of $B \setminus A$ and $C$ and the difference of the intersection of $B$ and $C$ and the intersection of $A$ and $C$ are equal and the difference of $B \cap C$ and the intersection of $A$ and $C$ is equal to $(B \cap C)\setminus A$.

Prop9d. Let $A$, $B$ and $C$ be sets. Then the intersection of $B \setminus A$ and $C$ and the difference of the intersection of $B$ and $C$ and $A \cap C$ are equal and the difference of the intersection of $B$ and $C$ and the intersection of $A$ and $C$ is equal to $(B \cap C)\setminus A$.

Prop9d. Let $A$, $B$ and $C$ be sets. Then the intersection of $B \setminus A$ and $C$ and the difference of $B \cap C$ and the intersection of $A$ and $C$ are equal and the difference of the intersection of $B$ and $C$ and the intersection of $A$ and $C$ is equal to $(B \cap C)\setminus A$.

Prop9d. Let $A$, $B$ and $C$ be sets. Then $(B \setminus A)\cap C$ is equal to the difference of the intersection of $B$ and $C$ and the intersection of $A$ and $C$ and the difference of the intersection of $B$ and $C$ and the intersection of $A$ and $C$ is equal to $(B \cap C)\setminus A$.

Prop9d. Let $A$, $B$ and $C$ be sets. Then the intersection of $B \setminus A$ and $C$ is equal to the difference of the intersection of $B$ and $C$ and the intersection of $A$ and $C$ and $(B \cap C)\setminus (A \cap C)$ is equal to the difference of the intersection of $B$ and $C$ and $A$.

Prop9d. Let $A$, $B$ and $C$ be sets. Then the intersection of $B \setminus A$ and $C$ is equal to $(B \cap C)\setminus (A \cap C)$ and the difference of the intersection of $B$ and $C$ and the intersection of $A$ and $C$ is equal to the difference of the intersection of $B$ and $C$ and $A$.

Prop9d. Let $A$, $B$ and $C$ be sets. Then the intersection of $B \setminus A$ and $C$ and the difference of the intersection of $B$ and $C$ and the intersection of $A$ and $C$ are equal and the difference of the intersection of $B$ and $C$ and $A \cap C$ and $(B \cap C)\setminus A$ are equal.

Prop9d. Let $A$, $B$ and $C$ be sets. Then the intersection of $B \setminus A$ and $C$ and the difference of the intersection of $B$ and $C$ and the intersection of $A$ and $C$ are equal and the difference of $B \cap C$ and the intersection of $A$ and $C$ and $(B \cap C)\setminus A$ are equal.

Prop9d. Let $A$, $B$ and $C$ be sets. Then the intersection of $B \setminus A$ and $C$ and the difference of the intersection of $B$ and $C$ and $A \cap C$ are equal and the difference of the intersection of $B$ and $C$ and the intersection of $A$ and $C$ and $(B \cap C)\setminus A$ are equal.

Prop9d. Let $A$, $B$ and $C$ be sets. Then the intersection of $B \setminus A$ and $C$ and the difference of $B \cap C$ and the intersection of $A$ and $C$ are equal and the difference of the intersection of $B$ and $C$ and the intersection of $A$ and $C$ and $(B \cap C)\setminus A$ are equal.

Prop9d. Let $A$, $B$ and $C$ be sets. Then $(B \setminus A)\cap C$ is equal to the difference of the intersection of $B$ and $C$ and the intersection of $A$ and $C$ and the difference of the intersection of $B$ and $C$ and the intersection of $A$ and $C$ and $(B \cap C)\setminus A$ are equal.

Prop9d. Let $A$, $B$ and $C$ be sets. Then $(B \setminus A)\cap C$ and the difference of the intersection of $B$ and $C$ and the intersection of $A$ and $C$ are equal and the difference of the intersection of $B$ and $C$ and the intersection of $A$ and $C$ is equal to $(B \cap C)\setminus A$.

Prop9d. Let $A$, $B$ and $C$ be sets. Then the intersection of $B \setminus A$ and $C$ is equal to the difference of the intersection of $B$ and $C$ and the intersection of $A$ and $C$ and $(B \cap C)\setminus (A \cap C)$ and the difference of the intersection of $B$ and $C$ and $A$ are equal.

Prop9d. Let $A$, $B$ and $C$ be sets. Then the intersection of $B \setminus A$ and $C$ is equal to $(B \cap C)\setminus (A \cap C)$ and the difference of the intersection of $B$ and $C$ and the intersection of $A$ and $C$ and the difference of the intersection of $B$ and $C$ and $A$ are equal.

Prop9d. Let $A$, $B$ and $C$ be sets. Then the intersection of $B \setminus A$ and $C$ and the difference of the intersection of $B$ and $C$ and the intersection of $A$ and $C$ are equal and $(B \cap C)\setminus (A \cap C)$ is equal to the difference of the intersection of $B$ and $C$ and $A$.

Prop9d. Let $A$, $B$ and $C$ be sets. Then the intersection of $B \setminus A$ and $C$ and $(B \cap C)\setminus (A \cap C)$ are equal and the difference of the intersection of $B$ and $C$ and the intersection of $A$ and $C$ is equal to the difference of the intersection of $B$ and $C$ and $A$.

Prop9d. Let $A$, $B$ and $C$ be sets. Then the intersection of $B \setminus A$ and $C$ and the difference of the intersection of $B$ and $C$ and the intersection of $A$ and $C$ are equal and $(B \cap C)\setminus (A \cap C)$ and the difference of the intersection of $B$ and $C$ and $A$ are equal.

Prop9d. Let $A$, $B$ and $C$ be sets. Then the intersection of $B \setminus A$ and $C$ and $(B \cap C)\setminus (A \cap C)$ are equal and the difference of the intersection of $B$ and $C$ and the intersection of $A$ and $C$ and the difference of the intersection of $B$ and $C$ and $A$ are equal.

Prop9d. Let $A$, $B$ and $C$ be sets. Then the intersection of the difference of $B$ and $A$ and $C$ is equal to the difference of the intersection of $B$ and $C$ and the intersection of $A$ and $C$ and the difference of $B \cap C$ and $A \cap C$ is equal to the difference of $B \cap C$ and $A$.

Prop9d. Let $A$, $B$ and $C$ be sets. Then the intersection of the difference of $B$ and $A$ and $C$ is equal to the difference of the intersection of $B$ and $C$ and $A \cap C$ and the difference of the intersection of $B$ and $C$ and $A \cap C$ is equal to the difference of $B \cap C$ and $A$.

Prop9d. Let $A$, $B$ and $C$ be sets. Then the intersection of the difference of $B$ and $A$ and $C$ is equal to the difference of the intersection of $B$ and $C$ and $A \cap C$ and the difference of $B \cap C$ and the intersection of $A$ and $C$ is equal to the difference of $B \cap C$ and $A$.

Prop9d. Let $A$, $B$ and $C$ be sets. Then the intersection of the difference of $B$ and $A$ and $C$ is equal to the difference of the intersection of $B$ and $C$ and $A \cap C$ and the difference of $B \cap C$ and $A \cap C$ is equal to the difference of the intersection of $B$ and $C$ and $A$.

Prop9d. Let $A$, $B$ and $C$ be sets. Then the intersection of the difference of $B$ and $A$ and $C$ is equal to the difference of $B \cap C$ and the intersection of $A$ and $C$ and the difference of the intersection of $B$ and $C$ and $A \cap C$ is equal to the difference of $B \cap C$ and $A$.

Prop9d. Let $A$, $B$ and $C$ be sets. Then the intersection of the difference of $B$ and $A$ and $C$ is equal to the difference of $B \cap C$ and the intersection of $A$ and $C$ and the difference of $B \cap C$ and the intersection of $A$ and $C$ is equal to the difference of $B \cap C$ and $A$.

Prop9d. Let $A$, $B$ and $C$ be sets. Then the intersection of the difference of $B$ and $A$ and $C$ is equal to the difference of $B \cap C$ and the intersection of $A$ and $C$ and the difference of $B \cap C$ and $A \cap C$ is equal to the difference of the intersection of $B$ and $C$ and $A$.

Prop9d. Let $A$, $B$ and $C$ be sets. Then the intersection of the difference of $B$ and $A$ and $C$ is equal to the difference of $B \cap C$ and $A \cap C$ and the difference of the intersection of $B$ and $C$ and the intersection of $A$ and $C$ is equal to the difference of $B \cap C$ and $A$.

Prop9d. Let $A$, $B$ and $C$ be sets. Then the intersection of the difference of $B$ and $A$ and $C$ is equal to the difference of $B \cap C$ and $A \cap C$ and the difference of the intersection of $B$ and $C$ and $A \cap C$ is equal to the difference of the intersection of $B$ and $C$ and $A$.

Prop9d. Let $A$, $B$ and $C$ be sets. Then the intersection of the difference of $B$ and $A$ and $C$ is equal to the difference of $B \cap C$ and $A \cap C$ and the difference of $B \cap C$ and the intersection of $A$ and $C$ is equal to the difference of the intersection of $B$ and $C$ and $A$.

Prop9d. Let $A$, $B$ and $C$ be sets. Then the intersection of the difference of $B$ and $A$ and $C$ is equal to the difference of the intersection of $B$ and $C$ and the intersection of $A$ and $C$ and the difference of $B \cap C$ and $A \cap C$ and the difference of $B \cap C$ and $A$ are equal.

Prop9d. Let $A$, $B$ and $C$ be sets. Then the intersection of the difference of $B$ and $A$ and $C$ is equal to the difference of the intersection of $B$ and $C$ and $A \cap C$ and the difference of the intersection of $B$ and $C$ and $A \cap C$ and the difference of $B \cap C$ and $A$ are equal.

Prop9d. Let $A$, $B$ and $C$ be sets. Then the intersection of the difference of $B$ and $A$ and $C$ is equal to the difference of the intersection of $B$ and $C$ and $A \cap C$ and the difference of $B \cap C$ and the intersection of $A$ and $C$ and the difference of $B \cap C$ and $A$ are equal.

Prop9d. Let $A$, $B$ and $C$ be sets. Then the intersection of the difference of $B$ and $A$ and $C$ is equal to the difference of the intersection of $B$ and $C$ and $A \cap C$ and the difference of $B \cap C$ and $A \cap C$ and the difference of the intersection of $B$ and $C$ and $A$ are equal.

Prop9d. Let $A$, $B$ and $C$ be sets. Then the intersection of the difference of $B$ and $A$ and $C$ is equal to the difference of $B \cap C$ and the intersection of $A$ and $C$ and the difference of the intersection of $B$ and $C$ and $A \cap C$ and the difference of $B \cap C$ and $A$ are equal.

Prop9d. Let $A$, $B$ and $C$ be sets. Then the intersection of the difference of $B$ and $A$ and $C$ is equal to the difference of $B \cap C$ and the intersection of $A$ and $C$ and the difference of $B \cap C$ and the intersection of $A$ and $C$ and the difference of $B \cap C$ and $A$ are equal.

Prop9d. Let $A$, $B$ and $C$ be sets. Then the intersection of the difference of $B$ and $A$ and $C$ is equal to the difference of $B \cap C$ and the intersection of $A$ and $C$ and the difference of $B \cap C$ and $A \cap C$ and the difference of the intersection of $B$ and $C$ and $A$ are equal.

Prop9d. Let $A$, $B$ and $C$ be sets. Then the intersection of the difference of $B$ and $A$ and $C$ is equal to the difference of $B \cap C$ and $A \cap C$ and the difference of the intersection of $B$ and $C$ and the intersection of $A$ and $C$ and the difference of $B \cap C$ and $A$ are equal.

Prop9d. Let $A$, $B$ and $C$ be sets. Then the intersection of the difference of $B$ and $A$ and $C$ is equal to the difference of $B \cap C$ and $A \cap C$ and the difference of the intersection of $B$ and $C$ and $A \cap C$ and the difference of the intersection of $B$ and $C$ and $A$ are equal.

Prop9d. Let $A$, $B$ and $C$ be sets. Then the intersection of the difference of $B$ and $A$ and $C$ is equal to the difference of $B \cap C$ and $A \cap C$ and the difference of $B \cap C$ and the intersection of $A$ and $C$ and the difference of the intersection of $B$ and $C$ and $A$ are equal.

Prop9d. Let $A$, $B$ and $C$ be sets. Then the intersection of the difference of $B$ and $A$ and $C$ and the difference of the intersection of $B$ and $C$ and the intersection of $A$ and $C$ are equal and the difference of $B \cap C$ and $A \cap C$ is equal to the difference of $B \cap C$ and $A$.

Prop9d. Let $A$, $B$ and $C$ be sets. Then the intersection of the difference of $B$ and $A$ and $C$ and the difference of the intersection of $B$ and $C$ and $A \cap C$ are equal and the difference of the intersection of $B$ and $C$ and $A \cap C$ is equal to the difference of $B \cap C$ and $A$.

Prop9d. Let $A$, $B$ and $C$ be sets. Then the intersection of the difference of $B$ and $A$ and $C$ and the difference of the intersection of $B$ and $C$ and $A \cap C$ are equal and the difference of $B \cap C$ and the intersection of $A$ and $C$ is equal to the difference of $B \cap C$ and $A$.

Prop9d. Let $A$, $B$ and $C$ be sets. Then the intersection of the difference of $B$ and $A$ and $C$ and the difference of the intersection of $B$ and $C$ and $A \cap C$ are equal and the difference of $B \cap C$ and $A \cap C$ is equal to the difference of the intersection of $B$ and $C$ and $A$.

Prop9d. Let $A$, $B$ and $C$ be sets. Then the intersection of the difference of $B$ and $A$ and $C$ and the difference of $B \cap C$ and the intersection of $A$ and $C$ are equal and the difference of the intersection of $B$ and $C$ and $A \cap C$ is equal to the difference of $B \cap C$ and $A$.

Prop9d. Let $A$, $B$ and $C$ be sets. Then the intersection of the difference of $B$ and $A$ and $C$ and the difference of $B \cap C$ and the intersection of $A$ and $C$ are equal and the difference of $B \cap C$ and the intersection of $A$ and $C$ is equal to the difference of $B \cap C$ and $A$.

Prop9d. Let $A$, $B$ and $C$ be sets. Then the intersection of the difference of $B$ and $A$ and $C$ and the difference of $B \cap C$ and the intersection of $A$ and $C$ are equal and the difference of $B \cap C$ and $A \cap C$ is equal to the difference of the intersection of $B$ and $C$ and $A$.

Prop9d. Let $A$, $B$ and $C$ be sets. Then the intersection of the difference of $B$ and $A$ and $C$ and the difference of $B \cap C$ and $A \cap C$ are equal and the difference of the intersection of $B$ and $C$ and the intersection of $A$ and $C$ is equal to the difference of $B \cap C$ and $A$.

Prop9d. Let $A$, $B$ and $C$ be sets. Then the intersection of the difference of $B$ and $A$ and $C$ and the difference of $B \cap C$ and $A \cap C$ are equal and the difference of the intersection of $B$ and $C$ and $A \cap C$ is equal to the difference of the intersection of $B$ and $C$ and $A$.

Prop9d. Let $A$, $B$ and $C$ be sets. Then the intersection of the difference of $B$ and $A$ and $C$ and the difference of $B \cap C$ and $A \cap C$ are equal and the difference of $B \cap C$ and the intersection of $A$ and $C$ is equal to the difference of the intersection of $B$ and $C$ and $A$.

Prop9d. Let $A$, $B$ and $C$ be sets. Then the intersection of the difference of $B$ and $A$ and $C$ and the difference of the intersection of $B$ and $C$ and the intersection of $A$ and $C$ are equal and the difference of $B \cap C$ and $A \cap C$ and the difference of $B \cap C$ and $A$ are equal.

Prop9d. Let $A$, $B$ and $C$ be sets. Then the intersection of the difference of $B$ and $A$ and $C$ and the difference of the intersection of $B$ and $C$ and $A \cap C$ are equal and the difference of $B \cap C$ and the intersection of $A$ and $C$ and the difference of $B \cap C$ and $A$ are equal.

Prop9d. Let $A$, $B$ and $C$ be sets. Then the intersection of the difference of $B$ and $A$ and $C$ and the difference of the intersection of $B$ and $C$ and $A \cap C$ are equal and the difference of $B \cap C$ and $A \cap C$ and the difference of the intersection of $B$ and $C$ and $A$ are equal.

Prop9d. Let $A$, $B$ and $C$ be sets. Then the intersection of the difference of $B$ and $A$ and $C$ and the difference of $B \cap C$ and the intersection of $A$ and $C$ are equal and the difference of the intersection of $B$ and $C$ and $A \cap C$ and the difference of $B \cap C$ and $A$ are equal.

Prop9d. Let $A$, $B$ and $C$ be sets. Then the intersection of the difference of $B$ and $A$ and $C$ and the difference of $B \cap C$ and the intersection of $A$ and $C$ are equal and the difference of $B \cap C$ and $A \cap C$ and the difference of the intersection of $B$ and $C$ and $A$ are equal.

Prop9d. Let $A$, $B$ and $C$ be sets. Then the intersection of the difference of $B$ and $A$ and $C$ and the difference of $B \cap C$ and $A \cap C$ are equal and the difference of the intersection of $B$ and $C$ and the intersection of $A$ and $C$ and the difference of $B \cap C$ and $A$ are equal.

Prop9d. Let $A$, $B$ and $C$ be sets. Then the intersection of the difference of $B$ and $A$ and $C$ and the difference of $B \cap C$ and $A \cap C$ are equal and the difference of the intersection of $B$ and $C$ and $A \cap C$ and the difference of the intersection of $B$ and $C$ and $A$ are equal.

Prop9d. Let $A$, $B$ and $C$ be sets. Then the intersection of the difference of $B$ and $A$ and $C$ and the difference of $B \cap C$ and $A \cap C$ are equal and the difference of $B \cap C$ and the intersection of $A$ and $C$ and the difference of the intersection of $B$ and $C$ and $A$ are equal.

Prop9d. Let $A$, $B$ and $C$ be sets. Then the intersection of $B \setminus A$ and $C$ is equal to the difference of the intersection of $B$ and $C$ and the intersection of $A$ and $C$ and the difference of the intersection of $B$ and $C$ and $A \cap C$ is equal to the difference of $B \cap C$ and $A$.

Prop9d. Let $A$, $B$ and $C$ be sets. Then the intersection of $B \setminus A$ and $C$ is equal to the difference of the intersection of $B$ and $C$ and the intersection of $A$ and $C$ and the difference of $B \cap C$ and the intersection of $A$ and $C$ is equal to the difference of $B \cap C$ and $A$.

Prop9d. Let $A$, $B$ and $C$ be sets. Then the intersection of $B \setminus A$ and $C$ is equal to the difference of the intersection of $B$ and $C$ and the intersection of $A$ and $C$ and the difference of $B \cap C$ and $A \cap C$ is equal to the difference of the intersection of $B$ and $C$ and $A$.

Prop9d. Let $A$, $B$ and $C$ be sets. Then the intersection of $B \setminus A$ and $C$ is equal to the difference of the intersection of $B$ and $C$ and $A \cap C$ and the difference of the intersection of $B$ and $C$ and the intersection of $A$ and $C$ is equal to the difference of $B \cap C$ and $A$.

Prop9d. Let $A$, $B$ and $C$ be sets. Then the intersection of $B \setminus A$ and $C$ is equal to the difference of the intersection of $B$ and $C$ and $A \cap C$ and the difference of the intersection of $B$ and $C$ and $A \cap C$ is equal to the difference of the intersection of $B$ and $C$ and $A$.

Prop9d. Let $A$, $B$ and $C$ be sets. Then the intersection of $B \setminus A$ and $C$ is equal to the difference of the intersection of $B$ and $C$ and $A \cap C$ and the difference of $B \cap C$ and the intersection of $A$ and $C$ is equal to the difference of the intersection of $B$ and $C$ and $A$.

Prop9d. Let $A$, $B$ and $C$ be sets. Then the intersection of $B \setminus A$ and $C$ is equal to the difference of $B \cap C$ and the intersection of $A$ and $C$ and the difference of the intersection of $B$ and $C$ and the intersection of $A$ and $C$ is equal to the difference of $B \cap C$ and $A$.

Prop9d. Let $A$, $B$ and $C$ be sets. Then the intersection of $B \setminus A$ and $C$ is equal to the difference of $B \cap C$ and the intersection of $A$ and $C$ and the difference of the intersection of $B$ and $C$ and $A \cap C$ is equal to the difference of the intersection of $B$ and $C$ and $A$.

Prop9d. Let $A$, $B$ and $C$ be sets. Then the intersection of $B \setminus A$ and $C$ is equal to the difference of $B \cap C$ and the intersection of $A$ and $C$ and the difference of $B \cap C$ and the intersection of $A$ and $C$ is equal to the difference of the intersection of $B$ and $C$ and $A$.

Prop9d. Let $A$, $B$ and $C$ be sets. Then the intersection of $B \setminus A$ and $C$ is equal to the difference of $B \cap C$ and $A \cap C$ and the difference of the intersection of $B$ and $C$ and the intersection of $A$ and $C$ is equal to the difference of the intersection of $B$ and $C$ and $A$.

Prop9d. Let $A$, $B$ and $C$ be sets. Then the intersection of $B \setminus A$ and $C$ is equal to the difference of the intersection of $B$ and $C$ and the intersection of $A$ and $C$ and the difference of the intersection of $B$ and $C$ and $A \cap C$ and the difference of $B \cap C$ and $A$ are equal.

Prop9d. Let $A$, $B$ and $C$ be sets. Then the intersection of $B \setminus A$ and $C$ is equal to the difference of the intersection of $B$ and $C$ and the intersection of $A$ and $C$ and the difference of $B \cap C$ and the intersection of $A$ and $C$ and the difference of $B \cap C$ and $A$ are equal.

Prop9d. Let $A$, $B$ and $C$ be sets. Then the intersection of $B \setminus A$ and $C$ is equal to the difference of the intersection of $B$ and $C$ and the intersection of $A$ and $C$ and the difference of $B \cap C$ and $A \cap C$ and the difference of the intersection of $B$ and $C$ and $A$ are equal.

Prop9d. Let $A$, $B$ and $C$ be sets. Then the intersection of $B \setminus A$ and $C$ is equal to the difference of the intersection of $B$ and $C$ and $A \cap C$ and the difference of the intersection of $B$ and $C$ and the intersection of $A$ and $C$ and the difference of $B \cap C$ and $A$ are equal.

Prop9d. Let $A$, $B$ and $C$ be sets. Then the intersection of $B \setminus A$ and $C$ is equal to the difference of the intersection of $B$ and $C$ and $A \cap C$ and the difference of the intersection of $B$ and $C$ and $A \cap C$ and the difference of the intersection of $B$ and $C$ and $A$ are equal.

Prop9d. Let $A$, $B$ and $C$ be sets. Then the intersection of $B \setminus A$ and $C$ is equal to the difference of the intersection of $B$ and $C$ and $A \cap C$ and the difference of $B \cap C$ and the intersection of $A$ and $C$ and the difference of the intersection of $B$ and $C$ and $A$ are equal.

Prop9d. Let $A$, $B$ and $C$ be sets. Then the intersection of $B \setminus A$ and $C$ is equal to the difference of $B \cap C$ and the intersection of $A$ and $C$ and the difference of the intersection of $B$ and $C$ and the intersection of $A$ and $C$ and the difference of $B \cap C$ and $A$ are equal.

Prop9d. Let $A$, $B$ and $C$ be sets. Then the intersection of $B \setminus A$ and $C$ is equal to the difference of $B \cap C$ and the intersection of $A$ and $C$ and the difference of the intersection of $B$ and $C$ and $A \cap C$ and the difference of the intersection of $B$ and $C$ and $A$ are equal.

Prop9d. Let $A$, $B$ and $C$ be sets. Then the intersection of $B \setminus A$ and $C$ is equal to the difference of $B \cap C$ and the intersection of $A$ and $C$ and the difference of $B \cap C$ and the intersection of $A$ and $C$ and the difference of the intersection of $B$ and $C$ and $A$ are equal.

Prop9d. Let $A$, $B$ and $C$ be sets. Then the intersection of $B \setminus A$ and $C$ is equal to the difference of $B \cap C$ and $A \cap C$ and the difference of the intersection of $B$ and $C$ and the intersection of $A$ and $C$ and the difference of the intersection of $B$ and $C$ and $A$ are equal.

Prop9d. Let $A$, $B$ and $C$ be sets. Then the intersection of $B \setminus A$ and $C$ and the difference of the intersection of $B$ and $C$ and the intersection of $A$ and $C$ are equal and the difference of the intersection of $B$ and $C$ and $A \cap C$ is equal to the difference of $B \cap C$ and $A$.

Prop9d. Let $A$, $B$ and $C$ be sets. Then the intersection of $B \setminus A$ and $C$ and the difference of the intersection of $B$ and $C$ and the intersection of $A$ and $C$ are equal and the difference of $B \cap C$ and the intersection of $A$ and $C$ is equal to the difference of $B \cap C$ and $A$.

Prop9d. Let $A$, $B$ and $C$ be sets. Then the intersection of $B \setminus A$ and $C$ and the difference of the intersection of $B$ and $C$ and the intersection of $A$ and $C$ are equal and the difference of $B \cap C$ and $A \cap C$ is equal to the difference of the intersection of $B$ and $C$ and $A$.

Prop9d. Let $A$, $B$ and $C$ be sets. Then the intersection of $B \setminus A$ and $C$ and the difference of the intersection of $B$ and $C$ and $A \cap C$ are equal and the difference of the intersection of $B$ and $C$ and the intersection of $A$ and $C$ is equal to the difference of $B \cap C$ and $A$.

Prop9d. Let $A$, $B$ and $C$ be sets. Then the intersection of $B \setminus A$ and $C$ and the difference of the intersection of $B$ and $C$ and $A \cap C$ are equal and the difference of the intersection of $B$ and $C$ and $A \cap C$ is equal to the difference of the intersection of $B$ and $C$ and $A$.

Prop9d. Let $A$, $B$ and $C$ be sets. Then the intersection of $B \setminus A$ and $C$ and the difference of the intersection of $B$ and $C$ and $A \cap C$ are equal and the difference of $B \cap C$ and the intersection of $A$ and $C$ is equal to the difference of the intersection of $B$ and $C$ and $A$.

Prop9d. Let $A$, $B$ and $C$ be sets. Then the intersection of $B \setminus A$ and $C$ and the difference of $B \cap C$ and the intersection of $A$ and $C$ are equal and the difference of the intersection of $B$ and $C$ and the intersection of $A$ and $C$ is equal to the difference of $B \cap C$ and $A$.

Prop9d. Let $A$, $B$ and $C$ be sets. Then the intersection of $B \setminus A$ and $C$ and the difference of $B \cap C$ and the intersection of $A$ and $C$ are equal and the difference of the intersection of $B$ and $C$ and $A \cap C$ is equal to the difference of the intersection of $B$ and $C$ and $A$.

Prop9d. Let $A$, $B$ and $C$ be sets. Then the intersection of $B \setminus A$ and $C$ and the difference of $B \cap C$ and the intersection of $A$ and $C$ are equal and the difference of $B \cap C$ and the intersection of $A$ and $C$ is equal to the difference of the intersection of $B$ and $C$ and $A$.

Prop9d. Let $A$, $B$ and $C$ be sets. Then the intersection of $B \setminus A$ and $C$ and the difference of $B \cap C$ and $A \cap C$ are equal and the difference of the intersection of $B$ and $C$ and the intersection of $A$ and $C$ is equal to the difference of the intersection of $B$ and $C$ and $A$.

Prop9d. Let $A$, $B$ and $C$ be sets. Then the intersection of the difference of $B$ and $A$ and $C$ is equal to the difference of the intersection of $B$ and $C$ and the intersection of $A$ and $C$ and the difference of the intersection of $B$ and $C$ and $A \cap C$ is equal to $(B \cap C)\setminus A$.

Prop9d. Let $A$, $B$ and $C$ be sets. Then the intersection of the difference of $B$ and $A$ and $C$ is equal to the difference of the intersection of $B$ and $C$ and the intersection of $A$ and $C$ and the difference of $B \cap C$ and the intersection of $A$ and $C$ is equal to $(B \cap C)\setminus A$.

Prop9d. Let $A$, $B$ and $C$ be sets. Then the intersection of the difference of $B$ and $A$ and $C$ is equal to the difference of the intersection of $B$ and $C$ and $A \cap C$ and the difference of the intersection of $B$ and $C$ and the intersection of $A$ and $C$ is equal to $(B \cap C)\setminus A$.

Prop9d. Let $A$, $B$ and $C$ be sets. Then the intersection of the difference of $B$ and $A$ and $C$ is equal to the difference of $B \cap C$ and the intersection of $A$ and $C$ and the difference of the intersection of $B$ and $C$ and the intersection of $A$ and $C$ is equal to $(B \cap C)\setminus A$.

Prop9d. Let $A$, $B$ and $C$ be sets. Then $(B \setminus A)\cap C$ is equal to the difference of the intersection of $B$ and $C$ and the intersection of $A$ and $C$ and the difference of the intersection of $B$ and $C$ and the intersection of $A$ and $C$ is equal to the difference of $B \cap C$ and $A$.

Prop9d. Let $A$, $B$ and $C$ be sets. Then $(B \setminus A)\cap C$ is equal to the difference of the intersection of $B$ and $C$ and the intersection of $A$ and $C$ and the difference of the intersection of $B$ and $C$ and $A \cap C$ is equal to the difference of the intersection of $B$ and $C$ and $A$.

Prop9d. Let $A$, $B$ and $C$ be sets. Then $(B \setminus A)\cap C$ is equal to the difference of the intersection of $B$ and $C$ and the intersection of $A$ and $C$ and the difference of $B \cap C$ and the intersection of $A$ and $C$ is equal to the difference of the intersection of $B$ and $C$ and $A$.

Prop9d. Let $A$, $B$ and $C$ be sets. Then $(B \setminus A)\cap C$ is equal to the difference of the intersection of $B$ and $C$ and $A \cap C$ and the difference of the intersection of $B$ and $C$ and the intersection of $A$ and $C$ is equal to the difference of the intersection of $B$ and $C$ and $A$.

Prop9d. Let $A$, $B$ and $C$ be sets. Then $(B \setminus A)\cap C$ is equal to the difference of $B \cap C$ and the intersection of $A$ and $C$ and the difference of the intersection of $B$ and $C$ and the intersection of $A$ and $C$ is equal to the difference of the intersection of $B$ and $C$ and $A$.

Prop9d. Let $A$, $B$ and $C$ be sets. Then the intersection of $B \setminus A$ and $C$ and the difference of the intersection of $B$ and $C$ and the intersection of $A$ and $C$ are equal and the difference of the intersection of $B$ and $C$ and $A \cap C$ and the difference of $B \cap C$ and $A$ are equal.

Prop9d. Let $A$, $B$ and $C$ be sets. Then the intersection of $B \setminus A$ and $C$ and the difference of the intersection of $B$ and $C$ and the intersection of $A$ and $C$ are equal and the difference of $B \cap C$ and the intersection of $A$ and $C$ and the difference of $B \cap C$ and $A$ are equal.

Prop9d. Let $A$, $B$ and $C$ be sets. Then the intersection of $B \setminus A$ and $C$ and the difference of the intersection of $B$ and $C$ and the intersection of $A$ and $C$ are equal and the difference of $B \cap C$ and $A \cap C$ and the difference of the intersection of $B$ and $C$ and $A$ are equal.

Prop9d. Let $A$, $B$ and $C$ be sets. Then the intersection of $B \setminus A$ and $C$ and the difference of the intersection of $B$ and $C$ and $A \cap C$ are equal and the difference of the intersection of $B$ and $C$ and the intersection of $A$ and $C$ and the difference of $B \cap C$ and $A$ are equal.

Prop9d. Let $A$, $B$ and $C$ be sets. Then the intersection of $B \setminus A$ and $C$ and the difference of the intersection of $B$ and $C$ and $A \cap C$ are equal and the difference of $B \cap C$ and the intersection of $A$ and $C$ and the difference of the intersection of $B$ and $C$ and $A$ are equal.

Prop9d. Let $A$, $B$ and $C$ be sets. Then the intersection of $B \setminus A$ and $C$ and the difference of $B \cap C$ and the intersection of $A$ and $C$ are equal and the difference of the intersection of $B$ and $C$ and the intersection of $A$ and $C$ and the difference of $B \cap C$ and $A$ are equal.

Prop9d. Let $A$, $B$ and $C$ be sets. Then the intersection of $B \setminus A$ and $C$ and the difference of $B \cap C$ and the intersection of $A$ and $C$ are equal and the difference of the intersection of $B$ and $C$ and $A \cap C$ and the difference of the intersection of $B$ and $C$ and $A$ are equal.

Prop9d. Let $A$, $B$ and $C$ be sets. Then the intersection of $B \setminus A$ and $C$ and the difference of $B \cap C$ and $A \cap C$ are equal and the difference of the intersection of $B$ and $C$ and the intersection of $A$ and $C$ and the difference of the intersection of $B$ and $C$ and $A$ are equal.

Prop9d. Let $A$, $B$ and $C$ be sets. Then the intersection of the difference of $B$ and $A$ and $C$ is equal to the difference of the intersection of $B$ and $C$ and the intersection of $A$ and $C$ and the difference of the intersection of $B$ and $C$ and $A \cap C$ and $(B \cap C)\setminus A$ are equal.

Prop9d. Let $A$, $B$ and $C$ be sets. Then the intersection of the difference of $B$ and $A$ and $C$ is equal to the difference of the intersection of $B$ and $C$ and the intersection of $A$ and $C$ and the difference of $B \cap C$ and the intersection of $A$ and $C$ and $(B \cap C)\setminus A$ are equal.

Prop9d. Let $A$, $B$ and $C$ be sets. Then the intersection of the difference of $B$ and $A$ and $C$ is equal to the difference of the intersection of $B$ and $C$ and $A \cap C$ and the difference of the intersection of $B$ and $C$ and the intersection of $A$ and $C$ and $(B \cap C)\setminus A$ are equal.

Prop9d. Let $A$, $B$ and $C$ be sets. Then the intersection of the difference of $B$ and $A$ and $C$ is equal to the difference of $B \cap C$ and the intersection of $A$ and $C$ and the difference of the intersection of $B$ and $C$ and the intersection of $A$ and $C$ and $(B \cap C)\setminus A$ are equal.

Prop9d. Let $A$, $B$ and $C$ be sets. Then $(B \setminus A)\cap C$ is equal to the difference of the intersection of $B$ and $C$ and the intersection of $A$ and $C$ and the difference of the intersection of $B$ and $C$ and the intersection of $A$ and $C$ and the difference of $B \cap C$ and $A$ are equal.

Prop9d. Let $A$, $B$ and $C$ be sets. Then $(B \setminus A)\cap C$ is equal to the difference of the intersection of $B$ and $C$ and the intersection of $A$ and $C$ and the difference of the intersection of $B$ and $C$ and $A \cap C$ and the difference of the intersection of $B$ and $C$ and $A$ are equal.

Prop9d. Let $A$, $B$ and $C$ be sets. Then $(B \setminus A)\cap C$ is equal to the difference of the intersection of $B$ and $C$ and the intersection of $A$ and $C$ and the difference of $B \cap C$ and the intersection of $A$ and $C$ and the difference of the intersection of $B$ and $C$ and $A$ are equal.

Prop9d. Let $A$, $B$ and $C$ be sets. Then $(B \setminus A)\cap C$ is equal to the difference of the intersection of $B$ and $C$ and $A \cap C$ and the difference of the intersection of $B$ and $C$ and the intersection of $A$ and $C$ and the difference of the intersection of $B$ and $C$ and $A$ are equal.

Prop9d. Let $A$, $B$ and $C$ be sets. Then $(B \setminus A)\cap C$ is equal to the difference of $B \cap C$ and the intersection of $A$ and $C$ and the difference of the intersection of $B$ and $C$ and the intersection of $A$ and $C$ and the difference of the intersection of $B$ and $C$ and $A$ are equal.

Prop9d. Let $A$, $B$ and $C$ be sets. Then the intersection of the difference of $B$ and $A$ and $C$ and the difference of the intersection of $B$ and $C$ and the intersection of $A$ and $C$ are equal and the difference of the intersection of $B$ and $C$ and $A \cap C$ is equal to $(B \cap C)\setminus A$.

Prop9d. Let $A$, $B$ and $C$ be sets. Then the intersection of the difference of $B$ and $A$ and $C$ and the difference of the intersection of $B$ and $C$ and the intersection of $A$ and $C$ are equal and the difference of $B \cap C$ and the intersection of $A$ and $C$ is equal to $(B \cap C)\setminus A$.

Prop9d. Let $A$, $B$ and $C$ be sets. Then the intersection of the difference of $B$ and $A$ and $C$ and the difference of the intersection of $B$ and $C$ and $A \cap C$ are equal and the difference of the intersection of $B$ and $C$ and the intersection of $A$ and $C$ is equal to $(B \cap C)\setminus A$.

Prop9d. Let $A$, $B$ and $C$ be sets. Then the intersection of the difference of $B$ and $A$ and $C$ and the difference of $B \cap C$ and the intersection of $A$ and $C$ are equal and the difference of the intersection of $B$ and $C$ and the intersection of $A$ and $C$ is equal to $(B \cap C)\setminus A$.

Prop9d. Let $A$, $B$ and $C$ be sets. Then $(B \setminus A)\cap C$ and the difference of the intersection of $B$ and $C$ and the intersection of $A$ and $C$ are equal and the difference of the intersection of $B$ and $C$ and the intersection of $A$ and $C$ is equal to the difference of $B \cap C$ and $A$.

Prop9d. Let $A$, $B$ and $C$ be sets. Then $(B \setminus A)\cap C$ and the difference of the intersection of $B$ and $C$ and the intersection of $A$ and $C$ are equal and the difference of the intersection of $B$ and $C$ and $A \cap C$ is equal to the difference of the intersection of $B$ and $C$ and $A$.

Prop9d. Let $A$, $B$ and $C$ be sets. Then $(B \setminus A)\cap C$ and the difference of the intersection of $B$ and $C$ and the intersection of $A$ and $C$ are equal and the difference of $B \cap C$ and the intersection of $A$ and $C$ is equal to the difference of the intersection of $B$ and $C$ and $A$.

Prop9d. Let $A$, $B$ and $C$ be sets. Then $(B \setminus A)\cap C$ and the difference of the intersection of $B$ and $C$ and $A \cap C$ are equal and the difference of the intersection of $B$ and $C$ and the intersection of $A$ and $C$ is equal to the difference of the intersection of $B$ and $C$ and $A$.

Prop9d. Let $A$, $B$ and $C$ be sets. Then $(B \setminus A)\cap C$ and the difference of $B \cap C$ and the intersection of $A$ and $C$ are equal and the difference of the intersection of $B$ and $C$ and the intersection of $A$ and $C$ is equal to the difference of the intersection of $B$ and $C$ and $A$.

Prop9d. Let $A$, $B$ and $C$ be sets. Then the intersection of the difference of $B$ and $A$ and $C$ is equal to the difference of the intersection of $B$ and $C$ and the intersection of $A$ and $C$ and $(B \cap C)\setminus (A \cap C)$ is equal to the difference of the intersection of $B$ and $C$ and $A$.

Prop9d. Let $A$, $B$ and $C$ be sets. Then the intersection of the difference of $B$ and $A$ and $C$ is equal to $(B \cap C)\setminus (A \cap C)$ and the difference of the intersection of $B$ and $C$ and the intersection of $A$ and $C$ is equal to the difference of the intersection of $B$ and $C$ and $A$.

Prop9d. Let $A$, $B$ and $C$ be sets. Then the intersection of the difference of $B$ and $A$ and $C$ and the difference of the intersection of $B$ and $C$ and the intersection of $A$ and $C$ are equal and the difference of the intersection of $B$ and $C$ and $A \cap C$ and $(B \cap C)\setminus A$ are equal.

Prop9d. Let $A$, $B$ and $C$ be sets. Then the intersection of the difference of $B$ and $A$ and $C$ and the difference of the intersection of $B$ and $C$ and the intersection of $A$ and $C$ are equal and the difference of $B \cap C$ and the intersection of $A$ and $C$ and $(B \cap C)\setminus A$ are equal.

Prop9d. Let $A$, $B$ and $C$ be sets. Then the intersection of the difference of $B$ and $A$ and $C$ and the difference of the intersection of $B$ and $C$ and $A \cap C$ are equal and the difference of the intersection of $B$ and $C$ and the intersection of $A$ and $C$ and $(B \cap C)\setminus A$ are equal.

Prop9d. Let $A$, $B$ and $C$ be sets. Then the intersection of the difference of $B$ and $A$ and $C$ and the difference of $B \cap C$ and the intersection of $A$ and $C$ are equal and the difference of the intersection of $B$ and $C$ and the intersection of $A$ and $C$ and $(B \cap C)\setminus A$ are equal.

Prop9d. Let $A$, $B$ and $C$ be sets. Then $(B \setminus A)\cap C$ and the difference of the intersection of $B$ and $C$ and the intersection of $A$ and $C$ are equal and the difference of the intersection of $B$ and $C$ and $A \cap C$ and the difference of the intersection of $B$ and $C$ and $A$ are equal.

Prop9d. Let $A$, $B$ and $C$ be sets. Then $(B \setminus A)\cap C$ and the difference of the intersection of $B$ and $C$ and the intersection of $A$ and $C$ are equal and the difference of $B \cap C$ and the intersection of $A$ and $C$ and the difference of the intersection of $B$ and $C$ and $A$ are equal.

Prop9d. Let $A$, $B$ and $C$ be sets. Then $(B \setminus A)\cap C$ and the difference of the intersection of $B$ and $C$ and $A \cap C$ are equal and the difference of the intersection of $B$ and $C$ and the intersection of $A$ and $C$ and the difference of the intersection of $B$ and $C$ and $A$ are equal.

Prop9d. Let $A$, $B$ and $C$ be sets. Then $(B \setminus A)\cap C$ and the difference of $B \cap C$ and the intersection of $A$ and $C$ are equal and the difference of the intersection of $B$ and $C$ and the intersection of $A$ and $C$ and the difference of the intersection of $B$ and $C$ and $A$ are equal.

Prop9d. Let $A$, $B$ and $C$ be sets. Then the intersection of the difference of $B$ and $A$ and $C$ is equal to the difference of the intersection of $B$ and $C$ and the intersection of $A$ and $C$ and $(B \cap C)\setminus (A \cap C)$ and the difference of the intersection of $B$ and $C$ and $A$ are equal.

Prop9d. Let $A$, $B$ and $C$ be sets. Then the intersection of the difference of $B$ and $A$ and $C$ is equal to $(B \cap C)\setminus (A \cap C)$ and the difference of the intersection of $B$ and $C$ and the intersection of $A$ and $C$ and the difference of the intersection of $B$ and $C$ and $A$ are equal.

Prop9d. Let $A$, $B$ and $C$ be sets. Then the intersection of the difference of $B$ and $A$ and $C$ and the difference of the intersection of $B$ and $C$ and the intersection of $A$ and $C$ are equal and $(B \cap C)\setminus (A \cap C)$ is equal to the difference of the intersection of $B$ and $C$ and $A$.

Prop9d. Let $A$, $B$ and $C$ be sets. Then the intersection of the difference of $B$ and $A$ and $C$ and $(B \cap C)\setminus (A \cap C)$ are equal and the difference of the intersection of $B$ and $C$ and the intersection of $A$ and $C$ is equal to the difference of the intersection of $B$ and $C$ and $A$.

Prop9d. Let $A$, $B$ and $C$ be sets. Then the intersection of $B \setminus A$ and $C$ is equal to the difference of the intersection of $B$ and $C$ and the intersection of $A$ and $C$ and the difference of the intersection of $B$ and $C$ and the intersection of $A$ and $C$ is equal to $(B \cap C)\setminus A$.

Prop9d. Let $A$, $B$ and $C$ be sets. Then the intersection of the difference of $B$ and $A$ and $C$ and the difference of the intersection of $B$ and $C$ and the intersection of $A$ and $C$ are equal and $(B \cap C)\setminus (A \cap C)$ and the difference of the intersection of $B$ and $C$ and $A$ are equal.

Prop9d. Let $A$, $B$ and $C$ be sets. Then the intersection of the difference of $B$ and $A$ and $C$ and $(B \cap C)\setminus (A \cap C)$ are equal and the difference of the intersection of $B$ and $C$ and the intersection of $A$ and $C$ and the difference of the intersection of $B$ and $C$ and $A$ are equal.

Prop9d. Let $A$, $B$ and $C$ be sets. Then the intersection of $B \setminus A$ and $C$ is equal to the difference of the intersection of $B$ and $C$ and the intersection of $A$ and $C$ and the difference of the intersection of $B$ and $C$ and the intersection of $A$ and $C$ and $(B \cap C)\setminus A$ are equal.

Prop9d. Let $A$, $B$ and $C$ be sets. Then the intersection of $B \setminus A$ and $C$ and the difference of the intersection of $B$ and $C$ and the intersection of $A$ and $C$ are equal and the difference of the intersection of $B$ and $C$ and the intersection of $A$ and $C$ is equal to $(B \cap C)\setminus A$.

Prop9d. Let $A$, $B$ and $C$ be sets. Then the intersection of the difference of $B$ and $A$ and $C$ is equal to the difference of the intersection of $B$ and $C$ and the intersection of $A$ and $C$ and the difference of the intersection of $B$ and $C$ and $A \cap C$ is equal to the difference of $B \cap C$ and $A$.

Prop9d. Let $A$, $B$ and $C$ be sets. Then the intersection of the difference of $B$ and $A$ and $C$ is equal to the difference of the intersection of $B$ and $C$ and the intersection of $A$ and $C$ and the difference of $B \cap C$ and the intersection of $A$ and $C$ is equal to the difference of $B \cap C$ and $A$.

Prop9d. Let $A$, $B$ and $C$ be sets. Then the intersection of the difference of $B$ and $A$ and $C$ is equal to the difference of the intersection of $B$ and $C$ and the intersection of $A$ and $C$ and the difference of $B \cap C$ and $A \cap C$ is equal to the difference of the intersection of $B$ and $C$ and $A$.

Prop9d. Let $A$, $B$ and $C$ be sets. Then the intersection of the difference of $B$ and $A$ and $C$ is equal to the difference of the intersection of $B$ and $C$ and $A \cap C$ and the difference of the intersection of $B$ and $C$ and the intersection of $A$ and $C$ is equal to the difference of $B \cap C$ and $A$.

Prop9d. Let $A$, $B$ and $C$ be sets. Then the intersection of the difference of $B$ and $A$ and $C$ is equal to the difference of the intersection of $B$ and $C$ and $A \cap C$ and the difference of the intersection of $B$ and $C$ and $A \cap C$ is equal to the difference of the intersection of $B$ and $C$ and $A$.

Prop9d. Let $A$, $B$ and $C$ be sets. Then the intersection of the difference of $B$ and $A$ and $C$ is equal to the difference of the intersection of $B$ and $C$ and $A \cap C$ and the difference of $B \cap C$ and the intersection of $A$ and $C$ is equal to the difference of the intersection of $B$ and $C$ and $A$.

Prop9d. Let $A$, $B$ and $C$ be sets. Then the intersection of the difference of $B$ and $A$ and $C$ is equal to the difference of $B \cap C$ and the intersection of $A$ and $C$ and the difference of the intersection of $B$ and $C$ and the intersection of $A$ and $C$ is equal to the difference of $B \cap C$ and $A$.

Prop9d. Let $A$, $B$ and $C$ be sets. Then the intersection of the difference of $B$ and $A$ and $C$ is equal to the difference of $B \cap C$ and the intersection of $A$ and $C$ and the difference of the intersection of $B$ and $C$ and $A \cap C$ is equal to the difference of the intersection of $B$ and $C$ and $A$.

Prop9d. Let $A$, $B$ and $C$ be sets. Then the intersection of the difference of $B$ and $A$ and $C$ is equal to the difference of $B \cap C$ and the intersection of $A$ and $C$ and the difference of $B \cap C$ and the intersection of $A$ and $C$ is equal to the difference of the intersection of $B$ and $C$ and $A$.

Prop9d. Let $A$, $B$ and $C$ be sets. Then the intersection of the difference of $B$ and $A$ and $C$ is equal to the difference of $B \cap C$ and $A \cap C$ and the difference of the intersection of $B$ and $C$ and the intersection of $A$ and $C$ is equal to the difference of the intersection of $B$ and $C$ and $A$.

Prop9d. Let $A$, $B$ and $C$ be sets. Then the intersection of the difference of $B$ and $A$ and $C$ is equal to the difference of the intersection of $B$ and $C$ and the intersection of $A$ and $C$ and the difference of the intersection of $B$ and $C$ and $A \cap C$ and the difference of $B \cap C$ and $A$ are equal.

Prop9d. Let $A$, $B$ and $C$ be sets. Then the intersection of the difference of $B$ and $A$ and $C$ is equal to the difference of the intersection of $B$ and $C$ and the intersection of $A$ and $C$ and the difference of $B \cap C$ and the intersection of $A$ and $C$ and the difference of $B \cap C$ and $A$ are equal.

Prop9d. Let $A$, $B$ and $C$ be sets. Then the intersection of the difference of $B$ and $A$ and $C$ is equal to the difference of the intersection of $B$ and $C$ and the intersection of $A$ and $C$ and the difference of $B \cap C$ and $A \cap C$ and the difference of the intersection of $B$ and $C$ and $A$ are equal.

Prop9d. Let $A$, $B$ and $C$ be sets. Then the intersection of the difference of $B$ and $A$ and $C$ is equal to the difference of the intersection of $B$ and $C$ and $A \cap C$ and the difference of the intersection of $B$ and $C$ and the intersection of $A$ and $C$ and the difference of $B \cap C$ and $A$ are equal.

Prop9d. Let $A$, $B$ and $C$ be sets. Then the intersection of the difference of $B$ and $A$ and $C$ is equal to the difference of the intersection of $B$ and $C$ and $A \cap C$ and the difference of the intersection of $B$ and $C$ and $A \cap C$ and the difference of the intersection of $B$ and $C$ and $A$ are equal.

Prop9d. Let $A$, $B$ and $C$ be sets. Then the intersection of the difference of $B$ and $A$ and $C$ is equal to the difference of the intersection of $B$ and $C$ and $A \cap C$ and the difference of $B \cap C$ and the intersection of $A$ and $C$ and the difference of the intersection of $B$ and $C$ and $A$ are equal.

Prop9d. Let $A$, $B$ and $C$ be sets. Then the intersection of the difference of $B$ and $A$ and $C$ is equal to the difference of $B \cap C$ and the intersection of $A$ and $C$ and the difference of the intersection of $B$ and $C$ and the intersection of $A$ and $C$ and the difference of $B \cap C$ and $A$ are equal.

Prop9d. Let $A$, $B$ and $C$ be sets. Then the intersection of the difference of $B$ and $A$ and $C$ is equal to the difference of $B \cap C$ and the intersection of $A$ and $C$ and the difference of the intersection of $B$ and $C$ and $A \cap C$ and the difference of the intersection of $B$ and $C$ and $A$ are equal.

Prop9d. Let $A$, $B$ and $C$ be sets. Then the intersection of the difference of $B$ and $A$ and $C$ is equal to the difference of $B \cap C$ and the intersection of $A$ and $C$ and the difference of $B \cap C$ and the intersection of $A$ and $C$ and the difference of the intersection of $B$ and $C$ and $A$ are equal.

Prop9d. Let $A$, $B$ and $C$ be sets. Then the intersection of the difference of $B$ and $A$ and $C$ is equal to the difference of $B \cap C$ and $A \cap C$ and the difference of the intersection of $B$ and $C$ and the intersection of $A$ and $C$ and the difference of the intersection of $B$ and $C$ and $A$ are equal.

Prop9d. Let $A$, $B$ and $C$ be sets. Then the intersection of the difference of $B$ and $A$ and $C$ and the difference of the intersection of $B$ and $C$ and the intersection of $A$ and $C$ are equal and the difference of the intersection of $B$ and $C$ and $A \cap C$ is equal to the difference of $B \cap C$ and $A$.

Prop9d. Let $A$, $B$ and $C$ be sets. Then the intersection of the difference of $B$ and $A$ and $C$ and the difference of the intersection of $B$ and $C$ and the intersection of $A$ and $C$ are equal and the difference of $B \cap C$ and the intersection of $A$ and $C$ is equal to the difference of $B \cap C$ and $A$.

Prop9d. Let $A$, $B$ and $C$ be sets. Then the intersection of the difference of $B$ and $A$ and $C$ and the difference of the intersection of $B$ and $C$ and the intersection of $A$ and $C$ are equal and the difference of $B \cap C$ and $A \cap C$ is equal to the difference of the intersection of $B$ and $C$ and $A$.

Prop9d. Let $A$, $B$ and $C$ be sets. Then the intersection of the difference of $B$ and $A$ and $C$ and the difference of the intersection of $B$ and $C$ and $A \cap C$ are equal and the difference of the intersection of $B$ and $C$ and the intersection of $A$ and $C$ is equal to the difference of $B \cap C$ and $A$.

Prop9d. Let $A$, $B$ and $C$ be sets. Then the intersection of the difference of $B$ and $A$ and $C$ and the difference of the intersection of $B$ and $C$ and $A \cap C$ are equal and the difference of the intersection of $B$ and $C$ and $A \cap C$ is equal to the difference of the intersection of $B$ and $C$ and $A$.

Prop9d. Let $A$, $B$ and $C$ be sets. Then the intersection of the difference of $B$ and $A$ and $C$ and the difference of the intersection of $B$ and $C$ and $A \cap C$ are equal and the difference of $B \cap C$ and the intersection of $A$ and $C$ is equal to the difference of the intersection of $B$ and $C$ and $A$.

Prop9d. Let $A$, $B$ and $C$ be sets. Then the intersection of the difference of $B$ and $A$ and $C$ and the difference of $B \cap C$ and the intersection of $A$ and $C$ are equal and the difference of the intersection of $B$ and $C$ and the intersection of $A$ and $C$ is equal to the difference of $B \cap C$ and $A$.

Prop9d. Let $A$, $B$ and $C$ be sets. Then the intersection of the difference of $B$ and $A$ and $C$ and the difference of $B \cap C$ and the intersection of $A$ and $C$ are equal and the difference of the intersection of $B$ and $C$ and $A \cap C$ is equal to the difference of the intersection of $B$ and $C$ and $A$.

Prop9d. Let $A$, $B$ and $C$ be sets. Then the intersection of the difference of $B$ and $A$ and $C$ and the difference of $B \cap C$ and the intersection of $A$ and $C$ are equal and the difference of $B \cap C$ and the intersection of $A$ and $C$ is equal to the difference of the intersection of $B$ and $C$ and $A$.

Prop9d. Let $A$, $B$ and $C$ be sets. Then the intersection of the difference of $B$ and $A$ and $C$ and the difference of $B \cap C$ and $A \cap C$ are equal and the difference of the intersection of $B$ and $C$ and the intersection of $A$ and $C$ is equal to the difference of the intersection of $B$ and $C$ and $A$.

Prop9d. Let $A$, $B$ and $C$ be sets. Then the intersection of the difference of $B$ and $A$ and $C$ and the difference of the intersection of $B$ and $C$ and the intersection of $A$ and $C$ are equal and the difference of the intersection of $B$ and $C$ and $A \cap C$ and the difference of $B \cap C$ and $A$ are equal.

Prop9d. Let $A$, $B$ and $C$ be sets. Then the intersection of the difference of $B$ and $A$ and $C$ and the difference of the intersection of $B$ and $C$ and the intersection of $A$ and $C$ are equal and the difference of $B \cap C$ and the intersection of $A$ and $C$ and the difference of $B \cap C$ and $A$ are equal.

Prop9d. Let $A$, $B$ and $C$ be sets. Then the intersection of the difference of $B$ and $A$ and $C$ and the difference of the intersection of $B$ and $C$ and the intersection of $A$ and $C$ are equal and the difference of $B \cap C$ and $A \cap C$ and the difference of the intersection of $B$ and $C$ and $A$ are equal.

Prop9d. Let $A$, $B$ and $C$ be sets. Then the intersection of the difference of $B$ and $A$ and $C$ and the difference of the intersection of $B$ and $C$ and $A \cap C$ are equal and the difference of the intersection of $B$ and $C$ and the intersection of $A$ and $C$ and the difference of $B \cap C$ and $A$ are equal.

Prop9d. Let $A$, $B$ and $C$ be sets. Then the intersection of the difference of $B$ and $A$ and $C$ and the difference of the intersection of $B$ and $C$ and $A \cap C$ are equal and the difference of $B \cap C$ and the intersection of $A$ and $C$ and the difference of the intersection of $B$ and $C$ and $A$ are equal.

Prop9d. Let $A$, $B$ and $C$ be sets. Then the intersection of the difference of $B$ and $A$ and $C$ and the difference of $B \cap C$ and the intersection of $A$ and $C$ are equal and the difference of the intersection of $B$ and $C$ and the intersection of $A$ and $C$ and the difference of $B \cap C$ and $A$ are equal.

Prop9d. Let $A$, $B$ and $C$ be sets. Then the intersection of the difference of $B$ and $A$ and $C$ and the difference of $B \cap C$ and the intersection of $A$ and $C$ are equal and the difference of the intersection of $B$ and $C$ and $A \cap C$ and the difference of the intersection of $B$ and $C$ and $A$ are equal.

Prop9d. Let $A$, $B$ and $C$ be sets. Then the intersection of the difference of $B$ and $A$ and $C$ and the difference of $B \cap C$ and $A \cap C$ are equal and the difference of the intersection of $B$ and $C$ and the intersection of $A$ and $C$ and the difference of the intersection of $B$ and $C$ and $A$ are equal.

Prop9d. Let $A$, $B$ and $C$ be sets. Then the intersection of $B \setminus A$ and $C$ is equal to the difference of the intersection of $B$ and $C$ and the intersection of $A$ and $C$ and the difference of the intersection of $B$ and $C$ and the intersection of $A$ and $C$ is equal to the difference of $B \cap C$ and $A$.

Prop9d. Let $A$, $B$ and $C$ be sets. Then the intersection of $B \setminus A$ and $C$ is equal to the difference of the intersection of $B$ and $C$ and the intersection of $A$ and $C$ and the difference of the intersection of $B$ and $C$ and $A \cap C$ is equal to the difference of the intersection of $B$ and $C$ and $A$.

Prop9d. Let $A$, $B$ and $C$ be sets. Then the intersection of $B \setminus A$ and $C$ is equal to the difference of the intersection of $B$ and $C$ and the intersection of $A$ and $C$ and the difference of $B \cap C$ and the intersection of $A$ and $C$ is equal to the difference of the intersection of $B$ and $C$ and $A$.

Prop9d. Let $A$, $B$ and $C$ be sets. Then the intersection of $B \setminus A$ and $C$ is equal to the difference of the intersection of $B$ and $C$ and $A \cap C$ and the difference of the intersection of $B$ and $C$ and the intersection of $A$ and $C$ is equal to the difference of the intersection of $B$ and $C$ and $A$.

Prop9d. Let $A$, $B$ and $C$ be sets. Then the intersection of $B \setminus A$ and $C$ is equal to the difference of $B \cap C$ and the intersection of $A$ and $C$ and the difference of the intersection of $B$ and $C$ and the intersection of $A$ and $C$ is equal to the difference of the intersection of $B$ and $C$ and $A$.

Prop9d. Let $A$, $B$ and $C$ be sets. Then the intersection of $B \setminus A$ and $C$ is equal to the difference of the intersection of $B$ and $C$ and the intersection of $A$ and $C$ and the difference of the intersection of $B$ and $C$ and the intersection of $A$ and $C$ and the difference of $B \cap C$ and $A$ are equal.

Prop9d. Let $A$, $B$ and $C$ be sets. Then the intersection of $B \setminus A$ and $C$ is equal to the difference of the intersection of $B$ and $C$ and the intersection of $A$ and $C$ and the difference of the intersection of $B$ and $C$ and $A \cap C$ and the difference of the intersection of $B$ and $C$ and $A$ are equal.

Prop9d. Let $A$, $B$ and $C$ be sets. Then the intersection of $B \setminus A$ and $C$ is equal to the difference of the intersection of $B$ and $C$ and the intersection of $A$ and $C$ and the difference of $B \cap C$ and the intersection of $A$ and $C$ and the difference of the intersection of $B$ and $C$ and $A$ are equal.

Prop9d. Let $A$, $B$ and $C$ be sets. Then the intersection of $B \setminus A$ and $C$ is equal to the difference of the intersection of $B$ and $C$ and $A \cap C$ and the difference of the intersection of $B$ and $C$ and the intersection of $A$ and $C$ and the difference of the intersection of $B$ and $C$ and $A$ are equal.

Prop9d. Let $A$, $B$ and $C$ be sets. Then the intersection of $B \setminus A$ and $C$ is equal to the difference of $B \cap C$ and the intersection of $A$ and $C$ and the difference of the intersection of $B$ and $C$ and the intersection of $A$ and $C$ and the difference of the intersection of $B$ and $C$ and $A$ are equal.

Prop9d. Let $A$, $B$ and $C$ be sets. Then the intersection of $B \setminus A$ and $C$ and the difference of the intersection of $B$ and $C$ and the intersection of $A$ and $C$ are equal and the difference of the intersection of $B$ and $C$ and the intersection of $A$ and $C$ is equal to the difference of $B \cap C$ and $A$.

Prop9d. Let $A$, $B$ and $C$ be sets. Then the intersection of $B \setminus A$ and $C$ and the difference of the intersection of $B$ and $C$ and the intersection of $A$ and $C$ are equal and the difference of the intersection of $B$ and $C$ and $A \cap C$ is equal to the difference of the intersection of $B$ and $C$ and $A$.

Prop9d. Let $A$, $B$ and $C$ be sets. Then the intersection of $B \setminus A$ and $C$ and the difference of the intersection of $B$ and $C$ and the intersection of $A$ and $C$ are equal and the difference of $B \cap C$ and the intersection of $A$ and $C$ is equal to the difference of the intersection of $B$ and $C$ and $A$.

Prop9d. Let $A$, $B$ and $C$ be sets. Then the intersection of $B \setminus A$ and $C$ and the difference of the intersection of $B$ and $C$ and $A \cap C$ are equal and the difference of the intersection of $B$ and $C$ and the intersection of $A$ and $C$ is equal to the difference of the intersection of $B$ and $C$ and $A$.

Prop9d. Let $A$, $B$ and $C$ be sets. Then the intersection of $B \setminus A$ and $C$ and the difference of $B \cap C$ and the intersection of $A$ and $C$ are equal and the difference of the intersection of $B$ and $C$ and the intersection of $A$ and $C$ is equal to the difference of the intersection of $B$ and $C$ and $A$.

Prop9d. Let $A$, $B$ and $C$ be sets. Then the intersection of the difference of $B$ and $A$ and $C$ is equal to the difference of the intersection of $B$ and $C$ and the intersection of $A$ and $C$ and the difference of the intersection of $B$ and $C$ and the intersection of $A$ and $C$ is equal to $(B \cap C)\setminus A$.

Prop9d. Let $A$, $B$ and $C$ be sets. Then $(B \setminus A)\cap C$ is equal to the difference of the intersection of $B$ and $C$ and the intersection of $A$ and $C$ and the difference of the intersection of $B$ and $C$ and the intersection of $A$ and $C$ is equal to the difference of the intersection of $B$ and $C$ and $A$.

Prop9d. Let $A$, $B$ and $C$ be sets. Then the intersection of $B \setminus A$ and $C$ and the difference of the intersection of $B$ and $C$ and the intersection of $A$ and $C$ are equal and the difference of the intersection of $B$ and $C$ and $A \cap C$ and the difference of the intersection of $B$ and $C$ and $A$ are equal.

Prop9d. Let $A$, $B$ and $C$ be sets. Then the intersection of $B \setminus A$ and $C$ and the difference of the intersection of $B$ and $C$ and the intersection of $A$ and $C$ are equal and the difference of $B \cap C$ and the intersection of $A$ and $C$ and the difference of the intersection of $B$ and $C$ and $A$ are equal.

Prop9d. Let $A$, $B$ and $C$ be sets. Then the intersection of $B \setminus A$ and $C$ and the difference of the intersection of $B$ and $C$ and $A \cap C$ are equal and the difference of the intersection of $B$ and $C$ and the intersection of $A$ and $C$ and the difference of the intersection of $B$ and $C$ and $A$ are equal.

Prop9d. Let $A$, $B$ and $C$ be sets. Then the intersection of $B \setminus A$ and $C$ and the difference of $B \cap C$ and the intersection of $A$ and $C$ are equal and the difference of the intersection of $B$ and $C$ and the intersection of $A$ and $C$ and the difference of the intersection of $B$ and $C$ and $A$ are equal.

Prop9d. Let $A$, $B$ and $C$ be sets. Then the intersection of the difference of $B$ and $A$ and $C$ is equal to the difference of the intersection of $B$ and $C$ and the intersection of $A$ and $C$ and the difference of the intersection of $B$ and $C$ and the intersection of $A$ and $C$ and $(B \cap C)\setminus A$ are equal.

Prop9d. Let $A$, $B$ and $C$ be sets. Then $(B \setminus A)\cap C$ is equal to the difference of the intersection of $B$ and $C$ and the intersection of $A$ and $C$ and the difference of the intersection of $B$ and $C$ and the intersection of $A$ and $C$ and the difference of the intersection of $B$ and $C$ and $A$ are equal.

Prop9d. Let $A$, $B$ and $C$ be sets. Then the intersection of the difference of $B$ and $A$ and $C$ and the difference of the intersection of $B$ and $C$ and the intersection of $A$ and $C$ are equal and the difference of the intersection of $B$ and $C$ and the intersection of $A$ and $C$ is equal to $(B \cap C)\setminus A$.

Prop9d. Let $A$, $B$ and $C$ be sets. Then $(B \setminus A)\cap C$ and the difference of the intersection of $B$ and $C$ and the intersection of $A$ and $C$ are equal and the difference of the intersection of $B$ and $C$ and the intersection of $A$ and $C$ is equal to the difference of the intersection of $B$ and $C$ and $A$.

Prop9d. Let $A$, $B$ and $C$ be sets. Then the intersection of the difference of $B$ and $A$ and $C$ is equal to the difference of the intersection of $B$ and $C$ and the intersection of $A$ and $C$ and the difference of the intersection of $B$ and $C$ and the intersection of $A$ and $C$ is equal to the difference of $B \cap C$ and $A$.

Prop9d. Let $A$, $B$ and $C$ be sets. Then the intersection of the difference of $B$ and $A$ and $C$ is equal to the difference of the intersection of $B$ and $C$ and the intersection of $A$ and $C$ and the difference of the intersection of $B$ and $C$ and $A \cap C$ is equal to the difference of the intersection of $B$ and $C$ and $A$.

Prop9d. Let $A$, $B$ and $C$ be sets. Then the intersection of the difference of $B$ and $A$ and $C$ is equal to the difference of the intersection of $B$ and $C$ and the intersection of $A$ and $C$ and the difference of $B \cap C$ and the intersection of $A$ and $C$ is equal to the difference of the intersection of $B$ and $C$ and $A$.

Prop9d. Let $A$, $B$ and $C$ be sets. Then the intersection of the difference of $B$ and $A$ and $C$ is equal to the difference of the intersection of $B$ and $C$ and $A \cap C$ and the difference of the intersection of $B$ and $C$ and the intersection of $A$ and $C$ is equal to the difference of the intersection of $B$ and $C$ and $A$.

Prop9d. Let $A$, $B$ and $C$ be sets. Then the intersection of the difference of $B$ and $A$ and $C$ is equal to the difference of $B \cap C$ and the intersection of $A$ and $C$ and the difference of the intersection of $B$ and $C$ and the intersection of $A$ and $C$ is equal to the difference of the intersection of $B$ and $C$ and $A$.

Prop9d. Let $A$, $B$ and $C$ be sets. Then the intersection of the difference of $B$ and $A$ and $C$ is equal to the difference of the intersection of $B$ and $C$ and the intersection of $A$ and $C$ and the difference of the intersection of $B$ and $C$ and the intersection of $A$ and $C$ and the difference of $B \cap C$ and $A$ are equal.

Prop9d. Let $A$, $B$ and $C$ be sets. Then the intersection of the difference of $B$ and $A$ and $C$ is equal to the difference of the intersection of $B$ and $C$ and the intersection of $A$ and $C$ and the difference of the intersection of $B$ and $C$ and $A \cap C$ and the difference of the intersection of $B$ and $C$ and $A$ are equal.

Prop9d. Let $A$, $B$ and $C$ be sets. Then the intersection of the difference of $B$ and $A$ and $C$ is equal to the difference of the intersection of $B$ and $C$ and the intersection of $A$ and $C$ and the difference of $B \cap C$ and the intersection of $A$ and $C$ and the difference of the intersection of $B$ and $C$ and $A$ are equal.

Prop9d. Let $A$, $B$ and $C$ be sets. Then the intersection of the difference of $B$ and $A$ and $C$ is equal to the difference of the intersection of $B$ and $C$ and $A \cap C$ and the difference of the intersection of $B$ and $C$ and the intersection of $A$ and $C$ and the difference of the intersection of $B$ and $C$ and $A$ are equal.

Prop9d. Let $A$, $B$ and $C$ be sets. Then the intersection of the difference of $B$ and $A$ and $C$ is equal to the difference of $B \cap C$ and the intersection of $A$ and $C$ and the difference of the intersection of $B$ and $C$ and the intersection of $A$ and $C$ and the difference of the intersection of $B$ and $C$ and $A$ are equal.

Prop9d. Let $A$, $B$ and $C$ be sets. Then the intersection of the difference of $B$ and $A$ and $C$ and the difference of the intersection of $B$ and $C$ and the intersection of $A$ and $C$ are equal and the difference of the intersection of $B$ and $C$ and the intersection of $A$ and $C$ is equal to the difference of $B \cap C$ and $A$.

Prop9d. Let $A$, $B$ and $C$ be sets. Then the intersection of the difference of $B$ and $A$ and $C$ and the difference of the intersection of $B$ and $C$ and the intersection of $A$ and $C$ are equal and the difference of the intersection of $B$ and $C$ and $A \cap C$ is equal to the difference of the intersection of $B$ and $C$ and $A$.

Prop9d. Let $A$, $B$ and $C$ be sets. Then the intersection of the difference of $B$ and $A$ and $C$ and the difference of the intersection of $B$ and $C$ and the intersection of $A$ and $C$ are equal and the difference of $B \cap C$ and the intersection of $A$ and $C$ is equal to the difference of the intersection of $B$ and $C$ and $A$.

Prop9d. Let $A$, $B$ and $C$ be sets. Then the intersection of the difference of $B$ and $A$ and $C$ and the difference of the intersection of $B$ and $C$ and $A \cap C$ are equal and the difference of the intersection of $B$ and $C$ and the intersection of $A$ and $C$ is equal to the difference of the intersection of $B$ and $C$ and $A$.

Prop9d. Let $A$, $B$ and $C$ be sets. Then the intersection of the difference of $B$ and $A$ and $C$ and the difference of $B \cap C$ and the intersection of $A$ and $C$ are equal and the difference of the intersection of $B$ and $C$ and the intersection of $A$ and $C$ is equal to the difference of the intersection of $B$ and $C$ and $A$.

Prop9d. Let $A$, $B$ and $C$ be sets. Then the intersection of the difference of $B$ and $A$ and $C$ and the difference of the intersection of $B$ and $C$ and the intersection of $A$ and $C$ are equal and the difference of the intersection of $B$ and $C$ and $A \cap C$ and the difference of the intersection of $B$ and $C$ and $A$ are equal.

Prop9d. Let $A$, $B$ and $C$ be sets. Then the intersection of the difference of $B$ and $A$ and $C$ and the difference of the intersection of $B$ and $C$ and the intersection of $A$ and $C$ are equal and the difference of $B \cap C$ and the intersection of $A$ and $C$ and the difference of the intersection of $B$ and $C$ and $A$ are equal.

Prop9d. Let $A$, $B$ and $C$ be sets. Then the intersection of the difference of $B$ and $A$ and $C$ and the difference of the intersection of $B$ and $C$ and $A \cap C$ are equal and the difference of the intersection of $B$ and $C$ and the intersection of $A$ and $C$ and the difference of the intersection of $B$ and $C$ and $A$ are equal.

Prop9d. Let $A$, $B$ and $C$ be sets. Then the intersection of the difference of $B$ and $A$ and $C$ and the difference of $B \cap C$ and the intersection of $A$ and $C$ are equal and the difference of the intersection of $B$ and $C$ and the intersection of $A$ and $C$ and the difference of the intersection of $B$ and $C$ and $A$ are equal.

Prop9d. Let $A$, $B$ and $C$ be sets. Then the intersection of $B \setminus A$ and $C$ is equal to the difference of the intersection of $B$ and $C$ and the intersection of $A$ and $C$ and the difference of the intersection of $B$ and $C$ and the intersection of $A$ and $C$ is equal to the difference of the intersection of $B$ and $C$ and $A$.

Prop9d. Let $A$, $B$ and $C$ be sets. Then the intersection of $B \setminus A$ and $C$ is equal to the difference of the intersection of $B$ and $C$ and the intersection of $A$ and $C$ and the difference of the intersection of $B$ and $C$ and the intersection of $A$ and $C$ and the difference of the intersection of $B$ and $C$ and $A$ are equal.

Prop9d. Let $A$, $B$ and $C$ be sets. Then the intersection of $B \setminus A$ and $C$ and the difference of the intersection of $B$ and $C$ and the intersection of $A$ and $C$ are equal and the difference of the intersection of $B$ and $C$ and the intersection of $A$ and $C$ is equal to the difference of the intersection of $B$ and $C$ and $A$.

Prop9d. Let $A$, $B$ and $C$ be sets. Then the intersection of the difference of $B$ and $A$ and $C$ is equal to the difference of the intersection of $B$ and $C$ and the intersection of $A$ and $C$ and the difference of the intersection of $B$ and $C$ and the intersection of $A$ and $C$ is equal to the difference of the intersection of $B$ and $C$ and $A$.

Prop9d. Let $A$, $B$ and $C$ be sets. Then the intersection of the difference of $B$ and $A$ and $C$ is equal to the difference of the intersection of $B$ and $C$ and the intersection of $A$ and $C$ and the difference of the intersection of $B$ and $C$ and the intersection of $A$ and $C$ and the difference of the intersection of $B$ and $C$ and $A$ are equal.

Prop9d. Let $A$, $B$ and $C$ be sets. Then the intersection of the difference of $B$ and $A$ and $C$ and the difference of the intersection of $B$ and $C$ and the intersection of $A$ and $C$ are equal and the difference of the intersection of $B$ and $C$ and the intersection of $A$ and $C$ is equal to the difference of the intersection of $B$ and $C$ and $A$.
\end{document}
