\batchmode
\documentclass{article}
\usepackage{amsfonts}
\usepackage{amssymb}
\usepackage{amsmath}
\setlength\parindent{0pt}
\setlength\parskip{8pt}
\begin{document}
\newcommand{\meets}{\mathrel{\supset\!\!\!\subset}}
\newcommand{\notmeets}{\mathrel{\not\meets}}
\newcommand{\Complex}{\mathbb{C}}
\newcommand{\Integer}{\mathbb{Z}}
\newcommand{\Integral}[4]{\int_{ #1 }^{#2} #4 d #3}
\newcommand{\Natural}{\mathbb{N}}
\newcommand{\Rational}{\mathbb{Q}}
\newcommand{\Real}{\mathbb{R}}
\newcommand{\Summa}[4]{\sum_{ #3 = #1 }^{#2}{#4}}
\newcommand{\congruent}[3]{#1 \equiv #2 \, \mbox{mod} \, #3}
\newcommand{\divides}[2]{#1 \mid #2}
\newcommand{\divisible}[2]{#2 \mid #1}
\newcommand{\infinity}{\infty}
\newcommand{\isempty}[1]{#1 = \emptyset}
Thm01. Let $m$ and $n$ be natural numbers. Assume that $n \neq 0$. Then $(\frac{ m}{n})^ {2}\neq 2$.

Thm01. Let $m$ and $n$ be elements of $\Natural$. Assume that $n \neq 0$. Then $(\frac{ m}{n})^ {2}\neq 2$.

Thm01. Let $m$ and $n$ be natural numbers. Assume that $n$ is distinct from $0$. Then $(\frac{ m}{n})^ {2}\neq 2$.

Thm01. Let $m$ and $n$ be natural numbers. Assume that $n \neq 0$. Then $(\frac{ m}{n})^ {2}$ is distinct from $2$.

Thm01. Let $m$ and $n$ be elements of $\Natural$. Assume that $n$ is distinct from $0$. Then $(\frac{ m}{n})^ {2}\neq 2$.

Thm01. Let $m$ and $n$ be elements of $\Natural$. Assume that $n \neq 0$. Then $(\frac{ m}{n})^ {2}$ is distinct from $2$.

Thm01. Let $m$ and $n$ be natural numbers. Assume that $n$ is distinct from $0$. Then $(\frac{ m}{n})^ {2}$ is distinct from $2$.

Thm01. Let $m$ and $n$ be natural numbers. Assume that $n \neq 0$. Then the exponentiation of $\frac{ m}{n}$ to $2$ is distinct from $2$.

Thm01. Let $m$ and $n$ be elements of $\Natural$. Assume that $n$ is distinct from $0$. Then $(\frac{ m}{n})^ {2}$ is distinct from $2$.

Thm01. Let $m$ be an element of $\Natural$. Let $n$ be a natural number. Assume that $n \neq 0$. Then $(\frac{ m}{n})^ {2}\neq 2$.

Thm01. Let $m$ be a natural number. Let $n$ be an element of $\Natural$. Assume that $n \neq 0$. Then $(\frac{ m}{n})^ {2}\neq 2$.

Thm01. Let $m$ and $n$ be elements of $\Natural$. Assume that $n \neq 0$. Then the exponentiation of $\frac{ m}{n}$ to $2$ is distinct from $2$.

Thm01. Let $m$ and $n$ be natural numbers. Assume that $n \neq 0$. Then the exponentiation of the quotient of $m$ and $n$ to $2$ is distinct from $2$.

Thm01. Let $m$ and $n$ be natural numbers. Assume that $n$ is distinct from $0$. Then the exponentiation of $\frac{ m}{n}$ to $2$ is distinct from $2$.

Thm01. Let $m$ be an element of $\Natural$. Let $n$ be a natural number. Assume that $n$ is distinct from $0$. Then $(\frac{ m}{n})^ {2}\neq 2$.

Thm01. Let $m$ be a natural number. Let $n$ be an element of $\Natural$. Assume that $n$ is distinct from $0$. Then $(\frac{ m}{n})^ {2}\neq 2$.

Thm01. Let $m$ be an element of $\Natural$. Let $n$ be a natural number. Assume that $n \neq 0$. Then $(\frac{ m}{n})^ {2}$ is distinct from $2$.

Thm01. Let $m$ be a natural number. Let $n$ be an element of $\Natural$. Assume that $n \neq 0$. Then $(\frac{ m}{n})^ {2}$ is distinct from $2$.

Thm01. Let $m$ and $n$ be elements of $\Natural$. Assume that $n \neq 0$. Then the exponentiation of the quotient of $m$ and $n$ to $2$ is distinct from $2$.

Thm01. Let $m$ and $n$ be elements of $\Natural$. Assume that $n$ is distinct from $0$. Then the exponentiation of $\frac{ m}{n}$ to $2$ is distinct from $2$.

Thm01. Let $m$ and $n$ be natural numbers. Assume that $n$ is distinct from $0$. Then the exponentiation of the quotient of $m$ and $n$ to $2$ is distinct from $2$.

Thm01. Let $m$ be an element of $\Natural$. Let $n$ be a natural number. Assume that $n$ is distinct from $0$. Then $(\frac{ m}{n})^ {2}$ is distinct from $2$.

Thm01. Let $m$ be a natural number. Let $n$ be an element of $\Natural$. Assume that $n$ is distinct from $0$. Then $(\frac{ m}{n})^ {2}$ is distinct from $2$.

Thm01. Let $m$ and $n$ be elements of $\Natural$. Assume that $n$ is distinct from $0$. Then the exponentiation of the quotient of $m$ and $n$ to $2$ is distinct from $2$.

Thm01. Let $m$ be an element of $\Natural$. Let $n$ be a natural number. Assume that $n \neq 0$. Then the exponentiation of $\frac{ m}{n}$ to $2$ is distinct from $2$.

Thm01. Let $m$ be a natural number. Let $n$ be an element of $\Natural$. Assume that $n \neq 0$. Then the exponentiation of $\frac{ m}{n}$ to $2$ is distinct from $2$.

Thm01. Let $m$ be an element of $\Natural$. Let $n$ be a natural number. Assume that $n \neq 0$. Then the exponentiation of the quotient of $m$ and $n$ to $2$ is distinct from $2$.

Thm01. Let $m$ be a natural number. Let $n$ be an element of $\Natural$. Assume that $n \neq 0$. Then the exponentiation of the quotient of $m$ and $n$ to $2$ is distinct from $2$.

Thm01. Let $m$ be an element of $\Natural$. Let $n$ be a natural number. Assume that $n$ is distinct from $0$. Then the exponentiation of $\frac{ m}{n}$ to $2$ is distinct from $2$.

Thm01. Let $m$ be a natural number. Let $n$ be an element of $\Natural$. Assume that $n$ is distinct from $0$. Then the exponentiation of $\frac{ m}{n}$ to $2$ is distinct from $2$.

Thm01. Let $m$ be an element of $\Natural$. Let $n$ be a natural number. Assume that $n$ is distinct from $0$. Then the exponentiation of the quotient of $m$ and $n$ to $2$ is distinct from $2$.

Thm01. Let $m$ be a natural number. Let $n$ be an element of $\Natural$. Assume that $n$ is distinct from $0$. Then the exponentiation of the quotient of $m$ and $n$ to $2$ is distinct from $2$.

Thm01a. Let $m$ and $n$ be natural numbers. Then $(\frac{ m}{n + 1})^ {2}\neq 2$.

Thm01a. Let $m$ and $n$ be elements of $\Natural$. Then $(\frac{ m}{n + 1})^ {2}\neq 2$.

Thm01a. Let $m$ and $n$ be natural numbers. Then $(\frac{ m}{n + 1})^ {2}$ is distinct from $2$.

Thm01a. Let $m$ and $n$ be elements of $\Natural$. Then $(\frac{ m}{n + 1})^ {2}$ is distinct from $2$.

Thm01a. Let $m$ and $n$ be natural numbers. Then the exponentiation of $\frac{ m}{n + 1}$ to $2$ is distinct from $2$.

Thm01a. Let $m$ be an element of $\Natural$. Let $n$ be a natural number. Then $(\frac{ m}{n + 1})^ {2}\neq 2$.

Thm01a. Let $m$ be a natural number. Let $n$ be an element of $\Natural$. Then $(\frac{ m}{n + 1})^ {2}\neq 2$.

Thm01a. Let $m$ and $n$ be elements of $\Natural$. Then the exponentiation of $\frac{ m}{n + 1}$ to $2$ is distinct from $2$.

Thm01a. Let $m$ and $n$ be natural numbers. Then the exponentiation of the quotient of $m$ and $n + 1$ to $2$ is distinct from $2$.

Thm01a. Let $m$ be an element of $\Natural$. Let $n$ be a natural number. Then $(\frac{ m}{n + 1})^ {2}$ is distinct from $2$.

Thm01a. Let $m$ be a natural number. Let $n$ be an element of $\Natural$. Then $(\frac{ m}{n + 1})^ {2}$ is distinct from $2$.

Thm01a. Let $m$ and $n$ be elements of $\Natural$. Then the exponentiation of the quotient of $m$ and $n + 1$ to $2$ is distinct from $2$.

Thm01a. Let $m$ and $n$ be natural numbers. Then the exponentiation of the quotient of $m$ and the sum of $n$ and $1$ to $2$ is distinct from $2$.

Thm01a. Let $m$ be an element of $\Natural$. Let $n$ be a natural number. Then the exponentiation of $\frac{ m}{n + 1}$ to $2$ is distinct from $2$.

Thm01a. Let $m$ be a natural number. Let $n$ be an element of $\Natural$. Then the exponentiation of $\frac{ m}{n + 1}$ to $2$ is distinct from $2$.

Thm01a. Let $m$ and $n$ be elements of $\Natural$. Then the exponentiation of the quotient of $m$ and the sum of $n$ and $1$ to $2$ is distinct from $2$.

Thm01a. Let $m$ be an element of $\Natural$. Let $n$ be a natural number. Then the exponentiation of the quotient of $m$ and $n + 1$ to $2$ is distinct from $2$.

Thm01a. Let $m$ be a natural number. Let $n$ be an element of $\Natural$. Then the exponentiation of the quotient of $m$ and $n + 1$ to $2$ is distinct from $2$.

Thm01a. Let $m$ be an element of $\Natural$. Let $n$ be a natural number. Then the exponentiation of the quotient of $m$ and the sum of $n$ and $1$ to $2$ is distinct from $2$.

Thm01a. Let $m$ be a natural number. Let $n$ be an element of $\Natural$. Then the exponentiation of the quotient of $m$ and the sum of $n$ and $1$ to $2$ is distinct from $2$.

Thm01b. Let $q$ be a rational number. Then $q ^ {2}\neq 2$.

Thm01b. Let $q$ be an element of $\Rational$. Then $q ^ {2}\neq 2$.

Thm01b. Let $q$ be a rational number. Then $q ^ {2}$ is distinct from $2$.

Thm01b. Let $q$ be an element of $\Rational$. Then $q ^ {2}$ is distinct from $2$.

Thm01b. Let $q$ be a rational number. Then the exponentiation of $q$ to $2$ is distinct from $2$.

Thm01b. Let $q$ be an element of $\Rational$. Then the exponentiation of $q$ to $2$ is distinct from $2$.

Thm01c. Let $q$ be a rational number. Then $\sqrt{ 2}\neq q$.

Thm01c. Let $q$ be an element of $\Rational$. Then $\sqrt{ 2}\neq q$.

Thm01c. Let $q$ be a rational number. Then $\sqrt{ 2}$ is distinct from $q$.

Thm01c. Let $q$ be a rational number. Then the square root of $2$ is distinct from $q$.

Thm01c. Let $q$ be an element of $\Rational$. Then $\sqrt{ 2}$ is distinct from $q$.

Thm01c. Let $q$ be an element of $\Rational$. Then the square root of $2$ is distinct from $q$.

Thm01d. $\sqrt{ 2}$ is not rational.

Thm01d. The square root of $2$ is not rational.

Thm01e. $\sqrt{ 2}$ is irrational.

Thm01e. The square root of $2$ is irrational.

Thm01f. It is not the case that there exist natural numbers $p$ and $q$, such that $q > 0$ and $p ^{ 2}= 2 \times (q ^{ 2})$.

Thm01f. It is not the case that there exist elements $p$ and $q$ of $\Natural$, such that $q > 0$ and $p ^{ 2}= 2 \times (q ^{ 2})$.

Thm01f. It is not the case that there exist natural numbers $p$ and $q$, such that $q > 0$ and $p ^{ 2}$ is equal to $2 \times (q ^{ 2})$.

Thm01f. It is not the case that there exist natural numbers $p$ and $q$, such that $q$ is greater than $0$ and $p ^{ 2}= 2 \times (q ^{ 2})$.

Thm01f. It is not the case that there exist natural numbers $p$ and $q$, such that $q > 0$ and the square of $p$ is equal to $2 \times (q ^{ 2})$.

Thm01f. It is not the case that there exist elements $p$ and $q$ of $\Natural$, such that $q > 0$ and $p ^{ 2}$ is equal to $2 \times (q ^{ 2})$.

Thm01f. It is not the case that there exist natural numbers $p$ and $q$, such that $q > 0$ and $p ^{ 2}$ is equal to the product of $2$ and $q ^{ 2}$.

Thm01f. It is not the case that there exist elements $p$ and $q$ of $\Natural$, such that $q$ is greater than $0$ and $p ^{ 2}= 2 \times (q ^{ 2})$.

Thm01f. It is not the case that there exist natural numbers $p$ and $q$, such that $q$ is greater than $0$ and $p ^{ 2}$ is equal to $2 \times (q ^{ 2})$.

Thm01f. It is not the case that there exist elements $p$ and $q$ of $\Natural$, such that $q > 0$ and the square of $p$ is equal to $2 \times (q ^{ 2})$.

Thm01f. It is not the case that there exist natural numbers $p$ and $q$, such that $q > 0$ and the square of $p$ is equal to the product of $2$ and $q ^{ 2}$.

Thm01f. It is not the case that there exist natural numbers $p$ and $q$, such that $q > 0$ and $p ^{ 2}$ is equal to the product of $2$ and the square of $q$.

Thm01f. It is not the case that there exist natural numbers $p$ and $q$, such that $q$ is greater than $0$ and the square of $p$ is equal to $2 \times (q ^{ 2})$.

Thm01f. It is not the case that there exist elements $p$ and $q$ of $\Natural$, such that $q > 0$ and $p ^{ 2}$ is equal to the product of $2$ and $q ^{ 2}$.

Thm01f. It is not the case that there exist natural numbers $p$ and $q$, such that $q > 0$ and the square of $p$ is equal to the product of $2$ and the square of $q$.

Thm01f. It is not the case that there exist elements $p$ and $q$ of $\Natural$, such that $q$ is greater than $0$ and $p ^{ 2}$ is equal to $2 \times (q ^{ 2})$.

Thm01f. It is not the case that there exist natural numbers $p$ and $q$, such that $q$ is greater than $0$ and $p ^{ 2}$ is equal to the product of $2$ and $q ^{ 2}$.

Thm01f. It is not the case that there exist elements $p$ and $q$ of $\Natural$, such that $q > 0$ and the square of $p$ is equal to the product of $2$ and $q ^{ 2}$.

Thm01f. It is not the case that there exist elements $p$ and $q$ of $\Natural$, such that $q > 0$ and $p ^{ 2}$ is equal to the product of $2$ and the square of $q$.

Thm01f. It is not the case that there exist elements $p$ and $q$ of $\Natural$, such that $q$ is greater than $0$ and the square of $p$ is equal to $2 \times (q ^{ 2})$.

Thm01f. It is not the case that there exist natural numbers $p$ and $q$, such that $q$ is greater than $0$ and the square of $p$ is equal to the product of $2$ and $q ^{ 2}$.

Thm01f. It is not the case that there exist natural numbers $p$ and $q$, such that $q$ is greater than $0$ and $p ^{ 2}$ is equal to the product of $2$ and the square of $q$.

Thm01f. It is not the case that there exist elements $p$ and $q$ of $\Natural$, such that $q > 0$ and the square of $p$ is equal to the product of $2$ and the square of $q$.

Thm01f. It is not the case that there exist elements $p$ and $q$ of $\Natural$, such that $q$ is greater than $0$ and $p ^{ 2}$ is equal to the product of $2$ and $q ^{ 2}$.

Thm01f. It is not the case that there exist natural numbers $p$ and $q$, such that $q$ is greater than $0$ and the square of $p$ is equal to the product of $2$ and the square of $q$.

Thm01f. It is not the case that there exists an element $p$ of $\Natural$, such that there exists a natural number $q$, such that $q > 0$ and $p ^{ 2}= 2 \times (q ^{ 2})$.

Thm01f. It is not the case that there exists a natural number $p$, such that there exists an element $q$ of $\Natural$, such that $q > 0$ and $p ^{ 2}= 2 \times (q ^{ 2})$.

Thm01f. It is not the case that there exist elements $p$ and $q$ of $\Natural$, such that $q$ is greater than $0$ and the square of $p$ is equal to the product of $2$ and $q ^{ 2}$.

Thm01f. It is not the case that there exist elements $p$ and $q$ of $\Natural$, such that $q$ is greater than $0$ and $p ^{ 2}$ is equal to the product of $2$ and the square of $q$.

Thm01f. It is not the case that there exist elements $p$ and $q$ of $\Natural$, such that $q$ is greater than $0$ and the square of $p$ is equal to the product of $2$ and the square of $q$.

Thm01f. It is not the case that there exists an element $p$ of $\Natural$, such that there exists a natural number $q$, such that $q > 0$ and $p ^{ 2}$ is equal to $2 \times (q ^{ 2})$.

Thm01f. It is not the case that there exists a natural number $p$, such that there exists an element $q$ of $\Natural$, such that $q > 0$ and $p ^{ 2}$ is equal to $2 \times (q ^{ 2})$.

Thm01f. It is not the case that there exists an element $p$ of $\Natural$, such that there exists a natural number $q$, such that $q$ is greater than $0$ and $p ^{ 2}= 2 \times (q ^{ 2})$.

Thm01f. It is not the case that there exists a natural number $p$, such that there exists an element $q$ of $\Natural$, such that $q$ is greater than $0$ and $p ^{ 2}= 2 \times (q ^{ 2})$.

Thm01f. It is not the case that there exists an element $p$ of $\Natural$, such that there exists a natural number $q$, such that $q > 0$ and the square of $p$ is equal to $2 \times (q ^{ 2})$.

Thm01f. It is not the case that there exists a natural number $p$, such that there exists an element $q$ of $\Natural$, such that $q > 0$ and the square of $p$ is equal to $2 \times (q ^{ 2})$.

Thm01f. It is not the case that there exists an element $p$ of $\Natural$, such that there exists a natural number $q$, such that $q > 0$ and $p ^{ 2}$ is equal to the product of $2$ and $q ^{ 2}$.

Thm01f. It is not the case that there exists a natural number $p$, such that there exists an element $q$ of $\Natural$, such that $q > 0$ and $p ^{ 2}$ is equal to the product of $2$ and $q ^{ 2}$.

Thm01f. It is not the case that there exists an element $p$ of $\Natural$, such that there exists a natural number $q$, such that $q$ is greater than $0$ and $p ^{ 2}$ is equal to $2 \times (q ^{ 2})$.

Thm01f. It is not the case that there exists a natural number $p$, such that there exists an element $q$ of $\Natural$, such that $q$ is greater than $0$ and $p ^{ 2}$ is equal to $2 \times (q ^{ 2})$.

Thm01f. It is not the case that there exists an element $p$ of $\Natural$, such that there exists a natural number $q$, such that $q > 0$ and the square of $p$ is equal to the product of $2$ and $q ^{ 2}$.

Thm01f. It is not the case that there exists an element $p$ of $\Natural$, such that there exists a natural number $q$, such that $q > 0$ and $p ^{ 2}$ is equal to the product of $2$ and the square of $q$.

Thm01f. It is not the case that there exists a natural number $p$, such that there exists an element $q$ of $\Natural$, such that $q > 0$ and the square of $p$ is equal to the product of $2$ and $q ^{ 2}$.

Thm01f. It is not the case that there exists a natural number $p$, such that there exists an element $q$ of $\Natural$, such that $q > 0$ and $p ^{ 2}$ is equal to the product of $2$ and the square of $q$.

Thm01f. It is not the case that there exists an element $p$ of $\Natural$, such that there exists a natural number $q$, such that $q$ is greater than $0$ and the square of $p$ is equal to $2 \times (q ^{ 2})$.

Thm01f. It is not the case that there exists a natural number $p$, such that there exists an element $q$ of $\Natural$, such that $q$ is greater than $0$ and the square of $p$ is equal to $2 \times (q ^{ 2})$.

Thm01f. It is not the case that there exists an element $p$ of $\Natural$, such that there exists a natural number $q$, such that $q > 0$ and the square of $p$ is equal to the product of $2$ and the square of $q$.

Thm01f. It is not the case that there exists a natural number $p$, such that there exists an element $q$ of $\Natural$, such that $q > 0$ and the square of $p$ is equal to the product of $2$ and the square of $q$.

Thm01f. It is not the case that there exists an element $p$ of $\Natural$, such that there exists a natural number $q$, such that $q$ is greater than $0$ and $p ^{ 2}$ is equal to the product of $2$ and $q ^{ 2}$.

Thm01f. It is not the case that there exists a natural number $p$, such that there exists an element $q$ of $\Natural$, such that $q$ is greater than $0$ and $p ^{ 2}$ is equal to the product of $2$ and $q ^{ 2}$.

Thm01f. It is not the case that there exists an element $p$ of $\Natural$, such that there exists a natural number $q$, such that $q$ is greater than $0$ and the square of $p$ is equal to the product of $2$ and $q ^{ 2}$.

Thm01f. It is not the case that there exists an element $p$ of $\Natural$, such that there exists a natural number $q$, such that $q$ is greater than $0$ and $p ^{ 2}$ is equal to the product of $2$ and the square of $q$.

Thm01f. It is not the case that there exists a natural number $p$, such that there exists an element $q$ of $\Natural$, such that $q$ is greater than $0$ and the square of $p$ is equal to the product of $2$ and $q ^{ 2}$.

Thm01f. It is not the case that there exists a natural number $p$, such that there exists an element $q$ of $\Natural$, such that $q$ is greater than $0$ and $p ^{ 2}$ is equal to the product of $2$ and the square of $q$.

Thm01f. It is not the case that there exists an element $p$ of $\Natural$, such that there exists a natural number $q$, such that $q$ is greater than $0$ and the square of $p$ is equal to the product of $2$ and the square of $q$.

Thm01f. It is not the case that there exists a natural number $p$, such that there exists an element $q$ of $\Natural$, such that $q$ is greater than $0$ and the square of $p$ is equal to the product of $2$ and the square of $q$.

Thm02. Let $P$ be a polynomial. Assume that the degree of $P$ is greater than $0$. Then there exists a complex $c$, such that $c$ is a root of $P$.

Thm02. Let $P$ be a polynomial. Assume that the degree of $P$ is greater than $0$. Then there exists an element $c$ of $\Complex$, such that $c$ is a root of $P$.

Thm03. $\Rational$ is denumerable.

Thm03. The set of rational numbers is denumerable.

Thm03a. $| \Natural | = | \Rational |$.

Thm03a. $| \Natural |$ is equal to $| \Rational |$.

Thm03a. The cardinality of $\Natural$ is equal to $| \Rational |$.

Thm03a. $| \Natural |$ is equal to the cardinality of $\Rational$.

Thm03a. The cardinality of $\Natural$ is equal to the cardinality of $\Rational$.

Thm03a. The cardinality of the set of natural numbers is equal to $| \Rational |$.

Thm03a. $| \Natural |$ is equal to the cardinality of the set of rational numbers.

Thm03a. The cardinality of the set of natural numbers is equal to the cardinality of $\Rational$.

Thm03a. The cardinality of $\Natural$ is equal to the cardinality of the set of rational numbers.

Thm03a. The cardinality of the set of natural numbers is equal to the cardinality of the set of rational numbers.

Thm04. Let $u$ and $v$ be vectors. Assume that $u \perp v$. Then $\| u + v \| = \sqrt{ \| u \| ^{ 2}+ \| v \| ^{ 2}}$.

Thm04. Let $u$ and $v$ be vectors. Assume that $u \perp v$. Then $\| u + v \|$ is equal to $\sqrt{ \| u \| ^{ 2}+ \| v \| ^{ 2}}$.

Thm04. Let $u$ and $v$ be vectors. Assume that $u$ is orthogonal to $v$. Then $\| u + v \| = \sqrt{ \| u \| ^{ 2}+ \| v \| ^{ 2}}$.

Thm04. Let $u$ and $v$ be vectors. Assume that $u \perp v$. Then the length of $u + v$ is equal to $\sqrt{ \| u \| ^{ 2}+ \| v \| ^{ 2}}$.

Thm04. Let $u$ and $v$ be vectors. Assume that $u \perp v$. Then $\| u + v \|$ is equal to the square root of $\| u \| ^{ 2}+ \| v \| ^{ 2}$.

Thm04. Let $u$ and $v$ be vectors. Assume that $u$ is orthogonal to $v$. Then $\| u + v \|$ is equal to $\sqrt{ \| u \| ^{ 2}+ \| v \| ^{ 2}}$.

Thm04. Let $u$ and $v$ be vectors. Assume that $u \perp v$. Then the length of $u + v$ is equal to the square root of $\| u \| ^{ 2}+ \| v \| ^{ 2}$.

Thm04. Let $u$ and $v$ be vectors. Assume that $u$ is orthogonal to $v$. Then the length of $u + v$ is equal to $\sqrt{ \| u \| ^{ 2}+ \| v \| ^{ 2}}$.

Thm04. Let $u$ and $v$ be vectors. Assume that $u$ is orthogonal to $v$. Then $\| u + v \|$ is equal to the square root of $\| u \| ^{ 2}+ \| v \| ^{ 2}$.

Thm04. Let $u$ and $v$ be vectors. Assume that $u \perp v$. Then the length of the sum of $u$ and $v$ is equal to $\sqrt{ \| u \| ^{ 2}+ \| v \| ^{ 2}}$.

Thm04. Let $u$ and $v$ be vectors. Assume that $u \perp v$. Then $\| u + v \|$ is equal to the square root of the sum of $\| u \| ^{ 2}$ and $\| v \| ^{ 2}$.

Thm04. Let $u$ and $v$ be vectors. Assume that $u$ is orthogonal to $v$. Then the length of $u + v$ is equal to the square root of $\| u \| ^{ 2}+ \| v \| ^{ 2}$.

Thm04. Let $u$ and $v$ be vectors. Assume that $u \perp v$. Then $\| u + v \|$ is equal to the square root of the sum of the square of $\| u \|$ and $\| v \| ^{ 2}$.

Thm04. Let $u$ and $v$ be vectors. Assume that $u \perp v$. Then $\| u + v \|$ is equal to the square root of the sum of $\| u \| ^{ 2}$ and the square of $\| v \|$.

Thm04. Let $u$ and $v$ be vectors. Assume that $u \perp v$. Then the length of the sum of $u$ and $v$ is equal to the square root of $\| u \| ^{ 2}+ \| v \| ^{ 2}$.

Thm04. Let $u$ and $v$ be vectors. Assume that $u \perp v$. Then the length of $u + v$ is equal to the square root of the sum of $\| u \| ^{ 2}$ and $\| v \| ^{ 2}$.

Thm04. Let $u$ and $v$ be vectors. Assume that $u$ is orthogonal to $v$. Then the length of the sum of $u$ and $v$ is equal to $\sqrt{ \| u \| ^{ 2}+ \| v \| ^{ 2}}$.

Thm04. Let $u$ and $v$ be vectors. Assume that $u \perp v$. Then $\| u + v \|$ is equal to the square root of the sum of the square of $\| u \|$ and the square of $\| v \|$.

Thm04. Let $u$ and $v$ be vectors. Assume that $u \perp v$. Then the length of $u + v$ is equal to the square root of the sum of the square of $\| u \|$ and $\| v \| ^{ 2}$.

Thm04. Let $u$ and $v$ be vectors. Assume that $u \perp v$. Then the length of $u + v$ is equal to the square root of the sum of $\| u \| ^{ 2}$ and the square of $\| v \|$.

Thm04. Let $u$ and $v$ be vectors. Assume that $u \perp v$. Then $\| u + v \|$ is equal to the square root of the sum of the square of the length of $u$ and $\| v \| ^{ 2}$.

Thm04. Let $u$ and $v$ be vectors. Assume that $u \perp v$. Then $\| u + v \|$ is equal to the square root of the sum of $\| u \| ^{ 2}$ and the square of the length of $v$.

Thm04. Let $u$ and $v$ be vectors. Assume that $u$ is orthogonal to $v$. Then $\| u + v \|$ is equal to the square root of the sum of $\| u \| ^{ 2}$ and $\| v \| ^{ 2}$.

Thm04. Let $u$ and $v$ be vectors. Assume that $u \perp v$. Then the length of $u + v$ is equal to the square root of the sum of the square of $\| u \|$ and the square of $\| v \|$.

Thm04. Let $u$ and $v$ be vectors. Assume that $u \perp v$. Then $\| u + v \|$ is equal to the square root of the sum of the square of the length of $u$ and the square of $\| v \|$.

Thm04. Let $u$ and $v$ be vectors. Assume that $u \perp v$. Then $\| u + v \|$ is equal to the square root of the sum of the square of $\| u \|$ and the square of the length of $v$.

Thm04. Let $u$ and $v$ be vectors. Assume that $u$ is orthogonal to $v$. Then $\| u + v \|$ is equal to the square root of the sum of the square of $\| u \|$ and $\| v \| ^{ 2}$.

Thm04. Let $u$ and $v$ be vectors. Assume that $u$ is orthogonal to $v$. Then $\| u + v \|$ is equal to the square root of the sum of $\| u \| ^{ 2}$ and the square of $\| v \|$.

Thm04. Let $u$ and $v$ be vectors. Assume that $u$ is orthogonal to $v$. Then the length of the sum of $u$ and $v$ is equal to the square root of $\| u \| ^{ 2}+ \| v \| ^{ 2}$.

Thm04. Let $u$ and $v$ be vectors. Assume that $u \perp v$. Then the length of $u + v$ is equal to the square root of the sum of the square of the length of $u$ and $\| v \| ^{ 2}$.

Thm04. Let $u$ and $v$ be vectors. Assume that $u \perp v$. Then the length of $u + v$ is equal to the square root of the sum of $\| u \| ^{ 2}$ and the square of the length of $v$.

Thm04. Let $u$ and $v$ be vectors. Assume that $u$ is orthogonal to $v$. Then the length of $u + v$ is equal to the square root of the sum of $\| u \| ^{ 2}$ and $\| v \| ^{ 2}$.

Thm04. Let $u$ and $v$ be vectors. Assume that $u \perp v$. Then the length of the sum of $u$ and $v$ is equal to the square root of the sum of $\| u \| ^{ 2}$ and $\| v \| ^{ 2}$.

Thm04. Let $u$ and $v$ be vectors. Assume that $u$ is orthogonal to $v$. Then $\| u + v \|$ is equal to the square root of the sum of the square of $\| u \|$ and the square of $\| v \|$.

Thm04. Let $u$ and $v$ be vectors. Assume that $u \perp v$. Then the length of $u + v$ is equal to the square root of the sum of the square of the length of $u$ and the square of $\| v \|$.

Thm04. Let $u$ and $v$ be vectors. Assume that $u \perp v$. Then the length of $u + v$ is equal to the square root of the sum of the square of $\| u \|$ and the square of the length of $v$.

Thm04. Let $u$ and $v$ be vectors. Assume that $u \perp v$. Then $\| u + v \|$ is equal to the square root of the sum of the square of the length of $u$ and the square of the length of $v$.

Thm04. Let $u$ and $v$ be vectors. Assume that $u$ is orthogonal to $v$. Then the length of $u + v$ is equal to the square root of the sum of the square of $\| u \|$ and $\| v \| ^{ 2}$.

Thm04. Let $u$ and $v$ be vectors. Assume that $u$ is orthogonal to $v$. Then the length of $u + v$ is equal to the square root of the sum of $\| u \| ^{ 2}$ and the square of $\| v \|$.

Thm04. Let $u$ and $v$ be vectors. Assume that $u$ is orthogonal to $v$. Then $\| u + v \|$ is equal to the square root of the sum of the square of the length of $u$ and $\| v \| ^{ 2}$.

Thm04. Let $u$ and $v$ be vectors. Assume that $u$ is orthogonal to $v$. Then $\| u + v \|$ is equal to the square root of the sum of $\| u \| ^{ 2}$ and the square of the length of $v$.

Thm04. Let $u$ and $v$ be vectors. Assume that $u \perp v$. Then the length of the sum of $u$ and $v$ is equal to the square root of the sum of the square of $\| u \|$ and $\| v \| ^{ 2}$.

Thm04. Let $u$ and $v$ be vectors. Assume that $u \perp v$. Then the length of the sum of $u$ and $v$ is equal to the square root of the sum of $\| u \| ^{ 2}$ and the square of $\| v \|$.

Thm04. Let $u$ and $v$ be vectors. Assume that $u$ is orthogonal to $v$. Then the length of $u + v$ is equal to the square root of the sum of the square of $\| u \|$ and the square of $\| v \|$.

Thm04. Let $u$ and $v$ be vectors. Assume that $u$ is orthogonal to $v$. Then $\| u + v \|$ is equal to the square root of the sum of the square of the length of $u$ and the square of $\| v \|$.

Thm04. Let $u$ and $v$ be vectors. Assume that $u$ is orthogonal to $v$. Then $\| u + v \|$ is equal to the square root of the sum of the square of $\| u \|$ and the square of the length of $v$.

Thm04. Let $u$ and $v$ be vectors. Assume that $u \perp v$. Then the length of $u + v$ is equal to the square root of the sum of the square of the length of $u$ and the square of the length of $v$.

Thm04. Let $u$ and $v$ be vectors. Assume that $u$ is orthogonal to $v$. Then the length of $u + v$ is equal to the square root of the sum of the square of the length of $u$ and $\| v \| ^{ 2}$.

Thm04. Let $u$ and $v$ be vectors. Assume that $u$ is orthogonal to $v$. Then the length of $u + v$ is equal to the square root of the sum of $\| u \| ^{ 2}$ and the square of the length of $v$.

Thm04. Let $u$ and $v$ be vectors. Assume that $u \perp v$. Then the length of the sum of $u$ and $v$ is equal to the square root of the sum of the square of $\| u \|$ and the square of $\| v \|$.

Thm04. Let $u$ and $v$ be vectors. Assume that $u \perp v$. Then the length of the sum of $u$ and $v$ is equal to the square root of the sum of the square of the length of $u$ and $\| v \| ^{ 2}$.

Thm04. Let $u$ and $v$ be vectors. Assume that $u \perp v$. Then the length of the sum of $u$ and $v$ is equal to the square root of the sum of $\| u \| ^{ 2}$ and the square of the length of $v$.

Thm04. Let $u$ and $v$ be vectors. Assume that $u$ is orthogonal to $v$. Then the length of the sum of $u$ and $v$ is equal to the square root of the sum of $\| u \| ^{ 2}$ and $\| v \| ^{ 2}$.

Thm04. Let $u$ and $v$ be vectors. Assume that $u$ is orthogonal to $v$. Then the length of $u + v$ is equal to the square root of the sum of the square of the length of $u$ and the square of $\| v \|$.

Thm04. Let $u$ and $v$ be vectors. Assume that $u$ is orthogonal to $v$. Then the length of $u + v$ is equal to the square root of the sum of the square of $\| u \|$ and the square of the length of $v$.

Thm04. Let $u$ and $v$ be vectors. Assume that $u$ is orthogonal to $v$. Then $\| u + v \|$ is equal to the square root of the sum of the square of the length of $u$ and the square of the length of $v$.

Thm04. Let $u$ and $v$ be vectors. Assume that $u \perp v$. Then the length of the sum of $u$ and $v$ is equal to the square root of the sum of the square of the length of $u$ and the square of $\| v \|$.

Thm04. Let $u$ and $v$ be vectors. Assume that $u \perp v$. Then the length of the sum of $u$ and $v$ is equal to the square root of the sum of the square of $\| u \|$ and the square of the length of $v$.

Thm04. Let $u$ and $v$ be vectors. Assume that $u$ is orthogonal to $v$. Then the length of the sum of $u$ and $v$ is equal to the square root of the sum of the square of $\| u \|$ and $\| v \| ^{ 2}$.

Thm04. Let $u$ and $v$ be vectors. Assume that $u$ is orthogonal to $v$. Then the length of the sum of $u$ and $v$ is equal to the square root of the sum of $\| u \| ^{ 2}$ and the square of $\| v \|$.

Thm04. Let $u$ and $v$ be vectors. Assume that $u$ is orthogonal to $v$. Then the length of $u + v$ is equal to the square root of the sum of the square of the length of $u$ and the square of the length of $v$.

Thm04. Let $u$ and $v$ be vectors. Assume that $u$ is orthogonal to $v$. Then the length of the sum of $u$ and $v$ is equal to the square root of the sum of the square of $\| u \|$ and the square of $\| v \|$.

Thm04. Let $u$ and $v$ be vectors. Assume that $u \perp v$. Then the length of the sum of $u$ and $v$ is equal to the square root of the sum of the square of the length of $u$ and the square of the length of $v$.

Thm04. Let $u$ and $v$ be vectors. Assume that $u$ is orthogonal to $v$. Then the length of the sum of $u$ and $v$ is equal to the square root of the sum of the square of the length of $u$ and $\| v \| ^{ 2}$.

Thm04. Let $u$ and $v$ be vectors. Assume that $u$ is orthogonal to $v$. Then the length of the sum of $u$ and $v$ is equal to the square root of the sum of $\| u \| ^{ 2}$ and the square of the length of $v$.

Thm04. Let $u$ and $v$ be vectors. Assume that $u$ is orthogonal to $v$. Then the length of the sum of $u$ and $v$ is equal to the square root of the sum of the square of the length of $u$ and the square of $\| v \|$.

Thm04. Let $u$ and $v$ be vectors. Assume that $u$ is orthogonal to $v$. Then the length of the sum of $u$ and $v$ is equal to the square root of the sum of the square of $\| u \|$ and the square of the length of $v$.

Thm04. Let $u$ and $v$ be vectors. Assume that $u$ is orthogonal to $v$. Then the length of the sum of $u$ and $v$ is equal to the square root of the sum of the square of the length of $u$ and the square of the length of $v$.

Thm07. Let $p$ and $q$ be natural numbers. Assume that $p$ and $q$ are prime. Then $\left(\frac{ p }{ q }\right) \times \left(\frac{ q }{ p }\right) = (- 1)^ {\frac{ p - 1}{2}\times \frac{ q - 1}{2}}$.

Thm07. Let $p$ and $q$ be elements of $\Natural$. Assume that $p$ and $q$ are prime. Then $\left(\frac{ p }{ q }\right) \times \left(\frac{ q }{ p }\right) = (- 1)^ {\frac{ p - 1}{2}\times \frac{ q - 1}{2}}$.

Thm07. Let $p$ and $q$ be natural numbers. Assume that $p$ and $q$ are prime. Then $\left(\frac{ p }{ q }\right) \times \left(\frac{ q }{ p }\right)$ is equal to $(- 1)^ {\frac{ p - 1}{2}\times \frac{ q - 1}{2}}$.

Thm07. Let $p$ and $q$ be elements of $\Natural$. Assume that $p$ and $q$ are prime. Then $\left(\frac{ p }{ q }\right) \times \left(\frac{ q }{ p }\right)$ is equal to $(- 1)^ {\frac{ p - 1}{2}\times \frac{ q - 1}{2}}$.

Thm07. Let $p$ and $q$ be natural numbers. Assume that $p$ and $q$ are prime. Then the product of $\left(\frac{ p }{ q }\right)$ and $\left(\frac{ q }{ p }\right)$ is equal to $(- 1)^ {\frac{ p - 1}{2}\times \frac{ q - 1}{2}}$.

Thm07. Let $p$ and $q$ be natural numbers. Assume that $p$ and $q$ are prime. Then the product of the Legendre symbol of $p$ over $q$ and $\left(\frac{ q }{ p }\right)$ is equal to $(- 1)^ {\frac{ p - 1}{2}\times \frac{ q - 1}{2}}$.

Thm07. Let $p$ and $q$ be natural numbers. Assume that $p$ and $q$ are prime. Then the product of $\left(\frac{ p }{ q }\right)$ and the Legendre symbol of $q$ over $p$ is equal to $(- 1)^ {\frac{ p - 1}{2}\times \frac{ q - 1}{2}}$.

Thm07. Let $p$ and $q$ be natural numbers. Assume that $p$ and $q$ are prime. Then $\left(\frac{ p }{ q }\right) \times \left(\frac{ q }{ p }\right)$ is equal to the exponentiation of $- 1$ to $\frac{ p - 1}{2}\times \frac{ q - 1}{2}$.

Thm07. Let $p$ and $q$ be natural numbers. Assume that $p$ and $q$ are prime. Then the product of the Legendre symbol of $p$ over $q$ and the Legendre symbol of $q$ over $p$ is equal to $(- 1)^ {\frac{ p - 1}{2}\times \frac{ q - 1}{2}}$.

Thm07. Let $p$ be an element of $\Natural$. Let $q$ be a natural number. Assume that $p$ and $q$ are prime. Then $\left(\frac{ p }{ q }\right) \times \left(\frac{ q }{ p }\right) = (- 1)^ {\frac{ p - 1}{2}\times \frac{ q - 1}{2}}$.

Thm07. Let $p$ be a natural number. Let $q$ be an element of $\Natural$. Assume that $p$ and $q$ are prime. Then $\left(\frac{ p }{ q }\right) \times \left(\frac{ q }{ p }\right) = (- 1)^ {\frac{ p - 1}{2}\times \frac{ q - 1}{2}}$.

Thm07. Let $p$ and $q$ be elements of $\Natural$. Assume that $p$ and $q$ are prime. Then the product of $\left(\frac{ p }{ q }\right)$ and $\left(\frac{ q }{ p }\right)$ is equal to $(- 1)^ {\frac{ p - 1}{2}\times \frac{ q - 1}{2}}$.

Thm07. Let $p$ and $q$ be elements of $\Natural$. Assume that $p$ and $q$ are prime. Then the product of the Legendre symbol of $p$ over $q$ and $\left(\frac{ q }{ p }\right)$ is equal to $(- 1)^ {\frac{ p - 1}{2}\times \frac{ q - 1}{2}}$.

Thm07. Let $p$ and $q$ be elements of $\Natural$. Assume that $p$ and $q$ are prime. Then the product of $\left(\frac{ p }{ q }\right)$ and the Legendre symbol of $q$ over $p$ is equal to $(- 1)^ {\frac{ p - 1}{2}\times \frac{ q - 1}{2}}$.

Thm07. Let $p$ and $q$ be elements of $\Natural$. Assume that $p$ and $q$ are prime. Then $\left(\frac{ p }{ q }\right) \times \left(\frac{ q }{ p }\right)$ is equal to the exponentiation of $- 1$ to $\frac{ p - 1}{2}\times \frac{ q - 1}{2}$.

Thm07. Let $p$ and $q$ be natural numbers. Assume that $p$ and $q$ are prime. Then $\left(\frac{ p }{ q }\right) \times \left(\frac{ q }{ p }\right)$ is equal to the exponentiation of the negation of $1$ to $\frac{ p - 1}{2}\times \frac{ q - 1}{2}$.

Thm07. Let $p$ and $q$ be elements of $\Natural$. Assume that $p$ and $q$ are prime. Then the product of the Legendre symbol of $p$ over $q$ and the Legendre symbol of $q$ over $p$ is equal to $(- 1)^ {\frac{ p - 1}{2}\times \frac{ q - 1}{2}}$.

Thm07. Let $p$ and $q$ be natural numbers. Assume that $p$ and $q$ are prime. Then the product of $\left(\frac{ p }{ q }\right)$ and $\left(\frac{ q }{ p }\right)$ is equal to the exponentiation of $- 1$ to $\frac{ p - 1}{2}\times \frac{ q - 1}{2}$.

Thm07. Let $p$ and $q$ be natural numbers. Assume that $p$ and $q$ are prime. Then $\left(\frac{ p }{ q }\right) \times \left(\frac{ q }{ p }\right)$ is equal to the exponentiation of $- 1$ to the product of $\frac{ p - 1}{2}$ and $\frac{ q - 1}{2}$.

Thm07. Let $p$ be an element of $\Natural$. Let $q$ be a natural number. Assume that $p$ and $q$ are prime. Then $\left(\frac{ p }{ q }\right) \times \left(\frac{ q }{ p }\right)$ is equal to $(- 1)^ {\frac{ p - 1}{2}\times \frac{ q - 1}{2}}$.

Thm07. Let $p$ be a natural number. Let $q$ be an element of $\Natural$. Assume that $p$ and $q$ are prime. Then $\left(\frac{ p }{ q }\right) \times \left(\frac{ q }{ p }\right)$ is equal to $(- 1)^ {\frac{ p - 1}{2}\times \frac{ q - 1}{2}}$.

Thm07. Let $p$ and $q$ be natural numbers. Assume that $p$ and $q$ are prime. Then the product of the Legendre symbol of $p$ over $q$ and $\left(\frac{ q }{ p }\right)$ is equal to the exponentiation of $- 1$ to $\frac{ p - 1}{2}\times \frac{ q - 1}{2}$.

Thm07. Let $p$ and $q$ be natural numbers. Assume that $p$ and $q$ are prime. Then the product of $\left(\frac{ p }{ q }\right)$ and the Legendre symbol of $q$ over $p$ is equal to the exponentiation of $- 1$ to $\frac{ p - 1}{2}\times \frac{ q - 1}{2}$.

Thm07. Let $p$ and $q$ be elements of $\Natural$. Assume that $p$ and $q$ are prime. Then $\left(\frac{ p }{ q }\right) \times \left(\frac{ q }{ p }\right)$ is equal to the exponentiation of the negation of $1$ to $\frac{ p - 1}{2}\times \frac{ q - 1}{2}$.

Thm07. Let $p$ and $q$ be natural numbers. Assume that $p$ and $q$ are prime. Then the product of the Legendre symbol of $p$ over $q$ and the Legendre symbol of $q$ over $p$ is equal to the exponentiation of $- 1$ to $\frac{ p - 1}{2}\times \frac{ q - 1}{2}$.

Thm07. Let $p$ and $q$ be elements of $\Natural$. Assume that $p$ and $q$ are prime. Then the product of $\left(\frac{ p }{ q }\right)$ and $\left(\frac{ q }{ p }\right)$ is equal to the exponentiation of $- 1$ to $\frac{ p - 1}{2}\times \frac{ q - 1}{2}$.

Thm07. Let $p$ and $q$ be elements of $\Natural$. Assume that $p$ and $q$ are prime. Then $\left(\frac{ p }{ q }\right) \times \left(\frac{ q }{ p }\right)$ is equal to the exponentiation of $- 1$ to the product of $\frac{ p - 1}{2}$ and $\frac{ q - 1}{2}$.

Thm07. Let $p$ and $q$ be natural numbers. Assume that $p$ and $q$ are prime. Then the product of $\left(\frac{ p }{ q }\right)$ and $\left(\frac{ q }{ p }\right)$ is equal to the exponentiation of the negation of $1$ to $\frac{ p - 1}{2}\times \frac{ q - 1}{2}$.

Thm07. Let $p$ and $q$ be natural numbers. Assume that $p$ and $q$ are prime. Then $\left(\frac{ p }{ q }\right) \times \left(\frac{ q }{ p }\right)$ is equal to the exponentiation of $- 1$ to the product of the quotient of $p - 1$ and $2$ and $\frac{ q - 1}{2}$.

Thm07. Let $p$ and $q$ be natural numbers. Assume that $p$ and $q$ are prime. Then $\left(\frac{ p }{ q }\right) \times \left(\frac{ q }{ p }\right)$ is equal to the exponentiation of $- 1$ to the product of $\frac{ p - 1}{2}$ and the quotient of $q - 1$ and $2$.

Thm07. Let $p$ and $q$ be natural numbers. Assume that $p$ and $q$ are prime. Then $\left(\frac{ p }{ q }\right) \times \left(\frac{ q }{ p }\right)$ is equal to the exponentiation of the negation of $1$ to the product of $\frac{ p - 1}{2}$ and $\frac{ q - 1}{2}$.

Thm07. Let $p$ and $q$ be elements of $\Natural$. Assume that $p$ and $q$ are prime. Then the product of the Legendre symbol of $p$ over $q$ and $\left(\frac{ q }{ p }\right)$ is equal to the exponentiation of $- 1$ to $\frac{ p - 1}{2}\times \frac{ q - 1}{2}$.

Thm07. Let $p$ and $q$ be elements of $\Natural$. Assume that $p$ and $q$ are prime. Then the product of $\left(\frac{ p }{ q }\right)$ and the Legendre symbol of $q$ over $p$ is equal to the exponentiation of $- 1$ to $\frac{ p - 1}{2}\times \frac{ q - 1}{2}$.

Thm07. Let $p$ and $q$ be natural numbers. Assume that $p$ and $q$ are prime. Then the product of the Legendre symbol of $p$ over $q$ and $\left(\frac{ q }{ p }\right)$ is equal to the exponentiation of the negation of $1$ to $\frac{ p - 1}{2}\times \frac{ q - 1}{2}$.

Thm07. Let $p$ and $q$ be natural numbers. Assume that $p$ and $q$ are prime. Then the product of $\left(\frac{ p }{ q }\right)$ and the Legendre symbol of $q$ over $p$ is equal to the exponentiation of the negation of $1$ to $\frac{ p - 1}{2}\times \frac{ q - 1}{2}$.

Thm07. Let $p$ and $q$ be elements of $\Natural$. Assume that $p$ and $q$ are prime. Then the product of the Legendre symbol of $p$ over $q$ and the Legendre symbol of $q$ over $p$ is equal to the exponentiation of $- 1$ to $\frac{ p - 1}{2}\times \frac{ q - 1}{2}$.

Thm07. Let $p$ and $q$ be natural numbers. Assume that $p$ and $q$ are prime. Then the product of $\left(\frac{ p }{ q }\right)$ and $\left(\frac{ q }{ p }\right)$ is equal to the exponentiation of $- 1$ to the product of $\frac{ p - 1}{2}$ and $\frac{ q - 1}{2}$.

Thm07. Let $p$ and $q$ be natural numbers. Assume that $p$ and $q$ are prime. Then the product of the Legendre symbol of $p$ over $q$ and the Legendre symbol of $q$ over $p$ is equal to the exponentiation of the negation of $1$ to $\frac{ p - 1}{2}\times \frac{ q - 1}{2}$.

Thm07. Let $p$ be an element of $\Natural$. Let $q$ be a natural number. Assume that $p$ and $q$ are prime. Then the product of $\left(\frac{ p }{ q }\right)$ and $\left(\frac{ q }{ p }\right)$ is equal to $(- 1)^ {\frac{ p - 1}{2}\times \frac{ q - 1}{2}}$.

Thm07. Let $p$ be a natural number. Let $q$ be an element of $\Natural$. Assume that $p$ and $q$ are prime. Then the product of $\left(\frac{ p }{ q }\right)$ and $\left(\frac{ q }{ p }\right)$ is equal to $(- 1)^ {\frac{ p - 1}{2}\times \frac{ q - 1}{2}}$.

Thm07. Let $p$ and $q$ be natural numbers. Assume that $p$ and $q$ are prime. Then the product of the Legendre symbol of $p$ over $q$ and $\left(\frac{ q }{ p }\right)$ is equal to the exponentiation of $- 1$ to the product of $\frac{ p - 1}{2}$ and $\frac{ q - 1}{2}$.

Thm07. Let $p$ and $q$ be natural numbers. Assume that $p$ and $q$ are prime. Then the product of $\left(\frac{ p }{ q }\right)$ and the Legendre symbol of $q$ over $p$ is equal to the exponentiation of $- 1$ to the product of $\frac{ p - 1}{2}$ and $\frac{ q - 1}{2}$.

Thm07. Let $p$ be an element of $\Natural$. Let $q$ be a natural number. Assume that $p$ and $q$ are prime. Then the product of the Legendre symbol of $p$ over $q$ and $\left(\frac{ q }{ p }\right)$ is equal to $(- 1)^ {\frac{ p - 1}{2}\times \frac{ q - 1}{2}}$.

Thm07. Let $p$ be an element of $\Natural$. Let $q$ be a natural number. Assume that $p$ and $q$ are prime. Then the product of $\left(\frac{ p }{ q }\right)$ and the Legendre symbol of $q$ over $p$ is equal to $(- 1)^ {\frac{ p - 1}{2}\times \frac{ q - 1}{2}}$.

Thm07. Let $p$ be an element of $\Natural$. Let $q$ be a natural number. Assume that $p$ and $q$ are prime. Then $\left(\frac{ p }{ q }\right) \times \left(\frac{ q }{ p }\right)$ is equal to the exponentiation of $- 1$ to $\frac{ p - 1}{2}\times \frac{ q - 1}{2}$.

Thm07. Let $p$ be a natural number. Let $q$ be an element of $\Natural$. Assume that $p$ and $q$ are prime. Then the product of the Legendre symbol of $p$ over $q$ and $\left(\frac{ q }{ p }\right)$ is equal to $(- 1)^ {\frac{ p - 1}{2}\times \frac{ q - 1}{2}}$.

Thm07. Let $p$ be a natural number. Let $q$ be an element of $\Natural$. Assume that $p$ and $q$ are prime. Then the product of $\left(\frac{ p }{ q }\right)$ and the Legendre symbol of $q$ over $p$ is equal to $(- 1)^ {\frac{ p - 1}{2}\times \frac{ q - 1}{2}}$.

Thm07. Let $p$ be a natural number. Let $q$ be an element of $\Natural$. Assume that $p$ and $q$ are prime. Then $\left(\frac{ p }{ q }\right) \times \left(\frac{ q }{ p }\right)$ is equal to the exponentiation of $- 1$ to $\frac{ p - 1}{2}\times \frac{ q - 1}{2}$.

Thm07. Let $p$ and $q$ be elements of $\Natural$. Assume that $p$ and $q$ are prime. Then the product of $\left(\frac{ p }{ q }\right)$ and $\left(\frac{ q }{ p }\right)$ is equal to the exponentiation of the negation of $1$ to $\frac{ p - 1}{2}\times \frac{ q - 1}{2}$.

Thm07. Let $p$ and $q$ be elements of $\Natural$. Assume that $p$ and $q$ are prime. Then $\left(\frac{ p }{ q }\right) \times \left(\frac{ q }{ p }\right)$ is equal to the exponentiation of $- 1$ to the product of the quotient of $p - 1$ and $2$ and $\frac{ q - 1}{2}$.

Thm07. Let $p$ and $q$ be elements of $\Natural$. Assume that $p$ and $q$ are prime. Then $\left(\frac{ p }{ q }\right) \times \left(\frac{ q }{ p }\right)$ is equal to the exponentiation of $- 1$ to the product of $\frac{ p - 1}{2}$ and the quotient of $q - 1$ and $2$.

Thm07. Let $p$ and $q$ be elements of $\Natural$. Assume that $p$ and $q$ are prime. Then $\left(\frac{ p }{ q }\right) \times \left(\frac{ q }{ p }\right)$ is equal to the exponentiation of the negation of $1$ to the product of $\frac{ p - 1}{2}$ and $\frac{ q - 1}{2}$.

Thm07. Let $p$ and $q$ be natural numbers. Assume that $p$ and $q$ are prime. Then the product of the Legendre symbol of $p$ over $q$ and the Legendre symbol of $q$ over $p$ is equal to the exponentiation of $- 1$ to the product of $\frac{ p - 1}{2}$ and $\frac{ q - 1}{2}$.

Thm07. Let $p$ and $q$ be natural numbers. Assume that $p$ and $q$ are prime. Then $\left(\frac{ p }{ q }\right) \times \left(\frac{ q }{ p }\right)$ is equal to the exponentiation of $- 1$ to the product of the quotient of $p - 1$ and $2$ and the quotient of $q - 1$ and $2$.

Thm07. Let $p$ and $q$ be natural numbers. Assume that $p$ and $q$ are prime. Then $\left(\frac{ p }{ q }\right) \times \left(\frac{ q }{ p }\right)$ is equal to the exponentiation of the negation of $1$ to the product of the quotient of $p - 1$ and $2$ and $\frac{ q - 1}{2}$.

Thm07. Let $p$ and $q$ be natural numbers. Assume that $p$ and $q$ are prime. Then $\left(\frac{ p }{ q }\right) \times \left(\frac{ q }{ p }\right)$ is equal to the exponentiation of the negation of $1$ to the product of $\frac{ p - 1}{2}$ and the quotient of $q - 1$ and $2$.

Thm07. Let $p$ be an element of $\Natural$. Let $q$ be a natural number. Assume that $p$ and $q$ are prime. Then the product of the Legendre symbol of $p$ over $q$ and the Legendre symbol of $q$ over $p$ is equal to $(- 1)^ {\frac{ p - 1}{2}\times \frac{ q - 1}{2}}$.

Thm07. Let $p$ be a natural number. Let $q$ be an element of $\Natural$. Assume that $p$ and $q$ are prime. Then the product of the Legendre symbol of $p$ over $q$ and the Legendre symbol of $q$ over $p$ is equal to $(- 1)^ {\frac{ p - 1}{2}\times \frac{ q - 1}{2}}$.

Thm07. Let $p$ and $q$ be elements of $\Natural$. Assume that $p$ and $q$ are prime. Then the product of the Legendre symbol of $p$ over $q$ and $\left(\frac{ q }{ p }\right)$ is equal to the exponentiation of the negation of $1$ to $\frac{ p - 1}{2}\times \frac{ q - 1}{2}$.

Thm07. Let $p$ and $q$ be elements of $\Natural$. Assume that $p$ and $q$ are prime. Then the product of $\left(\frac{ p }{ q }\right)$ and the Legendre symbol of $q$ over $p$ is equal to the exponentiation of the negation of $1$ to $\frac{ p - 1}{2}\times \frac{ q - 1}{2}$.

Thm07. Let $p$ and $q$ be elements of $\Natural$. Assume that $p$ and $q$ are prime. Then the product of $\left(\frac{ p }{ q }\right)$ and $\left(\frac{ q }{ p }\right)$ is equal to the exponentiation of $- 1$ to the product of $\frac{ p - 1}{2}$ and $\frac{ q - 1}{2}$.

Thm07. Let $p$ and $q$ be natural numbers. Assume that $p$ and $q$ are prime. Then the product of $\left(\frac{ p }{ q }\right)$ and $\left(\frac{ q }{ p }\right)$ is equal to the exponentiation of $- 1$ to the product of the quotient of $p - 1$ and $2$ and $\frac{ q - 1}{2}$.

Thm07. Let $p$ and $q$ be natural numbers. Assume that $p$ and $q$ are prime. Then the product of $\left(\frac{ p }{ q }\right)$ and $\left(\frac{ q }{ p }\right)$ is equal to the exponentiation of $- 1$ to the product of $\frac{ p - 1}{2}$ and the quotient of $q - 1$ and $2$.

Thm07. Let $p$ and $q$ be elements of $\Natural$. Assume that $p$ and $q$ are prime. Then the product of the Legendre symbol of $p$ over $q$ and the Legendre symbol of $q$ over $p$ is equal to the exponentiation of the negation of $1$ to $\frac{ p - 1}{2}\times \frac{ q - 1}{2}$.

Thm07. Let $p$ and $q$ be natural numbers. Assume that $p$ and $q$ are prime. Then the product of $\left(\frac{ p }{ q }\right)$ and $\left(\frac{ q }{ p }\right)$ is equal to the exponentiation of the negation of $1$ to the product of $\frac{ p - 1}{2}$ and $\frac{ q - 1}{2}$.

Thm07. Let $p$ and $q$ be elements of $\Natural$. Assume that $p$ and $q$ are prime. Then the product of the Legendre symbol of $p$ over $q$ and $\left(\frac{ q }{ p }\right)$ is equal to the exponentiation of $- 1$ to the product of $\frac{ p - 1}{2}$ and $\frac{ q - 1}{2}$.

Thm07. Let $p$ and $q$ be elements of $\Natural$. Assume that $p$ and $q$ are prime. Then the product of $\left(\frac{ p }{ q }\right)$ and the Legendre symbol of $q$ over $p$ is equal to the exponentiation of $- 1$ to the product of $\frac{ p - 1}{2}$ and $\frac{ q - 1}{2}$.

Thm07. Let $p$ and $q$ be natural numbers. Assume that $p$ and $q$ are prime. Then the product of the Legendre symbol of $p$ over $q$ and $\left(\frac{ q }{ p }\right)$ is equal to the exponentiation of $- 1$ to the product of the quotient of $p - 1$ and $2$ and $\frac{ q - 1}{2}$.

Thm07. Let $p$ and $q$ be natural numbers. Assume that $p$ and $q$ are prime. Then the product of the Legendre symbol of $p$ over $q$ and $\left(\frac{ q }{ p }\right)$ is equal to the exponentiation of $- 1$ to the product of $\frac{ p - 1}{2}$ and the quotient of $q - 1$ and $2$.

Thm07. Let $p$ and $q$ be natural numbers. Assume that $p$ and $q$ are prime. Then the product of $\left(\frac{ p }{ q }\right)$ and the Legendre symbol of $q$ over $p$ is equal to the exponentiation of $- 1$ to the product of the quotient of $p - 1$ and $2$ and $\frac{ q - 1}{2}$.

Thm07. Let $p$ and $q$ be natural numbers. Assume that $p$ and $q$ are prime. Then the product of $\left(\frac{ p }{ q }\right)$ and the Legendre symbol of $q$ over $p$ is equal to the exponentiation of $- 1$ to the product of $\frac{ p - 1}{2}$ and the quotient of $q - 1$ and $2$.

Thm07. Let $p$ and $q$ be natural numbers. Assume that $p$ and $q$ are prime. Then the product of the Legendre symbol of $p$ over $q$ and $\left(\frac{ q }{ p }\right)$ is equal to the exponentiation of the negation of $1$ to the product of $\frac{ p - 1}{2}$ and $\frac{ q - 1}{2}$.

Thm07. Let $p$ and $q$ be natural numbers. Assume that $p$ and $q$ are prime. Then the product of $\left(\frac{ p }{ q }\right)$ and the Legendre symbol of $q$ over $p$ is equal to the exponentiation of the negation of $1$ to the product of $\frac{ p - 1}{2}$ and $\frac{ q - 1}{2}$.

Thm07. Let $p$ and $q$ be elements of $\Natural$. Assume that $p$ and $q$ are prime. Then the product of the Legendre symbol of $p$ over $q$ and the Legendre symbol of $q$ over $p$ is equal to the exponentiation of $- 1$ to the product of $\frac{ p - 1}{2}$ and $\frac{ q - 1}{2}$.

Thm07. Let $p$ and $q$ be elements of $\Natural$. Assume that $p$ and $q$ are prime. Then $\left(\frac{ p }{ q }\right) \times \left(\frac{ q }{ p }\right)$ is equal to the exponentiation of $- 1$ to the product of the quotient of $p - 1$ and $2$ and the quotient of $q - 1$ and $2$.

Thm07. Let $p$ be an element of $\Natural$. Let $q$ be a natural number. Assume that $p$ and $q$ are prime. Then $\left(\frac{ p }{ q }\right) \times \left(\frac{ q }{ p }\right)$ is equal to the exponentiation of the negation of $1$ to $\frac{ p - 1}{2}\times \frac{ q - 1}{2}$.

Thm07. Let $p$ be a natural number. Let $q$ be an element of $\Natural$. Assume that $p$ and $q$ are prime. Then $\left(\frac{ p }{ q }\right) \times \left(\frac{ q }{ p }\right)$ is equal to the exponentiation of the negation of $1$ to $\frac{ p - 1}{2}\times \frac{ q - 1}{2}$.

Thm07. Let $p$ and $q$ be elements of $\Natural$. Assume that $p$ and $q$ are prime. Then $\left(\frac{ p }{ q }\right) \times \left(\frac{ q }{ p }\right)$ is equal to the exponentiation of the negation of $1$ to the product of the quotient of $p - 1$ and $2$ and $\frac{ q - 1}{2}$.

Thm07. Let $p$ and $q$ be elements of $\Natural$. Assume that $p$ and $q$ are prime. Then $\left(\frac{ p }{ q }\right) \times \left(\frac{ q }{ p }\right)$ is equal to the exponentiation of the negation of $1$ to the product of $\frac{ p - 1}{2}$ and the quotient of $q - 1$ and $2$.

Thm07. Let $p$ and $q$ be natural numbers. Assume that $p$ and $q$ are prime. Then the product of the Legendre symbol of $p$ over $q$ and the Legendre symbol of $q$ over $p$ is equal to the exponentiation of $- 1$ to the product of the quotient of $p - 1$ and $2$ and $\frac{ q - 1}{2}$.

Thm07. Let $p$ and $q$ be natural numbers. Assume that $p$ and $q$ are prime. Then the product of the Legendre symbol of $p$ over $q$ and the Legendre symbol of $q$ over $p$ is equal to the exponentiation of $- 1$ to the product of $\frac{ p - 1}{2}$ and the quotient of $q - 1$ and $2$.

Thm07. Let $p$ and $q$ be natural numbers. Assume that $p$ and $q$ are prime. Then the product of the Legendre symbol of $p$ over $q$ and the Legendre symbol of $q$ over $p$ is equal to the exponentiation of the negation of $1$ to the product of $\frac{ p - 1}{2}$ and $\frac{ q - 1}{2}$.

Thm07. Let $p$ and $q$ be natural numbers. Assume that $p$ and $q$ are prime. Then $\left(\frac{ p }{ q }\right) \times \left(\frac{ q }{ p }\right)$ is equal to the exponentiation of the negation of $1$ to the product of the quotient of $p - 1$ and $2$ and the quotient of $q - 1$ and $2$.

Thm07. Let $p$ and $q$ be natural numbers. Assume that $p$ and $q$ are prime. Then $\left(\frac{ p }{ q }\right) \times \left(\frac{ q }{ p }\right)$ is equal to the exponentiation of $- 1$ to the product of the quotient of the difference between $p$ and $1$ and $2$ and $\frac{ q - 1}{2}$.

Thm07. Let $p$ and $q$ be natural numbers. Assume that $p$ and $q$ are prime. Then $\left(\frac{ p }{ q }\right) \times \left(\frac{ q }{ p }\right)$ is equal to the exponentiation of $- 1$ to the product of $\frac{ p - 1}{2}$ and the quotient of the difference between $q$ and $1$ and $2$.

Thm07. Let $p$ be an element of $\Natural$. Let $q$ be a natural number. Assume that $p$ and $q$ are prime. Then the product of $\left(\frac{ p }{ q }\right)$ and $\left(\frac{ q }{ p }\right)$ is equal to the exponentiation of $- 1$ to $\frac{ p - 1}{2}\times \frac{ q - 1}{2}$.

Thm07. Let $p$ be a natural number. Let $q$ be an element of $\Natural$. Assume that $p$ and $q$ are prime. Then the product of $\left(\frac{ p }{ q }\right)$ and $\left(\frac{ q }{ p }\right)$ is equal to the exponentiation of $- 1$ to $\frac{ p - 1}{2}\times \frac{ q - 1}{2}$.

Thm07. Let $p$ and $q$ be elements of $\Natural$. Assume that $p$ and $q$ are prime. Then the product of $\left(\frac{ p }{ q }\right)$ and $\left(\frac{ q }{ p }\right)$ is equal to the exponentiation of $- 1$ to the product of the quotient of $p - 1$ and $2$ and $\frac{ q - 1}{2}$.

Thm07. Let $p$ and $q$ be elements of $\Natural$. Assume that $p$ and $q$ are prime. Then the product of $\left(\frac{ p }{ q }\right)$ and $\left(\frac{ q }{ p }\right)$ is equal to the exponentiation of $- 1$ to the product of $\frac{ p - 1}{2}$ and the quotient of $q - 1$ and $2$.

Thm07. Let $p$ be an element of $\Natural$. Let $q$ be a natural number. Assume that $p$ and $q$ are prime. Then $\left(\frac{ p }{ q }\right) \times \left(\frac{ q }{ p }\right)$ is equal to the exponentiation of $- 1$ to the product of $\frac{ p - 1}{2}$ and $\frac{ q - 1}{2}$.

Thm07. Let $p$ be a natural number. Let $q$ be an element of $\Natural$. Assume that $p$ and $q$ are prime. Then $\left(\frac{ p }{ q }\right) \times \left(\frac{ q }{ p }\right)$ is equal to the exponentiation of $- 1$ to the product of $\frac{ p - 1}{2}$ and $\frac{ q - 1}{2}$.

Thm07. Let $p$ and $q$ be elements of $\Natural$. Assume that $p$ and $q$ are prime. Then the product of $\left(\frac{ p }{ q }\right)$ and $\left(\frac{ q }{ p }\right)$ is equal to the exponentiation of the negation of $1$ to the product of $\frac{ p - 1}{2}$ and $\frac{ q - 1}{2}$.

Thm07. Let $p$ and $q$ be natural numbers. Assume that $p$ and $q$ are prime. Then the product of $\left(\frac{ p }{ q }\right)$ and $\left(\frac{ q }{ p }\right)$ is equal to the exponentiation of $- 1$ to the product of the quotient of $p - 1$ and $2$ and the quotient of $q - 1$ and $2$.

Thm07. Let $p$ and $q$ be natural numbers. Assume that $p$ and $q$ are prime. Then the product of $\left(\frac{ p }{ q }\right)$ and $\left(\frac{ q }{ p }\right)$ is equal to the exponentiation of the negation of $1$ to the product of the quotient of $p - 1$ and $2$ and $\frac{ q - 1}{2}$.

Thm07. Let $p$ and $q$ be natural numbers. Assume that $p$ and $q$ are prime. Then the product of $\left(\frac{ p }{ q }\right)$ and $\left(\frac{ q }{ p }\right)$ is equal to the exponentiation of the negation of $1$ to the product of $\frac{ p - 1}{2}$ and the quotient of $q - 1$ and $2$.

Thm07. Let $p$ be an element of $\Natural$. Let $q$ be a natural number. Assume that $p$ and $q$ are prime. Then the product of the Legendre symbol of $p$ over $q$ and $\left(\frac{ q }{ p }\right)$ is equal to the exponentiation of $- 1$ to $\frac{ p - 1}{2}\times \frac{ q - 1}{2}$.

Thm07. Let $p$ be an element of $\Natural$. Let $q$ be a natural number. Assume that $p$ and $q$ are prime. Then the product of $\left(\frac{ p }{ q }\right)$ and the Legendre symbol of $q$ over $p$ is equal to the exponentiation of $- 1$ to $\frac{ p - 1}{2}\times \frac{ q - 1}{2}$.

Thm07. Let $p$ be a natural number. Let $q$ be an element of $\Natural$. Assume that $p$ and $q$ are prime. Then the product of the Legendre symbol of $p$ over $q$ and $\left(\frac{ q }{ p }\right)$ is equal to the exponentiation of $- 1$ to $\frac{ p - 1}{2}\times \frac{ q - 1}{2}$.

Thm07. Let $p$ be a natural number. Let $q$ be an element of $\Natural$. Assume that $p$ and $q$ are prime. Then the product of $\left(\frac{ p }{ q }\right)$ and the Legendre symbol of $q$ over $p$ is equal to the exponentiation of $- 1$ to $\frac{ p - 1}{2}\times \frac{ q - 1}{2}$.

Thm07. Let $p$ and $q$ be elements of $\Natural$. Assume that $p$ and $q$ are prime. Then the product of the Legendre symbol of $p$ over $q$ and $\left(\frac{ q }{ p }\right)$ is equal to the exponentiation of $- 1$ to the product of the quotient of $p - 1$ and $2$ and $\frac{ q - 1}{2}$.

Thm07. Let $p$ and $q$ be elements of $\Natural$. Assume that $p$ and $q$ are prime. Then the product of the Legendre symbol of $p$ over $q$ and $\left(\frac{ q }{ p }\right)$ is equal to the exponentiation of $- 1$ to the product of $\frac{ p - 1}{2}$ and the quotient of $q - 1$ and $2$.

Thm07. Let $p$ and $q$ be elements of $\Natural$. Assume that $p$ and $q$ are prime. Then the product of $\left(\frac{ p }{ q }\right)$ and the Legendre symbol of $q$ over $p$ is equal to the exponentiation of $- 1$ to the product of the quotient of $p - 1$ and $2$ and $\frac{ q - 1}{2}$.

Thm07. Let $p$ and $q$ be elements of $\Natural$. Assume that $p$ and $q$ are prime. Then the product of $\left(\frac{ p }{ q }\right)$ and the Legendre symbol of $q$ over $p$ is equal to the exponentiation of $- 1$ to the product of $\frac{ p - 1}{2}$ and the quotient of $q - 1$ and $2$.

Thm07. Let $p$ and $q$ be elements of $\Natural$. Assume that $p$ and $q$ are prime. Then the product of the Legendre symbol of $p$ over $q$ and $\left(\frac{ q }{ p }\right)$ is equal to the exponentiation of the negation of $1$ to the product of $\frac{ p - 1}{2}$ and $\frac{ q - 1}{2}$.

Thm07. Let $p$ and $q$ be elements of $\Natural$. Assume that $p$ and $q$ are prime. Then the product of $\left(\frac{ p }{ q }\right)$ and the Legendre symbol of $q$ over $p$ is equal to the exponentiation of the negation of $1$ to the product of $\frac{ p - 1}{2}$ and $\frac{ q - 1}{2}$.

Thm07. Let $p$ and $q$ be natural numbers. Assume that $p$ and $q$ are prime. Then the product of the Legendre symbol of $p$ over $q$ and $\left(\frac{ q }{ p }\right)$ is equal to the exponentiation of $- 1$ to the product of the quotient of $p - 1$ and $2$ and the quotient of $q - 1$ and $2$.

Thm07. Let $p$ and $q$ be natural numbers. Assume that $p$ and $q$ are prime. Then the product of $\left(\frac{ p }{ q }\right)$ and the Legendre symbol of $q$ over $p$ is equal to the exponentiation of $- 1$ to the product of the quotient of $p - 1$ and $2$ and the quotient of $q - 1$ and $2$.

Thm07. Let $p$ and $q$ be natural numbers. Assume that $p$ and $q$ are prime. Then the product of the Legendre symbol of $p$ over $q$ and $\left(\frac{ q }{ p }\right)$ is equal to the exponentiation of the negation of $1$ to the product of the quotient of $p - 1$ and $2$ and $\frac{ q - 1}{2}$.

Thm07. Let $p$ and $q$ be natural numbers. Assume that $p$ and $q$ are prime. Then the product of the Legendre symbol of $p$ over $q$ and $\left(\frac{ q }{ p }\right)$ is equal to the exponentiation of the negation of $1$ to the product of $\frac{ p - 1}{2}$ and the quotient of $q - 1$ and $2$.

Thm07. Let $p$ and $q$ be natural numbers. Assume that $p$ and $q$ are prime. Then the product of $\left(\frac{ p }{ q }\right)$ and the Legendre symbol of $q$ over $p$ is equal to the exponentiation of the negation of $1$ to the product of the quotient of $p - 1$ and $2$ and $\frac{ q - 1}{2}$.

Thm07. Let $p$ and $q$ be natural numbers. Assume that $p$ and $q$ are prime. Then the product of $\left(\frac{ p }{ q }\right)$ and the Legendre symbol of $q$ over $p$ is equal to the exponentiation of the negation of $1$ to the product of $\frac{ p - 1}{2}$ and the quotient of $q - 1$ and $2$.

Thm07. Let $p$ be an element of $\Natural$. Let $q$ be a natural number. Assume that $p$ and $q$ are prime. Then the product of the Legendre symbol of $p$ over $q$ and the Legendre symbol of $q$ over $p$ is equal to the exponentiation of $- 1$ to $\frac{ p - 1}{2}\times \frac{ q - 1}{2}$.

Thm07. Let $p$ be a natural number. Let $q$ be an element of $\Natural$. Assume that $p$ and $q$ are prime. Then the product of the Legendre symbol of $p$ over $q$ and the Legendre symbol of $q$ over $p$ is equal to the exponentiation of $- 1$ to $\frac{ p - 1}{2}\times \frac{ q - 1}{2}$.

Thm07. Let $p$ and $q$ be elements of $\Natural$. Assume that $p$ and $q$ are prime. Then the product of the Legendre symbol of $p$ over $q$ and the Legendre symbol of $q$ over $p$ is equal to the exponentiation of $- 1$ to the product of the quotient of $p - 1$ and $2$ and $\frac{ q - 1}{2}$.

Thm07. Let $p$ and $q$ be elements of $\Natural$. Assume that $p$ and $q$ are prime. Then the product of the Legendre symbol of $p$ over $q$ and the Legendre symbol of $q$ over $p$ is equal to the exponentiation of $- 1$ to the product of $\frac{ p - 1}{2}$ and the quotient of $q - 1$ and $2$.

Thm07. Let $p$ and $q$ be elements of $\Natural$. Assume that $p$ and $q$ are prime. Then the product of the Legendre symbol of $p$ over $q$ and the Legendre symbol of $q$ over $p$ is equal to the exponentiation of the negation of $1$ to the product of $\frac{ p - 1}{2}$ and $\frac{ q - 1}{2}$.

Thm07. Let $p$ and $q$ be elements of $\Natural$. Assume that $p$ and $q$ are prime. Then $\left(\frac{ p }{ q }\right) \times \left(\frac{ q }{ p }\right)$ is equal to the exponentiation of the negation of $1$ to the product of the quotient of $p - 1$ and $2$ and the quotient of $q - 1$ and $2$.

Thm07. Let $p$ and $q$ be natural numbers. Assume that $p$ and $q$ are prime. Then the product of the Legendre symbol of $p$ over $q$ and the Legendre symbol of $q$ over $p$ is equal to the exponentiation of $- 1$ to the product of the quotient of $p - 1$ and $2$ and the quotient of $q - 1$ and $2$.

Thm07. Let $p$ and $q$ be natural numbers. Assume that $p$ and $q$ are prime. Then the product of the Legendre symbol of $p$ over $q$ and the Legendre symbol of $q$ over $p$ is equal to the exponentiation of the negation of $1$ to the product of the quotient of $p - 1$ and $2$ and $\frac{ q - 1}{2}$.

Thm07. Let $p$ and $q$ be natural numbers. Assume that $p$ and $q$ are prime. Then the product of the Legendre symbol of $p$ over $q$ and the Legendre symbol of $q$ over $p$ is equal to the exponentiation of the negation of $1$ to the product of $\frac{ p - 1}{2}$ and the quotient of $q - 1$ and $2$.

Thm07. Let $p$ and $q$ be elements of $\Natural$. Assume that $p$ and $q$ are prime. Then $\left(\frac{ p }{ q }\right) \times \left(\frac{ q }{ p }\right)$ is equal to the exponentiation of $- 1$ to the product of the quotient of the difference between $p$ and $1$ and $2$ and $\frac{ q - 1}{2}$.

Thm07. Let $p$ and $q$ be elements of $\Natural$. Assume that $p$ and $q$ are prime. Then $\left(\frac{ p }{ q }\right) \times \left(\frac{ q }{ p }\right)$ is equal to the exponentiation of $- 1$ to the product of $\frac{ p - 1}{2}$ and the quotient of the difference between $q$ and $1$ and $2$.

Thm07. Let $p$ and $q$ be natural numbers. Assume that $p$ and $q$ are prime. Then $\left(\frac{ p }{ q }\right) \times \left(\frac{ q }{ p }\right)$ is equal to the exponentiation of $- 1$ to the product of the quotient of the difference between $p$ and $1$ and $2$ and the quotient of $q - 1$ and $2$.

Thm07. Let $p$ and $q$ be natural numbers. Assume that $p$ and $q$ are prime. Then $\left(\frac{ p }{ q }\right) \times \left(\frac{ q }{ p }\right)$ is equal to the exponentiation of $- 1$ to the product of the quotient of $p - 1$ and $2$ and the quotient of the difference between $q$ and $1$ and $2$.

Thm07. Let $p$ and $q$ be elements of $\Natural$. Assume that $p$ and $q$ are prime. Then the product of $\left(\frac{ p }{ q }\right)$ and $\left(\frac{ q }{ p }\right)$ is equal to the exponentiation of $- 1$ to the product of the quotient of $p - 1$ and $2$ and the quotient of $q - 1$ and $2$.

Thm07. Let $p$ and $q$ be natural numbers. Assume that $p$ and $q$ are prime. Then $\left(\frac{ p }{ q }\right) \times \left(\frac{ q }{ p }\right)$ is equal to the exponentiation of the negation of $1$ to the product of the quotient of the difference between $p$ and $1$ and $2$ and $\frac{ q - 1}{2}$.

Thm07. Let $p$ and $q$ be natural numbers. Assume that $p$ and $q$ are prime. Then $\left(\frac{ p }{ q }\right) \times \left(\frac{ q }{ p }\right)$ is equal to the exponentiation of the negation of $1$ to the product of $\frac{ p - 1}{2}$ and the quotient of the difference between $q$ and $1$ and $2$.

Thm07. Let $p$ be an element of $\Natural$. Let $q$ be a natural number. Assume that $p$ and $q$ are prime. Then the product of $\left(\frac{ p }{ q }\right)$ and $\left(\frac{ q }{ p }\right)$ is equal to the exponentiation of the negation of $1$ to $\frac{ p - 1}{2}\times \frac{ q - 1}{2}$.

Thm07. Let $p$ be an element of $\Natural$. Let $q$ be a natural number. Assume that $p$ and $q$ are prime. Then $\left(\frac{ p }{ q }\right) \times \left(\frac{ q }{ p }\right)$ is equal to the exponentiation of $- 1$ to the product of the quotient of $p - 1$ and $2$ and $\frac{ q - 1}{2}$.

Thm07. Let $p$ be an element of $\Natural$. Let $q$ be a natural number. Assume that $p$ and $q$ are prime. Then $\left(\frac{ p }{ q }\right) \times \left(\frac{ q }{ p }\right)$ is equal to the exponentiation of $- 1$ to the product of $\frac{ p - 1}{2}$ and the quotient of $q - 1$ and $2$.

Thm07. Let $p$ be a natural number. Let $q$ be an element of $\Natural$. Assume that $p$ and $q$ are prime. Then the product of $\left(\frac{ p }{ q }\right)$ and $\left(\frac{ q }{ p }\right)$ is equal to the exponentiation of the negation of $1$ to $\frac{ p - 1}{2}\times \frac{ q - 1}{2}$.

Thm07. Let $p$ be a natural number. Let $q$ be an element of $\Natural$. Assume that $p$ and $q$ are prime. Then $\left(\frac{ p }{ q }\right) \times \left(\frac{ q }{ p }\right)$ is equal to the exponentiation of $- 1$ to the product of the quotient of $p - 1$ and $2$ and $\frac{ q - 1}{2}$.

Thm07. Let $p$ be a natural number. Let $q$ be an element of $\Natural$. Assume that $p$ and $q$ are prime. Then $\left(\frac{ p }{ q }\right) \times \left(\frac{ q }{ p }\right)$ is equal to the exponentiation of $- 1$ to the product of $\frac{ p - 1}{2}$ and the quotient of $q - 1$ and $2$.

Thm07. Let $p$ and $q$ be elements of $\Natural$. Assume that $p$ and $q$ are prime. Then the product of $\left(\frac{ p }{ q }\right)$ and $\left(\frac{ q }{ p }\right)$ is equal to the exponentiation of the negation of $1$ to the product of the quotient of $p - 1$ and $2$ and $\frac{ q - 1}{2}$.

Thm07. Let $p$ and $q$ be elements of $\Natural$. Assume that $p$ and $q$ are prime. Then the product of $\left(\frac{ p }{ q }\right)$ and $\left(\frac{ q }{ p }\right)$ is equal to the exponentiation of the negation of $1$ to the product of $\frac{ p - 1}{2}$ and the quotient of $q - 1$ and $2$.

Thm07. Let $p$ be an element of $\Natural$. Let $q$ be a natural number. Assume that $p$ and $q$ are prime. Then $\left(\frac{ p }{ q }\right) \times \left(\frac{ q }{ p }\right)$ is equal to the exponentiation of the negation of $1$ to the product of $\frac{ p - 1}{2}$ and $\frac{ q - 1}{2}$.

Thm07. Let $p$ be a natural number. Let $q$ be an element of $\Natural$. Assume that $p$ and $q$ are prime. Then $\left(\frac{ p }{ q }\right) \times \left(\frac{ q }{ p }\right)$ is equal to the exponentiation of the negation of $1$ to the product of $\frac{ p - 1}{2}$ and $\frac{ q - 1}{2}$.

Thm07. Let $p$ and $q$ be natural numbers. Assume that $p$ and $q$ are prime. Then the product of $\left(\frac{ p }{ q }\right)$ and $\left(\frac{ q }{ p }\right)$ is equal to the exponentiation of the negation of $1$ to the product of the quotient of $p - 1$ and $2$ and the quotient of $q - 1$ and $2$.

Thm07. Let $p$ and $q$ be elements of $\Natural$. Assume that $p$ and $q$ are prime. Then the product of the Legendre symbol of $p$ over $q$ and $\left(\frac{ q }{ p }\right)$ is equal to the exponentiation of $- 1$ to the product of the quotient of $p - 1$ and $2$ and the quotient of $q - 1$ and $2$.

Thm07. Let $p$ and $q$ be elements of $\Natural$. Assume that $p$ and $q$ are prime. Then the product of $\left(\frac{ p }{ q }\right)$ and the Legendre symbol of $q$ over $p$ is equal to the exponentiation of $- 1$ to the product of the quotient of $p - 1$ and $2$ and the quotient of $q - 1$ and $2$.

Thm07. Let $p$ be an element of $\Natural$. Let $q$ be a natural number. Assume that $p$ and $q$ are prime. Then the product of the Legendre symbol of $p$ over $q$ and $\left(\frac{ q }{ p }\right)$ is equal to the exponentiation of the negation of $1$ to $\frac{ p - 1}{2}\times \frac{ q - 1}{2}$.

Thm07. Let $p$ be an element of $\Natural$. Let $q$ be a natural number. Assume that $p$ and $q$ are prime. Then the product of $\left(\frac{ p }{ q }\right)$ and the Legendre symbol of $q$ over $p$ is equal to the exponentiation of the negation of $1$ to $\frac{ p - 1}{2}\times \frac{ q - 1}{2}$.

Thm07. Let $p$ be a natural number. Let $q$ be an element of $\Natural$. Assume that $p$ and $q$ are prime. Then the product of the Legendre symbol of $p$ over $q$ and $\left(\frac{ q }{ p }\right)$ is equal to the exponentiation of the negation of $1$ to $\frac{ p - 1}{2}\times \frac{ q - 1}{2}$.

Thm07. Let $p$ be a natural number. Let $q$ be an element of $\Natural$. Assume that $p$ and $q$ are prime. Then the product of $\left(\frac{ p }{ q }\right)$ and the Legendre symbol of $q$ over $p$ is equal to the exponentiation of the negation of $1$ to $\frac{ p - 1}{2}\times \frac{ q - 1}{2}$.

Thm07. Let $p$ and $q$ be elements of $\Natural$. Assume that $p$ and $q$ are prime. Then the product of the Legendre symbol of $p$ over $q$ and $\left(\frac{ q }{ p }\right)$ is equal to the exponentiation of the negation of $1$ to the product of the quotient of $p - 1$ and $2$ and $\frac{ q - 1}{2}$.

Thm07. Let $p$ and $q$ be elements of $\Natural$. Assume that $p$ and $q$ are prime. Then the product of the Legendre symbol of $p$ over $q$ and $\left(\frac{ q }{ p }\right)$ is equal to the exponentiation of the negation of $1$ to the product of $\frac{ p - 1}{2}$ and the quotient of $q - 1$ and $2$.

Thm07. Let $p$ and $q$ be elements of $\Natural$. Assume that $p$ and $q$ are prime. Then the product of $\left(\frac{ p }{ q }\right)$ and the Legendre symbol of $q$ over $p$ is equal to the exponentiation of the negation of $1$ to the product of the quotient of $p - 1$ and $2$ and $\frac{ q - 1}{2}$.

Thm07. Let $p$ and $q$ be elements of $\Natural$. Assume that $p$ and $q$ are prime. Then the product of $\left(\frac{ p }{ q }\right)$ and the Legendre symbol of $q$ over $p$ is equal to the exponentiation of the negation of $1$ to the product of $\frac{ p - 1}{2}$ and the quotient of $q - 1$ and $2$.

Thm07. Let $p$ and $q$ be natural numbers. Assume that $p$ and $q$ are prime. Then the product of $\left(\frac{ p }{ q }\right)$ and $\left(\frac{ q }{ p }\right)$ is equal to the exponentiation of $- 1$ to the product of the quotient of the difference between $p$ and $1$ and $2$ and $\frac{ q - 1}{2}$.

Thm07. Let $p$ and $q$ be natural numbers. Assume that $p$ and $q$ are prime. Then the product of $\left(\frac{ p }{ q }\right)$ and $\left(\frac{ q }{ p }\right)$ is equal to the exponentiation of $- 1$ to the product of $\frac{ p - 1}{2}$ and the quotient of the difference between $q$ and $1$ and $2$.

Thm07. Let $p$ and $q$ be natural numbers. Assume that $p$ and $q$ are prime. Then the product of the Legendre symbol of $p$ over $q$ and $\left(\frac{ q }{ p }\right)$ is equal to the exponentiation of the negation of $1$ to the product of the quotient of $p - 1$ and $2$ and the quotient of $q - 1$ and $2$.

Thm07. Let $p$ and $q$ be natural numbers. Assume that $p$ and $q$ are prime. Then the product of $\left(\frac{ p }{ q }\right)$ and the Legendre symbol of $q$ over $p$ is equal to the exponentiation of the negation of $1$ to the product of the quotient of $p - 1$ and $2$ and the quotient of $q - 1$ and $2$.

Thm07. Let $p$ be an element of $\Natural$. Let $q$ be a natural number. Assume that $p$ and $q$ are prime. Then the product of $\left(\frac{ p }{ q }\right)$ and $\left(\frac{ q }{ p }\right)$ is equal to the exponentiation of $- 1$ to the product of $\frac{ p - 1}{2}$ and $\frac{ q - 1}{2}$.

Thm07. Let $p$ be a natural number. Let $q$ be an element of $\Natural$. Assume that $p$ and $q$ are prime. Then the product of $\left(\frac{ p }{ q }\right)$ and $\left(\frac{ q }{ p }\right)$ is equal to the exponentiation of $- 1$ to the product of $\frac{ p - 1}{2}$ and $\frac{ q - 1}{2}$.

Thm07. Let $p$ and $q$ be elements of $\Natural$. Assume that $p$ and $q$ are prime. Then the product of the Legendre symbol of $p$ over $q$ and the Legendre symbol of $q$ over $p$ is equal to the exponentiation of $- 1$ to the product of the quotient of $p - 1$ and $2$ and the quotient of $q - 1$ and $2$.

Thm07. Let $p$ be an element of $\Natural$. Let $q$ be a natural number. Assume that $p$ and $q$ are prime. Then the product of the Legendre symbol of $p$ over $q$ and the Legendre symbol of $q$ over $p$ is equal to the exponentiation of the negation of $1$ to $\frac{ p - 1}{2}\times \frac{ q - 1}{2}$.

Thm07. Let $p$ be a natural number. Let $q$ be an element of $\Natural$. Assume that $p$ and $q$ are prime. Then the product of the Legendre symbol of $p$ over $q$ and the Legendre symbol of $q$ over $p$ is equal to the exponentiation of the negation of $1$ to $\frac{ p - 1}{2}\times \frac{ q - 1}{2}$.

Thm07. Let $p$ and $q$ be elements of $\Natural$. Assume that $p$ and $q$ are prime. Then the product of the Legendre symbol of $p$ over $q$ and the Legendre symbol of $q$ over $p$ is equal to the exponentiation of the negation of $1$ to the product of the quotient of $p - 1$ and $2$ and $\frac{ q - 1}{2}$.

Thm07. Let $p$ and $q$ be elements of $\Natural$. Assume that $p$ and $q$ are prime. Then the product of the Legendre symbol of $p$ over $q$ and the Legendre symbol of $q$ over $p$ is equal to the exponentiation of the negation of $1$ to the product of $\frac{ p - 1}{2}$ and the quotient of $q - 1$ and $2$.

Thm07. Let $p$ and $q$ be natural numbers. Assume that $p$ and $q$ are prime. Then the product of the Legendre symbol of $p$ over $q$ and $\left(\frac{ q }{ p }\right)$ is equal to the exponentiation of $- 1$ to the product of the quotient of the difference between $p$ and $1$ and $2$ and $\frac{ q - 1}{2}$.

Thm07. Let $p$ and $q$ be natural numbers. Assume that $p$ and $q$ are prime. Then the product of the Legendre symbol of $p$ over $q$ and $\left(\frac{ q }{ p }\right)$ is equal to the exponentiation of $- 1$ to the product of $\frac{ p - 1}{2}$ and the quotient of the difference between $q$ and $1$ and $2$.

Thm07. Let $p$ and $q$ be natural numbers. Assume that $p$ and $q$ are prime. Then the product of $\left(\frac{ p }{ q }\right)$ and the Legendre symbol of $q$ over $p$ is equal to the exponentiation of $- 1$ to the product of the quotient of the difference between $p$ and $1$ and $2$ and $\frac{ q - 1}{2}$.

Thm07. Let $p$ and $q$ be natural numbers. Assume that $p$ and $q$ are prime. Then the product of $\left(\frac{ p }{ q }\right)$ and the Legendre symbol of $q$ over $p$ is equal to the exponentiation of $- 1$ to the product of $\frac{ p - 1}{2}$ and the quotient of the difference between $q$ and $1$ and $2$.

Thm07. Let $p$ and $q$ be natural numbers. Assume that $p$ and $q$ are prime. Then the product of the Legendre symbol of $p$ over $q$ and the Legendre symbol of $q$ over $p$ is equal to the exponentiation of the negation of $1$ to the product of the quotient of $p - 1$ and $2$ and the quotient of $q - 1$ and $2$.

Thm07. Let $p$ be an element of $\Natural$. Let $q$ be a natural number. Assume that $p$ and $q$ are prime. Then the product of the Legendre symbol of $p$ over $q$ and $\left(\frac{ q }{ p }\right)$ is equal to the exponentiation of $- 1$ to the product of $\frac{ p - 1}{2}$ and $\frac{ q - 1}{2}$.

Thm07. Let $p$ be an element of $\Natural$. Let $q$ be a natural number. Assume that $p$ and $q$ are prime. Then the product of $\left(\frac{ p }{ q }\right)$ and the Legendre symbol of $q$ over $p$ is equal to the exponentiation of $- 1$ to the product of $\frac{ p - 1}{2}$ and $\frac{ q - 1}{2}$.

Thm07. Let $p$ be a natural number. Let $q$ be an element of $\Natural$. Assume that $p$ and $q$ are prime. Then the product of the Legendre symbol of $p$ over $q$ and $\left(\frac{ q }{ p }\right)$ is equal to the exponentiation of $- 1$ to the product of $\frac{ p - 1}{2}$ and $\frac{ q - 1}{2}$.

Thm07. Let $p$ be a natural number. Let $q$ be an element of $\Natural$. Assume that $p$ and $q$ are prime. Then the product of $\left(\frac{ p }{ q }\right)$ and the Legendre symbol of $q$ over $p$ is equal to the exponentiation of $- 1$ to the product of $\frac{ p - 1}{2}$ and $\frac{ q - 1}{2}$.

Thm07. Let $p$ and $q$ be elements of $\Natural$. Assume that $p$ and $q$ are prime. Then $\left(\frac{ p }{ q }\right) \times \left(\frac{ q }{ p }\right)$ is equal to the exponentiation of $- 1$ to the product of the quotient of the difference between $p$ and $1$ and $2$ and the quotient of $q - 1$ and $2$.

Thm07. Let $p$ and $q$ be elements of $\Natural$. Assume that $p$ and $q$ are prime. Then $\left(\frac{ p }{ q }\right) \times \left(\frac{ q }{ p }\right)$ is equal to the exponentiation of $- 1$ to the product of the quotient of $p - 1$ and $2$ and the quotient of the difference between $q$ and $1$ and $2$.

Thm07. Let $p$ and $q$ be elements of $\Natural$. Assume that $p$ and $q$ are prime. Then $\left(\frac{ p }{ q }\right) \times \left(\frac{ q }{ p }\right)$ is equal to the exponentiation of the negation of $1$ to the product of the quotient of the difference between $p$ and $1$ and $2$ and $\frac{ q - 1}{2}$.

Thm07. Let $p$ and $q$ be elements of $\Natural$. Assume that $p$ and $q$ are prime. Then $\left(\frac{ p }{ q }\right) \times \left(\frac{ q }{ p }\right)$ is equal to the exponentiation of the negation of $1$ to the product of $\frac{ p - 1}{2}$ and the quotient of the difference between $q$ and $1$ and $2$.

Thm07. Let $p$ and $q$ be natural numbers. Assume that $p$ and $q$ are prime. Then the product of the Legendre symbol of $p$ over $q$ and the Legendre symbol of $q$ over $p$ is equal to the exponentiation of $- 1$ to the product of the quotient of the difference between $p$ and $1$ and $2$ and $\frac{ q - 1}{2}$.

Thm07. Let $p$ and $q$ be natural numbers. Assume that $p$ and $q$ are prime. Then the product of the Legendre symbol of $p$ over $q$ and the Legendre symbol of $q$ over $p$ is equal to the exponentiation of $- 1$ to the product of $\frac{ p - 1}{2}$ and the quotient of the difference between $q$ and $1$ and $2$.

Thm07. Let $p$ and $q$ be natural numbers. Assume that $p$ and $q$ are prime. Then $\left(\frac{ p }{ q }\right) \times \left(\frac{ q }{ p }\right)$ is equal to the exponentiation of the negation of $1$ to the product of the quotient of the difference between $p$ and $1$ and $2$ and the quotient of $q - 1$ and $2$.

Thm07. Let $p$ and $q$ be natural numbers. Assume that $p$ and $q$ are prime. Then $\left(\frac{ p }{ q }\right) \times \left(\frac{ q }{ p }\right)$ is equal to the exponentiation of the negation of $1$ to the product of the quotient of $p - 1$ and $2$ and the quotient of the difference between $q$ and $1$ and $2$.

Thm07. Let $p$ be an element of $\Natural$. Let $q$ be a natural number. Assume that $p$ and $q$ are prime. Then the product of the Legendre symbol of $p$ over $q$ and the Legendre symbol of $q$ over $p$ is equal to the exponentiation of $- 1$ to the product of $\frac{ p - 1}{2}$ and $\frac{ q - 1}{2}$.

Thm07. Let $p$ be an element of $\Natural$. Let $q$ be a natural number. Assume that $p$ and $q$ are prime. Then $\left(\frac{ p }{ q }\right) \times \left(\frac{ q }{ p }\right)$ is equal to the exponentiation of $- 1$ to the product of the quotient of $p - 1$ and $2$ and the quotient of $q - 1$ and $2$.

Thm07. Let $p$ be a natural number. Let $q$ be an element of $\Natural$. Assume that $p$ and $q$ are prime. Then the product of the Legendre symbol of $p$ over $q$ and the Legendre symbol of $q$ over $p$ is equal to the exponentiation of $- 1$ to the product of $\frac{ p - 1}{2}$ and $\frac{ q - 1}{2}$.

Thm07. Let $p$ be a natural number. Let $q$ be an element of $\Natural$. Assume that $p$ and $q$ are prime. Then $\left(\frac{ p }{ q }\right) \times \left(\frac{ q }{ p }\right)$ is equal to the exponentiation of $- 1$ to the product of the quotient of $p - 1$ and $2$ and the quotient of $q - 1$ and $2$.

Thm07. Let $p$ and $q$ be elements of $\Natural$. Assume that $p$ and $q$ are prime. Then the product of $\left(\frac{ p }{ q }\right)$ and $\left(\frac{ q }{ p }\right)$ is equal to the exponentiation of the negation of $1$ to the product of the quotient of $p - 1$ and $2$ and the quotient of $q - 1$ and $2$.

Thm07. Let $p$ be an element of $\Natural$. Let $q$ be a natural number. Assume that $p$ and $q$ are prime. Then $\left(\frac{ p }{ q }\right) \times \left(\frac{ q }{ p }\right)$ is equal to the exponentiation of the negation of $1$ to the product of the quotient of $p - 1$ and $2$ and $\frac{ q - 1}{2}$.

Thm07. Let $p$ be an element of $\Natural$. Let $q$ be a natural number. Assume that $p$ and $q$ are prime. Then $\left(\frac{ p }{ q }\right) \times \left(\frac{ q }{ p }\right)$ is equal to the exponentiation of the negation of $1$ to the product of $\frac{ p - 1}{2}$ and the quotient of $q - 1$ and $2$.

Thm07. Let $p$ be a natural number. Let $q$ be an element of $\Natural$. Assume that $p$ and $q$ are prime. Then $\left(\frac{ p }{ q }\right) \times \left(\frac{ q }{ p }\right)$ is equal to the exponentiation of the negation of $1$ to the product of the quotient of $p - 1$ and $2$ and $\frac{ q - 1}{2}$.

Thm07. Let $p$ be a natural number. Let $q$ be an element of $\Natural$. Assume that $p$ and $q$ are prime. Then $\left(\frac{ p }{ q }\right) \times \left(\frac{ q }{ p }\right)$ is equal to the exponentiation of the negation of $1$ to the product of $\frac{ p - 1}{2}$ and the quotient of $q - 1$ and $2$.

Thm07. Let $p$ and $q$ be elements of $\Natural$. Assume that $p$ and $q$ are prime. Then the product of $\left(\frac{ p }{ q }\right)$ and $\left(\frac{ q }{ p }\right)$ is equal to the exponentiation of $- 1$ to the product of the quotient of the difference between $p$ and $1$ and $2$ and $\frac{ q - 1}{2}$.

Thm07. Let $p$ and $q$ be elements of $\Natural$. Assume that $p$ and $q$ are prime. Then the product of $\left(\frac{ p }{ q }\right)$ and $\left(\frac{ q }{ p }\right)$ is equal to the exponentiation of $- 1$ to the product of $\frac{ p - 1}{2}$ and the quotient of the difference between $q$ and $1$ and $2$.

Thm07. Let $p$ and $q$ be elements of $\Natural$. Assume that $p$ and $q$ are prime. Then the product of the Legendre symbol of $p$ over $q$ and $\left(\frac{ q }{ p }\right)$ is equal to the exponentiation of the negation of $1$ to the product of the quotient of $p - 1$ and $2$ and the quotient of $q - 1$ and $2$.

Thm07. Let $p$ and $q$ be elements of $\Natural$. Assume that $p$ and $q$ are prime. Then the product of $\left(\frac{ p }{ q }\right)$ and the Legendre symbol of $q$ over $p$ is equal to the exponentiation of the negation of $1$ to the product of the quotient of $p - 1$ and $2$ and the quotient of $q - 1$ and $2$.

Thm07. Let $p$ and $q$ be natural numbers. Assume that $p$ and $q$ are prime. Then the product of $\left(\frac{ p }{ q }\right)$ and $\left(\frac{ q }{ p }\right)$ is equal to the exponentiation of $- 1$ to the product of the quotient of the difference between $p$ and $1$ and $2$ and the quotient of $q - 1$ and $2$.

Thm07. Let $p$ and $q$ be natural numbers. Assume that $p$ and $q$ are prime. Then the product of $\left(\frac{ p }{ q }\right)$ and $\left(\frac{ q }{ p }\right)$ is equal to the exponentiation of $- 1$ to the product of the quotient of $p - 1$ and $2$ and the quotient of the difference between $q$ and $1$ and $2$.

Thm07. Let $p$ and $q$ be natural numbers. Assume that $p$ and $q$ are prime. Then the product of $\left(\frac{ p }{ q }\right)$ and $\left(\frac{ q }{ p }\right)$ is equal to the exponentiation of the negation of $1$ to the product of the quotient of the difference between $p$ and $1$ and $2$ and $\frac{ q - 1}{2}$.

Thm07. Let $p$ and $q$ be natural numbers. Assume that $p$ and $q$ are prime. Then the product of $\left(\frac{ p }{ q }\right)$ and $\left(\frac{ q }{ p }\right)$ is equal to the exponentiation of the negation of $1$ to the product of $\frac{ p - 1}{2}$ and the quotient of the difference between $q$ and $1$ and $2$.

Thm07. Let $p$ be an element of $\Natural$. Let $q$ be a natural number. Assume that $p$ and $q$ are prime. Then the product of $\left(\frac{ p }{ q }\right)$ and $\left(\frac{ q }{ p }\right)$ is equal to the exponentiation of $- 1$ to the product of the quotient of $p - 1$ and $2$ and $\frac{ q - 1}{2}$.

Thm07. Let $p$ be an element of $\Natural$. Let $q$ be a natural number. Assume that $p$ and $q$ are prime. Then the product of $\left(\frac{ p }{ q }\right)$ and $\left(\frac{ q }{ p }\right)$ is equal to the exponentiation of $- 1$ to the product of $\frac{ p - 1}{2}$ and the quotient of $q - 1$ and $2$.

Thm07. Let $p$ be a natural number. Let $q$ be an element of $\Natural$. Assume that $p$ and $q$ are prime. Then the product of $\left(\frac{ p }{ q }\right)$ and $\left(\frac{ q }{ p }\right)$ is equal to the exponentiation of $- 1$ to the product of the quotient of $p - 1$ and $2$ and $\frac{ q - 1}{2}$.

Thm07. Let $p$ be a natural number. Let $q$ be an element of $\Natural$. Assume that $p$ and $q$ are prime. Then the product of $\left(\frac{ p }{ q }\right)$ and $\left(\frac{ q }{ p }\right)$ is equal to the exponentiation of $- 1$ to the product of $\frac{ p - 1}{2}$ and the quotient of $q - 1$ and $2$.

Thm07. Let $p$ be an element of $\Natural$. Let $q$ be a natural number. Assume that $p$ and $q$ are prime. Then the product of $\left(\frac{ p }{ q }\right)$ and $\left(\frac{ q }{ p }\right)$ is equal to the exponentiation of the negation of $1$ to the product of $\frac{ p - 1}{2}$ and $\frac{ q - 1}{2}$.

Thm07. Let $p$ be a natural number. Let $q$ be an element of $\Natural$. Assume that $p$ and $q$ are prime. Then the product of $\left(\frac{ p }{ q }\right)$ and $\left(\frac{ q }{ p }\right)$ is equal to the exponentiation of the negation of $1$ to the product of $\frac{ p - 1}{2}$ and $\frac{ q - 1}{2}$.

Thm07. Let $p$ and $q$ be elements of $\Natural$. Assume that $p$ and $q$ are prime. Then the product of the Legendre symbol of $p$ over $q$ and $\left(\frac{ q }{ p }\right)$ is equal to the exponentiation of $- 1$ to the product of the quotient of the difference between $p$ and $1$ and $2$ and $\frac{ q - 1}{2}$.

Thm07. Let $p$ and $q$ be elements of $\Natural$. Assume that $p$ and $q$ are prime. Then the product of the Legendre symbol of $p$ over $q$ and $\left(\frac{ q }{ p }\right)$ is equal to the exponentiation of $- 1$ to the product of $\frac{ p - 1}{2}$ and the quotient of the difference between $q$ and $1$ and $2$.

Thm07. Let $p$ and $q$ be elements of $\Natural$. Assume that $p$ and $q$ are prime. Then the product of $\left(\frac{ p }{ q }\right)$ and the Legendre symbol of $q$ over $p$ is equal to the exponentiation of $- 1$ to the product of the quotient of the difference between $p$ and $1$ and $2$ and $\frac{ q - 1}{2}$.

Thm07. Let $p$ and $q$ be elements of $\Natural$. Assume that $p$ and $q$ are prime. Then the product of $\left(\frac{ p }{ q }\right)$ and the Legendre symbol of $q$ over $p$ is equal to the exponentiation of $- 1$ to the product of $\frac{ p - 1}{2}$ and the quotient of the difference between $q$ and $1$ and $2$.

Thm07. Let $p$ and $q$ be elements of $\Natural$. Assume that $p$ and $q$ are prime. Then the product of the Legendre symbol of $p$ over $q$ and the Legendre symbol of $q$ over $p$ is equal to the exponentiation of the negation of $1$ to the product of the quotient of $p - 1$ and $2$ and the quotient of $q - 1$ and $2$.

Thm07. Let $p$ and $q$ be natural numbers. Assume that $p$ and $q$ are prime. Then the product of the Legendre symbol of $p$ over $q$ and $\left(\frac{ q }{ p }\right)$ is equal to the exponentiation of $- 1$ to the product of the quotient of the difference between $p$ and $1$ and $2$ and the quotient of $q - 1$ and $2$.

Thm07. Let $p$ and $q$ be natural numbers. Assume that $p$ and $q$ are prime. Then the product of the Legendre symbol of $p$ over $q$ and $\left(\frac{ q }{ p }\right)$ is equal to the exponentiation of $- 1$ to the product of the quotient of $p - 1$ and $2$ and the quotient of the difference between $q$ and $1$ and $2$.

Thm07. Let $p$ and $q$ be natural numbers. Assume that $p$ and $q$ are prime. Then the product of $\left(\frac{ p }{ q }\right)$ and the Legendre symbol of $q$ over $p$ is equal to the exponentiation of $- 1$ to the product of the quotient of the difference between $p$ and $1$ and $2$ and the quotient of $q - 1$ and $2$.

Thm07. Let $p$ and $q$ be natural numbers. Assume that $p$ and $q$ are prime. Then the product of $\left(\frac{ p }{ q }\right)$ and the Legendre symbol of $q$ over $p$ is equal to the exponentiation of $- 1$ to the product of the quotient of $p - 1$ and $2$ and the quotient of the difference between $q$ and $1$ and $2$.

Thm07. Let $p$ and $q$ be natural numbers. Assume that $p$ and $q$ are prime. Then the product of the Legendre symbol of $p$ over $q$ and $\left(\frac{ q }{ p }\right)$ is equal to the exponentiation of the negation of $1$ to the product of the quotient of the difference between $p$ and $1$ and $2$ and $\frac{ q - 1}{2}$.

Thm07. Let $p$ and $q$ be natural numbers. Assume that $p$ and $q$ are prime. Then the product of the Legendre symbol of $p$ over $q$ and $\left(\frac{ q }{ p }\right)$ is equal to the exponentiation of the negation of $1$ to the product of $\frac{ p - 1}{2}$ and the quotient of the difference between $q$ and $1$ and $2$.

Thm07. Let $p$ and $q$ be natural numbers. Assume that $p$ and $q$ are prime. Then the product of $\left(\frac{ p }{ q }\right)$ and the Legendre symbol of $q$ over $p$ is equal to the exponentiation of the negation of $1$ to the product of the quotient of the difference between $p$ and $1$ and $2$ and $\frac{ q - 1}{2}$.

Thm07. Let $p$ and $q$ be natural numbers. Assume that $p$ and $q$ are prime. Then the product of $\left(\frac{ p }{ q }\right)$ and the Legendre symbol of $q$ over $p$ is equal to the exponentiation of the negation of $1$ to the product of $\frac{ p - 1}{2}$ and the quotient of the difference between $q$ and $1$ and $2$.

Thm07. Let $p$ be an element of $\Natural$. Let $q$ be a natural number. Assume that $p$ and $q$ are prime. Then the product of the Legendre symbol of $p$ over $q$ and $\left(\frac{ q }{ p }\right)$ is equal to the exponentiation of $- 1$ to the product of the quotient of $p - 1$ and $2$ and $\frac{ q - 1}{2}$.

Thm07. Let $p$ be an element of $\Natural$. Let $q$ be a natural number. Assume that $p$ and $q$ are prime. Then the product of the Legendre symbol of $p$ over $q$ and $\left(\frac{ q }{ p }\right)$ is equal to the exponentiation of $- 1$ to the product of $\frac{ p - 1}{2}$ and the quotient of $q - 1$ and $2$.

Thm07. Let $p$ be an element of $\Natural$. Let $q$ be a natural number. Assume that $p$ and $q$ are prime. Then the product of $\left(\frac{ p }{ q }\right)$ and the Legendre symbol of $q$ over $p$ is equal to the exponentiation of $- 1$ to the product of the quotient of $p - 1$ and $2$ and $\frac{ q - 1}{2}$.

Thm07. Let $p$ be an element of $\Natural$. Let $q$ be a natural number. Assume that $p$ and $q$ are prime. Then the product of $\left(\frac{ p }{ q }\right)$ and the Legendre symbol of $q$ over $p$ is equal to the exponentiation of $- 1$ to the product of $\frac{ p - 1}{2}$ and the quotient of $q - 1$ and $2$.

Thm07. Let $p$ be a natural number. Let $q$ be an element of $\Natural$. Assume that $p$ and $q$ are prime. Then the product of the Legendre symbol of $p$ over $q$ and $\left(\frac{ q }{ p }\right)$ is equal to the exponentiation of $- 1$ to the product of the quotient of $p - 1$ and $2$ and $\frac{ q - 1}{2}$.

Thm07. Let $p$ be a natural number. Let $q$ be an element of $\Natural$. Assume that $p$ and $q$ are prime. Then the product of the Legendre symbol of $p$ over $q$ and $\left(\frac{ q }{ p }\right)$ is equal to the exponentiation of $- 1$ to the product of $\frac{ p - 1}{2}$ and the quotient of $q - 1$ and $2$.

Thm07. Let $p$ be a natural number. Let $q$ be an element of $\Natural$. Assume that $p$ and $q$ are prime. Then the product of $\left(\frac{ p }{ q }\right)$ and the Legendre symbol of $q$ over $p$ is equal to the exponentiation of $- 1$ to the product of the quotient of $p - 1$ and $2$ and $\frac{ q - 1}{2}$.

Thm07. Let $p$ be a natural number. Let $q$ be an element of $\Natural$. Assume that $p$ and $q$ are prime. Then the product of $\left(\frac{ p }{ q }\right)$ and the Legendre symbol of $q$ over $p$ is equal to the exponentiation of $- 1$ to the product of $\frac{ p - 1}{2}$ and the quotient of $q - 1$ and $2$.

Thm07. Let $p$ be an element of $\Natural$. Let $q$ be a natural number. Assume that $p$ and $q$ are prime. Then the product of the Legendre symbol of $p$ over $q$ and $\left(\frac{ q }{ p }\right)$ is equal to the exponentiation of the negation of $1$ to the product of $\frac{ p - 1}{2}$ and $\frac{ q - 1}{2}$.

Thm07. Let $p$ be an element of $\Natural$. Let $q$ be a natural number. Assume that $p$ and $q$ are prime. Then the product of $\left(\frac{ p }{ q }\right)$ and the Legendre symbol of $q$ over $p$ is equal to the exponentiation of the negation of $1$ to the product of $\frac{ p - 1}{2}$ and $\frac{ q - 1}{2}$.

Thm07. Let $p$ be a natural number. Let $q$ be an element of $\Natural$. Assume that $p$ and $q$ are prime. Then the product of the Legendre symbol of $p$ over $q$ and $\left(\frac{ q }{ p }\right)$ is equal to the exponentiation of the negation of $1$ to the product of $\frac{ p - 1}{2}$ and $\frac{ q - 1}{2}$.

Thm07. Let $p$ be a natural number. Let $q$ be an element of $\Natural$. Assume that $p$ and $q$ are prime. Then the product of $\left(\frac{ p }{ q }\right)$ and the Legendre symbol of $q$ over $p$ is equal to the exponentiation of the negation of $1$ to the product of $\frac{ p - 1}{2}$ and $\frac{ q - 1}{2}$.

Thm07. Let $p$ and $q$ be elements of $\Natural$. Assume that $p$ and $q$ are prime. Then the product of the Legendre symbol of $p$ over $q$ and the Legendre symbol of $q$ over $p$ is equal to the exponentiation of $- 1$ to the product of the quotient of the difference between $p$ and $1$ and $2$ and $\frac{ q - 1}{2}$.

Thm07. Let $p$ and $q$ be elements of $\Natural$. Assume that $p$ and $q$ are prime. Then the product of the Legendre symbol of $p$ over $q$ and the Legendre symbol of $q$ over $p$ is equal to the exponentiation of $- 1$ to the product of $\frac{ p - 1}{2}$ and the quotient of the difference between $q$ and $1$ and $2$.

Thm07. Let $p$ and $q$ be elements of $\Natural$. Assume that $p$ and $q$ are prime. Then $\left(\frac{ p }{ q }\right) \times \left(\frac{ q }{ p }\right)$ is equal to the exponentiation of the negation of $1$ to the product of the quotient of the difference between $p$ and $1$ and $2$ and the quotient of $q - 1$ and $2$.

Thm07. Let $p$ and $q$ be elements of $\Natural$. Assume that $p$ and $q$ are prime. Then $\left(\frac{ p }{ q }\right) \times \left(\frac{ q }{ p }\right)$ is equal to the exponentiation of the negation of $1$ to the product of the quotient of $p - 1$ and $2$ and the quotient of the difference between $q$ and $1$ and $2$.

Thm07. Let $p$ and $q$ be natural numbers. Assume that $p$ and $q$ are prime. Then the product of the Legendre symbol of $p$ over $q$ and the Legendre symbol of $q$ over $p$ is equal to the exponentiation of $- 1$ to the product of the quotient of the difference between $p$ and $1$ and $2$ and the quotient of $q - 1$ and $2$.

Thm07. Let $p$ and $q$ be natural numbers. Assume that $p$ and $q$ are prime. Then the product of the Legendre symbol of $p$ over $q$ and the Legendre symbol of $q$ over $p$ is equal to the exponentiation of $- 1$ to the product of the quotient of $p - 1$ and $2$ and the quotient of the difference between $q$ and $1$ and $2$.

Thm07. Let $p$ and $q$ be natural numbers. Assume that $p$ and $q$ are prime. Then the product of the Legendre symbol of $p$ over $q$ and the Legendre symbol of $q$ over $p$ is equal to the exponentiation of the negation of $1$ to the product of the quotient of the difference between $p$ and $1$ and $2$ and $\frac{ q - 1}{2}$.

Thm07. Let $p$ and $q$ be natural numbers. Assume that $p$ and $q$ are prime. Then the product of the Legendre symbol of $p$ over $q$ and the Legendre symbol of $q$ over $p$ is equal to the exponentiation of the negation of $1$ to the product of $\frac{ p - 1}{2}$ and the quotient of the difference between $q$ and $1$ and $2$.

Thm07. Let $p$ be an element of $\Natural$. Let $q$ be a natural number. Assume that $p$ and $q$ are prime. Then the product of the Legendre symbol of $p$ over $q$ and the Legendre symbol of $q$ over $p$ is equal to the exponentiation of $- 1$ to the product of the quotient of $p - 1$ and $2$ and $\frac{ q - 1}{2}$.

Thm07. Let $p$ be an element of $\Natural$. Let $q$ be a natural number. Assume that $p$ and $q$ are prime. Then the product of the Legendre symbol of $p$ over $q$ and the Legendre symbol of $q$ over $p$ is equal to the exponentiation of $- 1$ to the product of $\frac{ p - 1}{2}$ and the quotient of $q - 1$ and $2$.

Thm07. Let $p$ be a natural number. Let $q$ be an element of $\Natural$. Assume that $p$ and $q$ are prime. Then the product of the Legendre symbol of $p$ over $q$ and the Legendre symbol of $q$ over $p$ is equal to the exponentiation of $- 1$ to the product of the quotient of $p - 1$ and $2$ and $\frac{ q - 1}{2}$.

Thm07. Let $p$ be a natural number. Let $q$ be an element of $\Natural$. Assume that $p$ and $q$ are prime. Then the product of the Legendre symbol of $p$ over $q$ and the Legendre symbol of $q$ over $p$ is equal to the exponentiation of $- 1$ to the product of $\frac{ p - 1}{2}$ and the quotient of $q - 1$ and $2$.

Thm07. Let $p$ be an element of $\Natural$. Let $q$ be a natural number. Assume that $p$ and $q$ are prime. Then the product of the Legendre symbol of $p$ over $q$ and the Legendre symbol of $q$ over $p$ is equal to the exponentiation of the negation of $1$ to the product of $\frac{ p - 1}{2}$ and $\frac{ q - 1}{2}$.

Thm07. Let $p$ be an element of $\Natural$. Let $q$ be a natural number. Assume that $p$ and $q$ are prime. Then $\left(\frac{ p }{ q }\right) \times \left(\frac{ q }{ p }\right)$ is equal to the exponentiation of the negation of $1$ to the product of the quotient of $p - 1$ and $2$ and the quotient of $q - 1$ and $2$.

Thm07. Let $p$ be a natural number. Let $q$ be an element of $\Natural$. Assume that $p$ and $q$ are prime. Then the product of the Legendre symbol of $p$ over $q$ and the Legendre symbol of $q$ over $p$ is equal to the exponentiation of the negation of $1$ to the product of $\frac{ p - 1}{2}$ and $\frac{ q - 1}{2}$.

Thm07. Let $p$ be a natural number. Let $q$ be an element of $\Natural$. Assume that $p$ and $q$ are prime. Then $\left(\frac{ p }{ q }\right) \times \left(\frac{ q }{ p }\right)$ is equal to the exponentiation of the negation of $1$ to the product of the quotient of $p - 1$ and $2$ and the quotient of $q - 1$ and $2$.

Thm07. Let $p$ and $q$ be natural numbers. Assume that $p$ and $q$ are prime. Then $\left(\frac{ p }{ q }\right) \times \left(\frac{ q }{ p }\right)$ is equal to the exponentiation of $- 1$ to the product of the quotient of the difference between $p$ and $1$ and $2$ and the quotient of the difference between $q$ and $1$ and $2$.

Thm07. Let $p$ and $q$ be elements of $\Natural$. Assume that $p$ and $q$ are prime. Then the product of $\left(\frac{ p }{ q }\right)$ and $\left(\frac{ q }{ p }\right)$ is equal to the exponentiation of $- 1$ to the product of the quotient of the difference between $p$ and $1$ and $2$ and the quotient of $q - 1$ and $2$.

Thm07. Let $p$ and $q$ be elements of $\Natural$. Assume that $p$ and $q$ are prime. Then the product of $\left(\frac{ p }{ q }\right)$ and $\left(\frac{ q }{ p }\right)$ is equal to the exponentiation of $- 1$ to the product of the quotient of $p - 1$ and $2$ and the quotient of the difference between $q$ and $1$ and $2$.

Thm07. Let $p$ be an element of $\Natural$. Let $q$ be a natural number. Assume that $p$ and $q$ are prime. Then $\left(\frac{ p }{ q }\right) \times \left(\frac{ q }{ p }\right)$ is equal to the exponentiation of $- 1$ to the product of the quotient of the difference between $p$ and $1$ and $2$ and $\frac{ q - 1}{2}$.

Thm07. Let $p$ be an element of $\Natural$. Let $q$ be a natural number. Assume that $p$ and $q$ are prime. Then $\left(\frac{ p }{ q }\right) \times \left(\frac{ q }{ p }\right)$ is equal to the exponentiation of $- 1$ to the product of $\frac{ p - 1}{2}$ and the quotient of the difference between $q$ and $1$ and $2$.

Thm07. Let $p$ be a natural number. Let $q$ be an element of $\Natural$. Assume that $p$ and $q$ are prime. Then $\left(\frac{ p }{ q }\right) \times \left(\frac{ q }{ p }\right)$ is equal to the exponentiation of $- 1$ to the product of the quotient of the difference between $p$ and $1$ and $2$ and $\frac{ q - 1}{2}$.

Thm07. Let $p$ be a natural number. Let $q$ be an element of $\Natural$. Assume that $p$ and $q$ are prime. Then $\left(\frac{ p }{ q }\right) \times \left(\frac{ q }{ p }\right)$ is equal to the exponentiation of $- 1$ to the product of $\frac{ p - 1}{2}$ and the quotient of the difference between $q$ and $1$ and $2$.

Thm07. Let $p$ and $q$ be elements of $\Natural$. Assume that $p$ and $q$ are prime. Then the product of $\left(\frac{ p }{ q }\right)$ and $\left(\frac{ q }{ p }\right)$ is equal to the exponentiation of the negation of $1$ to the product of the quotient of the difference between $p$ and $1$ and $2$ and $\frac{ q - 1}{2}$.

Thm07. Let $p$ and $q$ be elements of $\Natural$. Assume that $p$ and $q$ are prime. Then the product of $\left(\frac{ p }{ q }\right)$ and $\left(\frac{ q }{ p }\right)$ is equal to the exponentiation of the negation of $1$ to the product of $\frac{ p - 1}{2}$ and the quotient of the difference between $q$ and $1$ and $2$.

Thm07. Let $p$ and $q$ be natural numbers. Assume that $p$ and $q$ are prime. Then the product of $\left(\frac{ p }{ q }\right)$ and $\left(\frac{ q }{ p }\right)$ is equal to the exponentiation of the negation of $1$ to the product of the quotient of the difference between $p$ and $1$ and $2$ and the quotient of $q - 1$ and $2$.

Thm07. Let $p$ and $q$ be natural numbers. Assume that $p$ and $q$ are prime. Then the product of $\left(\frac{ p }{ q }\right)$ and $\left(\frac{ q }{ p }\right)$ is equal to the exponentiation of the negation of $1$ to the product of the quotient of $p - 1$ and $2$ and the quotient of the difference between $q$ and $1$ and $2$.

Thm07. Let $p$ be an element of $\Natural$. Let $q$ be a natural number. Assume that $p$ and $q$ are prime. Then the product of $\left(\frac{ p }{ q }\right)$ and $\left(\frac{ q }{ p }\right)$ is equal to the exponentiation of $- 1$ to the product of the quotient of $p - 1$ and $2$ and the quotient of $q - 1$ and $2$.

Thm07. Let $p$ be a natural number. Let $q$ be an element of $\Natural$. Assume that $p$ and $q$ are prime. Then the product of $\left(\frac{ p }{ q }\right)$ and $\left(\frac{ q }{ p }\right)$ is equal to the exponentiation of $- 1$ to the product of the quotient of $p - 1$ and $2$ and the quotient of $q - 1$ and $2$.

Thm07. Let $p$ be an element of $\Natural$. Let $q$ be a natural number. Assume that $p$ and $q$ are prime. Then the product of $\left(\frac{ p }{ q }\right)$ and $\left(\frac{ q }{ p }\right)$ is equal to the exponentiation of the negation of $1$ to the product of the quotient of $p - 1$ and $2$ and $\frac{ q - 1}{2}$.

Thm07. Let $p$ be an element of $\Natural$. Let $q$ be a natural number. Assume that $p$ and $q$ are prime. Then the product of $\left(\frac{ p }{ q }\right)$ and $\left(\frac{ q }{ p }\right)$ is equal to the exponentiation of the negation of $1$ to the product of $\frac{ p - 1}{2}$ and the quotient of $q - 1$ and $2$.

Thm07. Let $p$ be a natural number. Let $q$ be an element of $\Natural$. Assume that $p$ and $q$ are prime. Then the product of $\left(\frac{ p }{ q }\right)$ and $\left(\frac{ q }{ p }\right)$ is equal to the exponentiation of the negation of $1$ to the product of the quotient of $p - 1$ and $2$ and $\frac{ q - 1}{2}$.

Thm07. Let $p$ be a natural number. Let $q$ be an element of $\Natural$. Assume that $p$ and $q$ are prime. Then the product of $\left(\frac{ p }{ q }\right)$ and $\left(\frac{ q }{ p }\right)$ is equal to the exponentiation of the negation of $1$ to the product of $\frac{ p - 1}{2}$ and the quotient of $q - 1$ and $2$.

Thm07. Let $p$ and $q$ be elements of $\Natural$. Assume that $p$ and $q$ are prime. Then the product of the Legendre symbol of $p$ over $q$ and $\left(\frac{ q }{ p }\right)$ is equal to the exponentiation of $- 1$ to the product of the quotient of the difference between $p$ and $1$ and $2$ and the quotient of $q - 1$ and $2$.

Thm07. Let $p$ and $q$ be elements of $\Natural$. Assume that $p$ and $q$ are prime. Then the product of the Legendre symbol of $p$ over $q$ and $\left(\frac{ q }{ p }\right)$ is equal to the exponentiation of $- 1$ to the product of the quotient of $p - 1$ and $2$ and the quotient of the difference between $q$ and $1$ and $2$.

Thm07. Let $p$ and $q$ be elements of $\Natural$. Assume that $p$ and $q$ are prime. Then the product of $\left(\frac{ p }{ q }\right)$ and the Legendre symbol of $q$ over $p$ is equal to the exponentiation of $- 1$ to the product of the quotient of the difference between $p$ and $1$ and $2$ and the quotient of $q - 1$ and $2$.

Thm07. Let $p$ and $q$ be elements of $\Natural$. Assume that $p$ and $q$ are prime. Then the product of $\left(\frac{ p }{ q }\right)$ and the Legendre symbol of $q$ over $p$ is equal to the exponentiation of $- 1$ to the product of the quotient of $p - 1$ and $2$ and the quotient of the difference between $q$ and $1$ and $2$.

Thm07. Let $p$ and $q$ be elements of $\Natural$. Assume that $p$ and $q$ are prime. Then the product of the Legendre symbol of $p$ over $q$ and $\left(\frac{ q }{ p }\right)$ is equal to the exponentiation of the negation of $1$ to the product of the quotient of the difference between $p$ and $1$ and $2$ and $\frac{ q - 1}{2}$.

Thm07. Let $p$ and $q$ be elements of $\Natural$. Assume that $p$ and $q$ are prime. Then the product of the Legendre symbol of $p$ over $q$ and $\left(\frac{ q }{ p }\right)$ is equal to the exponentiation of the negation of $1$ to the product of $\frac{ p - 1}{2}$ and the quotient of the difference between $q$ and $1$ and $2$.

Thm07. Let $p$ and $q$ be elements of $\Natural$. Assume that $p$ and $q$ are prime. Then the product of $\left(\frac{ p }{ q }\right)$ and the Legendre symbol of $q$ over $p$ is equal to the exponentiation of the negation of $1$ to the product of the quotient of the difference between $p$ and $1$ and $2$ and $\frac{ q - 1}{2}$.

Thm07. Let $p$ and $q$ be elements of $\Natural$. Assume that $p$ and $q$ are prime. Then the product of $\left(\frac{ p }{ q }\right)$ and the Legendre symbol of $q$ over $p$ is equal to the exponentiation of the negation of $1$ to the product of $\frac{ p - 1}{2}$ and the quotient of the difference between $q$ and $1$ and $2$.

Thm07. Let $p$ and $q$ be natural numbers. Assume that $p$ and $q$ are prime. Then the product of the Legendre symbol of $p$ over $q$ and $\left(\frac{ q }{ p }\right)$ is equal to the exponentiation of the negation of $1$ to the product of the quotient of the difference between $p$ and $1$ and $2$ and the quotient of $q - 1$ and $2$.

Thm07. Let $p$ and $q$ be natural numbers. Assume that $p$ and $q$ are prime. Then the product of the Legendre symbol of $p$ over $q$ and $\left(\frac{ q }{ p }\right)$ is equal to the exponentiation of the negation of $1$ to the product of the quotient of $p - 1$ and $2$ and the quotient of the difference between $q$ and $1$ and $2$.

Thm07. Let $p$ and $q$ be natural numbers. Assume that $p$ and $q$ are prime. Then the product of $\left(\frac{ p }{ q }\right)$ and the Legendre symbol of $q$ over $p$ is equal to the exponentiation of the negation of $1$ to the product of the quotient of the difference between $p$ and $1$ and $2$ and the quotient of $q - 1$ and $2$.

Thm07. Let $p$ and $q$ be natural numbers. Assume that $p$ and $q$ are prime. Then the product of $\left(\frac{ p }{ q }\right)$ and the Legendre symbol of $q$ over $p$ is equal to the exponentiation of the negation of $1$ to the product of the quotient of $p - 1$ and $2$ and the quotient of the difference between $q$ and $1$ and $2$.

Thm07. Let $p$ be an element of $\Natural$. Let $q$ be a natural number. Assume that $p$ and $q$ are prime. Then the product of the Legendre symbol of $p$ over $q$ and $\left(\frac{ q }{ p }\right)$ is equal to the exponentiation of $- 1$ to the product of the quotient of $p - 1$ and $2$ and the quotient of $q - 1$ and $2$.

Thm07. Let $p$ be an element of $\Natural$. Let $q$ be a natural number. Assume that $p$ and $q$ are prime. Then the product of $\left(\frac{ p }{ q }\right)$ and the Legendre symbol of $q$ over $p$ is equal to the exponentiation of $- 1$ to the product of the quotient of $p - 1$ and $2$ and the quotient of $q - 1$ and $2$.

Thm07. Let $p$ be a natural number. Let $q$ be an element of $\Natural$. Assume that $p$ and $q$ are prime. Then the product of the Legendre symbol of $p$ over $q$ and $\left(\frac{ q }{ p }\right)$ is equal to the exponentiation of $- 1$ to the product of the quotient of $p - 1$ and $2$ and the quotient of $q - 1$ and $2$.

Thm07. Let $p$ be a natural number. Let $q$ be an element of $\Natural$. Assume that $p$ and $q$ are prime. Then the product of $\left(\frac{ p }{ q }\right)$ and the Legendre symbol of $q$ over $p$ is equal to the exponentiation of $- 1$ to the product of the quotient of $p - 1$ and $2$ and the quotient of $q - 1$ and $2$.

Thm07. Let $p$ be an element of $\Natural$. Let $q$ be a natural number. Assume that $p$ and $q$ are prime. Then the product of the Legendre symbol of $p$ over $q$ and $\left(\frac{ q }{ p }\right)$ is equal to the exponentiation of the negation of $1$ to the product of the quotient of $p - 1$ and $2$ and $\frac{ q - 1}{2}$.

Thm07. Let $p$ be an element of $\Natural$. Let $q$ be a natural number. Assume that $p$ and $q$ are prime. Then the product of the Legendre symbol of $p$ over $q$ and $\left(\frac{ q }{ p }\right)$ is equal to the exponentiation of the negation of $1$ to the product of $\frac{ p - 1}{2}$ and the quotient of $q - 1$ and $2$.

Thm07. Let $p$ be an element of $\Natural$. Let $q$ be a natural number. Assume that $p$ and $q$ are prime. Then the product of $\left(\frac{ p }{ q }\right)$ and the Legendre symbol of $q$ over $p$ is equal to the exponentiation of the negation of $1$ to the product of the quotient of $p - 1$ and $2$ and $\frac{ q - 1}{2}$.

Thm07. Let $p$ be an element of $\Natural$. Let $q$ be a natural number. Assume that $p$ and $q$ are prime. Then the product of $\left(\frac{ p }{ q }\right)$ and the Legendre symbol of $q$ over $p$ is equal to the exponentiation of the negation of $1$ to the product of $\frac{ p - 1}{2}$ and the quotient of $q - 1$ and $2$.

Thm07. Let $p$ be a natural number. Let $q$ be an element of $\Natural$. Assume that $p$ and $q$ are prime. Then the product of the Legendre symbol of $p$ over $q$ and $\left(\frac{ q }{ p }\right)$ is equal to the exponentiation of the negation of $1$ to the product of the quotient of $p - 1$ and $2$ and $\frac{ q - 1}{2}$.

Thm07. Let $p$ be a natural number. Let $q$ be an element of $\Natural$. Assume that $p$ and $q$ are prime. Then the product of the Legendre symbol of $p$ over $q$ and $\left(\frac{ q }{ p }\right)$ is equal to the exponentiation of the negation of $1$ to the product of $\frac{ p - 1}{2}$ and the quotient of $q - 1$ and $2$.

Thm07. Let $p$ be a natural number. Let $q$ be an element of $\Natural$. Assume that $p$ and $q$ are prime. Then the product of $\left(\frac{ p }{ q }\right)$ and the Legendre symbol of $q$ over $p$ is equal to the exponentiation of the negation of $1$ to the product of the quotient of $p - 1$ and $2$ and $\frac{ q - 1}{2}$.

Thm07. Let $p$ be a natural number. Let $q$ be an element of $\Natural$. Assume that $p$ and $q$ are prime. Then the product of $\left(\frac{ p }{ q }\right)$ and the Legendre symbol of $q$ over $p$ is equal to the exponentiation of the negation of $1$ to the product of $\frac{ p - 1}{2}$ and the quotient of $q - 1$ and $2$.

Thm07. Let $p$ and $q$ be elements of $\Natural$. Assume that $p$ and $q$ are prime. Then the product of the Legendre symbol of $p$ over $q$ and the Legendre symbol of $q$ over $p$ is equal to the exponentiation of $- 1$ to the product of the quotient of the difference between $p$ and $1$ and $2$ and the quotient of $q - 1$ and $2$.

Thm07. Let $p$ and $q$ be elements of $\Natural$. Assume that $p$ and $q$ are prime. Then the product of the Legendre symbol of $p$ over $q$ and the Legendre symbol of $q$ over $p$ is equal to the exponentiation of $- 1$ to the product of the quotient of $p - 1$ and $2$ and the quotient of the difference between $q$ and $1$ and $2$.

Thm07. Let $p$ and $q$ be elements of $\Natural$. Assume that $p$ and $q$ are prime. Then the product of the Legendre symbol of $p$ over $q$ and the Legendre symbol of $q$ over $p$ is equal to the exponentiation of the negation of $1$ to the product of the quotient of the difference between $p$ and $1$ and $2$ and $\frac{ q - 1}{2}$.

Thm07. Let $p$ and $q$ be elements of $\Natural$. Assume that $p$ and $q$ are prime. Then the product of the Legendre symbol of $p$ over $q$ and the Legendre symbol of $q$ over $p$ is equal to the exponentiation of the negation of $1$ to the product of $\frac{ p - 1}{2}$ and the quotient of the difference between $q$ and $1$ and $2$.

Thm07. Let $p$ and $q$ be natural numbers. Assume that $p$ and $q$ are prime. Then the product of the Legendre symbol of $p$ over $q$ and the Legendre symbol of $q$ over $p$ is equal to the exponentiation of the negation of $1$ to the product of the quotient of the difference between $p$ and $1$ and $2$ and the quotient of $q - 1$ and $2$.

Thm07. Let $p$ and $q$ be natural numbers. Assume that $p$ and $q$ are prime. Then the product of the Legendre symbol of $p$ over $q$ and the Legendre symbol of $q$ over $p$ is equal to the exponentiation of the negation of $1$ to the product of the quotient of $p - 1$ and $2$ and the quotient of the difference between $q$ and $1$ and $2$.

Thm07. Let $p$ be an element of $\Natural$. Let $q$ be a natural number. Assume that $p$ and $q$ are prime. Then the product of the Legendre symbol of $p$ over $q$ and the Legendre symbol of $q$ over $p$ is equal to the exponentiation of $- 1$ to the product of the quotient of $p - 1$ and $2$ and the quotient of $q - 1$ and $2$.

Thm07. Let $p$ be a natural number. Let $q$ be an element of $\Natural$. Assume that $p$ and $q$ are prime. Then the product of the Legendre symbol of $p$ over $q$ and the Legendre symbol of $q$ over $p$ is equal to the exponentiation of $- 1$ to the product of the quotient of $p - 1$ and $2$ and the quotient of $q - 1$ and $2$.

Thm07. Let $p$ be an element of $\Natural$. Let $q$ be a natural number. Assume that $p$ and $q$ are prime. Then the product of the Legendre symbol of $p$ over $q$ and the Legendre symbol of $q$ over $p$ is equal to the exponentiation of the negation of $1$ to the product of the quotient of $p - 1$ and $2$ and $\frac{ q - 1}{2}$.

Thm07. Let $p$ be an element of $\Natural$. Let $q$ be a natural number. Assume that $p$ and $q$ are prime. Then the product of the Legendre symbol of $p$ over $q$ and the Legendre symbol of $q$ over $p$ is equal to the exponentiation of the negation of $1$ to the product of $\frac{ p - 1}{2}$ and the quotient of $q - 1$ and $2$.

Thm07. Let $p$ be a natural number. Let $q$ be an element of $\Natural$. Assume that $p$ and $q$ are prime. Then the product of the Legendre symbol of $p$ over $q$ and the Legendre symbol of $q$ over $p$ is equal to the exponentiation of the negation of $1$ to the product of the quotient of $p - 1$ and $2$ and $\frac{ q - 1}{2}$.

Thm07. Let $p$ be a natural number. Let $q$ be an element of $\Natural$. Assume that $p$ and $q$ are prime. Then the product of the Legendre symbol of $p$ over $q$ and the Legendre symbol of $q$ over $p$ is equal to the exponentiation of the negation of $1$ to the product of $\frac{ p - 1}{2}$ and the quotient of $q - 1$ and $2$.

Thm07. Let $p$ and $q$ be elements of $\Natural$. Assume that $p$ and $q$ are prime. Then $\left(\frac{ p }{ q }\right) \times \left(\frac{ q }{ p }\right)$ is equal to the exponentiation of $- 1$ to the product of the quotient of the difference between $p$ and $1$ and $2$ and the quotient of the difference between $q$ and $1$ and $2$.

Thm07. Let $p$ and $q$ be natural numbers. Assume that $p$ and $q$ are prime. Then $\left(\frac{ p }{ q }\right) \times \left(\frac{ q }{ p }\right)$ is equal to the exponentiation of the negation of $1$ to the product of the quotient of the difference between $p$ and $1$ and $2$ and the quotient of the difference between $q$ and $1$ and $2$.

Thm07. Let $p$ be an element of $\Natural$. Let $q$ be a natural number. Assume that $p$ and $q$ are prime. Then $\left(\frac{ p }{ q }\right) \times \left(\frac{ q }{ p }\right)$ is equal to the exponentiation of $- 1$ to the product of the quotient of the difference between $p$ and $1$ and $2$ and the quotient of $q - 1$ and $2$.

Thm07. Let $p$ be an element of $\Natural$. Let $q$ be a natural number. Assume that $p$ and $q$ are prime. Then $\left(\frac{ p }{ q }\right) \times \left(\frac{ q }{ p }\right)$ is equal to the exponentiation of $- 1$ to the product of the quotient of $p - 1$ and $2$ and the quotient of the difference between $q$ and $1$ and $2$.

Thm07. Let $p$ be a natural number. Let $q$ be an element of $\Natural$. Assume that $p$ and $q$ are prime. Then $\left(\frac{ p }{ q }\right) \times \left(\frac{ q }{ p }\right)$ is equal to the exponentiation of $- 1$ to the product of the quotient of the difference between $p$ and $1$ and $2$ and the quotient of $q - 1$ and $2$.

Thm07. Let $p$ be a natural number. Let $q$ be an element of $\Natural$. Assume that $p$ and $q$ are prime. Then $\left(\frac{ p }{ q }\right) \times \left(\frac{ q }{ p }\right)$ is equal to the exponentiation of $- 1$ to the product of the quotient of $p - 1$ and $2$ and the quotient of the difference between $q$ and $1$ and $2$.

Thm07. Let $p$ and $q$ be elements of $\Natural$. Assume that $p$ and $q$ are prime. Then the product of $\left(\frac{ p }{ q }\right)$ and $\left(\frac{ q }{ p }\right)$ is equal to the exponentiation of the negation of $1$ to the product of the quotient of the difference between $p$ and $1$ and $2$ and the quotient of $q - 1$ and $2$.

Thm07. Let $p$ and $q$ be elements of $\Natural$. Assume that $p$ and $q$ are prime. Then the product of $\left(\frac{ p }{ q }\right)$ and $\left(\frac{ q }{ p }\right)$ is equal to the exponentiation of the negation of $1$ to the product of the quotient of $p - 1$ and $2$ and the quotient of the difference between $q$ and $1$ and $2$.

Thm07. Let $p$ be an element of $\Natural$. Let $q$ be a natural number. Assume that $p$ and $q$ are prime. Then $\left(\frac{ p }{ q }\right) \times \left(\frac{ q }{ p }\right)$ is equal to the exponentiation of the negation of $1$ to the product of the quotient of the difference between $p$ and $1$ and $2$ and $\frac{ q - 1}{2}$.

Thm07. Let $p$ be an element of $\Natural$. Let $q$ be a natural number. Assume that $p$ and $q$ are prime. Then $\left(\frac{ p }{ q }\right) \times \left(\frac{ q }{ p }\right)$ is equal to the exponentiation of the negation of $1$ to the product of $\frac{ p - 1}{2}$ and the quotient of the difference between $q$ and $1$ and $2$.

Thm07. Let $p$ be a natural number. Let $q$ be an element of $\Natural$. Assume that $p$ and $q$ are prime. Then $\left(\frac{ p }{ q }\right) \times \left(\frac{ q }{ p }\right)$ is equal to the exponentiation of the negation of $1$ to the product of the quotient of the difference between $p$ and $1$ and $2$ and $\frac{ q - 1}{2}$.

Thm07. Let $p$ be a natural number. Let $q$ be an element of $\Natural$. Assume that $p$ and $q$ are prime. Then $\left(\frac{ p }{ q }\right) \times \left(\frac{ q }{ p }\right)$ is equal to the exponentiation of the negation of $1$ to the product of $\frac{ p - 1}{2}$ and the quotient of the difference between $q$ and $1$ and $2$.

Thm07. Let $p$ be an element of $\Natural$. Let $q$ be a natural number. Assume that $p$ and $q$ are prime. Then the product of $\left(\frac{ p }{ q }\right)$ and $\left(\frac{ q }{ p }\right)$ is equal to the exponentiation of the negation of $1$ to the product of the quotient of $p - 1$ and $2$ and the quotient of $q - 1$ and $2$.

Thm07. Let $p$ be a natural number. Let $q$ be an element of $\Natural$. Assume that $p$ and $q$ are prime. Then the product of $\left(\frac{ p }{ q }\right)$ and $\left(\frac{ q }{ p }\right)$ is equal to the exponentiation of the negation of $1$ to the product of the quotient of $p - 1$ and $2$ and the quotient of $q - 1$ and $2$.

Thm07. Let $p$ and $q$ be elements of $\Natural$. Assume that $p$ and $q$ are prime. Then the product of the Legendre symbol of $p$ over $q$ and $\left(\frac{ q }{ p }\right)$ is equal to the exponentiation of the negation of $1$ to the product of the quotient of the difference between $p$ and $1$ and $2$ and the quotient of $q - 1$ and $2$.

Thm07. Let $p$ and $q$ be elements of $\Natural$. Assume that $p$ and $q$ are prime. Then the product of the Legendre symbol of $p$ over $q$ and $\left(\frac{ q }{ p }\right)$ is equal to the exponentiation of the negation of $1$ to the product of the quotient of $p - 1$ and $2$ and the quotient of the difference between $q$ and $1$ and $2$.

Thm07. Let $p$ and $q$ be elements of $\Natural$. Assume that $p$ and $q$ are prime. Then the product of $\left(\frac{ p }{ q }\right)$ and the Legendre symbol of $q$ over $p$ is equal to the exponentiation of the negation of $1$ to the product of the quotient of the difference between $p$ and $1$ and $2$ and the quotient of $q - 1$ and $2$.

Thm07. Let $p$ and $q$ be elements of $\Natural$. Assume that $p$ and $q$ are prime. Then the product of $\left(\frac{ p }{ q }\right)$ and the Legendre symbol of $q$ over $p$ is equal to the exponentiation of the negation of $1$ to the product of the quotient of $p - 1$ and $2$ and the quotient of the difference between $q$ and $1$ and $2$.

Thm07. Let $p$ and $q$ be natural numbers. Assume that $p$ and $q$ are prime. Then the product of $\left(\frac{ p }{ q }\right)$ and $\left(\frac{ q }{ p }\right)$ is equal to the exponentiation of $- 1$ to the product of the quotient of the difference between $p$ and $1$ and $2$ and the quotient of the difference between $q$ and $1$ and $2$.

Thm07. Let $p$ be an element of $\Natural$. Let $q$ be a natural number. Assume that $p$ and $q$ are prime. Then the product of $\left(\frac{ p }{ q }\right)$ and $\left(\frac{ q }{ p }\right)$ is equal to the exponentiation of $- 1$ to the product of the quotient of the difference between $p$ and $1$ and $2$ and $\frac{ q - 1}{2}$.

Thm07. Let $p$ be an element of $\Natural$. Let $q$ be a natural number. Assume that $p$ and $q$ are prime. Then the product of $\left(\frac{ p }{ q }\right)$ and $\left(\frac{ q }{ p }\right)$ is equal to the exponentiation of $- 1$ to the product of $\frac{ p - 1}{2}$ and the quotient of the difference between $q$ and $1$ and $2$.

Thm07. Let $p$ be a natural number. Let $q$ be an element of $\Natural$. Assume that $p$ and $q$ are prime. Then the product of $\left(\frac{ p }{ q }\right)$ and $\left(\frac{ q }{ p }\right)$ is equal to the exponentiation of $- 1$ to the product of the quotient of the difference between $p$ and $1$ and $2$ and $\frac{ q - 1}{2}$.

Thm07. Let $p$ be a natural number. Let $q$ be an element of $\Natural$. Assume that $p$ and $q$ are prime. Then the product of $\left(\frac{ p }{ q }\right)$ and $\left(\frac{ q }{ p }\right)$ is equal to the exponentiation of $- 1$ to the product of $\frac{ p - 1}{2}$ and the quotient of the difference between $q$ and $1$ and $2$.

Thm07. Let $p$ be an element of $\Natural$. Let $q$ be a natural number. Assume that $p$ and $q$ are prime. Then the product of the Legendre symbol of $p$ over $q$ and $\left(\frac{ q }{ p }\right)$ is equal to the exponentiation of the negation of $1$ to the product of the quotient of $p - 1$ and $2$ and the quotient of $q - 1$ and $2$.

Thm07. Let $p$ be an element of $\Natural$. Let $q$ be a natural number. Assume that $p$ and $q$ are prime. Then the product of $\left(\frac{ p }{ q }\right)$ and the Legendre symbol of $q$ over $p$ is equal to the exponentiation of the negation of $1$ to the product of the quotient of $p - 1$ and $2$ and the quotient of $q - 1$ and $2$.

Thm07. Let $p$ be a natural number. Let $q$ be an element of $\Natural$. Assume that $p$ and $q$ are prime. Then the product of the Legendre symbol of $p$ over $q$ and $\left(\frac{ q }{ p }\right)$ is equal to the exponentiation of the negation of $1$ to the product of the quotient of $p - 1$ and $2$ and the quotient of $q - 1$ and $2$.

Thm07. Let $p$ be a natural number. Let $q$ be an element of $\Natural$. Assume that $p$ and $q$ are prime. Then the product of $\left(\frac{ p }{ q }\right)$ and the Legendre symbol of $q$ over $p$ is equal to the exponentiation of the negation of $1$ to the product of the quotient of $p - 1$ and $2$ and the quotient of $q - 1$ and $2$.

Thm07. Let $p$ and $q$ be elements of $\Natural$. Assume that $p$ and $q$ are prime. Then the product of the Legendre symbol of $p$ over $q$ and the Legendre symbol of $q$ over $p$ is equal to the exponentiation of the negation of $1$ to the product of the quotient of the difference between $p$ and $1$ and $2$ and the quotient of $q - 1$ and $2$.

Thm07. Let $p$ and $q$ be elements of $\Natural$. Assume that $p$ and $q$ are prime. Then the product of the Legendre symbol of $p$ over $q$ and the Legendre symbol of $q$ over $p$ is equal to the exponentiation of the negation of $1$ to the product of the quotient of $p - 1$ and $2$ and the quotient of the difference between $q$ and $1$ and $2$.

Thm07. Let $p$ and $q$ be natural numbers. Assume that $p$ and $q$ are prime. Then the product of the Legendre symbol of $p$ over $q$ and $\left(\frac{ q }{ p }\right)$ is equal to the exponentiation of $- 1$ to the product of the quotient of the difference between $p$ and $1$ and $2$ and the quotient of the difference between $q$ and $1$ and $2$.

Thm07. Let $p$ and $q$ be natural numbers. Assume that $p$ and $q$ are prime. Then the product of $\left(\frac{ p }{ q }\right)$ and the Legendre symbol of $q$ over $p$ is equal to the exponentiation of $- 1$ to the product of the quotient of the difference between $p$ and $1$ and $2$ and the quotient of the difference between $q$ and $1$ and $2$.

Thm07. Let $p$ be an element of $\Natural$. Let $q$ be a natural number. Assume that $p$ and $q$ are prime. Then the product of the Legendre symbol of $p$ over $q$ and $\left(\frac{ q }{ p }\right)$ is equal to the exponentiation of $- 1$ to the product of the quotient of the difference between $p$ and $1$ and $2$ and $\frac{ q - 1}{2}$.

Thm07. Let $p$ be an element of $\Natural$. Let $q$ be a natural number. Assume that $p$ and $q$ are prime. Then the product of the Legendre symbol of $p$ over $q$ and $\left(\frac{ q }{ p }\right)$ is equal to the exponentiation of $- 1$ to the product of $\frac{ p - 1}{2}$ and the quotient of the difference between $q$ and $1$ and $2$.

Thm07. Let $p$ be an element of $\Natural$. Let $q$ be a natural number. Assume that $p$ and $q$ are prime. Then the product of $\left(\frac{ p }{ q }\right)$ and the Legendre symbol of $q$ over $p$ is equal to the exponentiation of $- 1$ to the product of the quotient of the difference between $p$ and $1$ and $2$ and $\frac{ q - 1}{2}$.

Thm07. Let $p$ be an element of $\Natural$. Let $q$ be a natural number. Assume that $p$ and $q$ are prime. Then the product of $\left(\frac{ p }{ q }\right)$ and the Legendre symbol of $q$ over $p$ is equal to the exponentiation of $- 1$ to the product of $\frac{ p - 1}{2}$ and the quotient of the difference between $q$ and $1$ and $2$.

Thm07. Let $p$ be a natural number. Let $q$ be an element of $\Natural$. Assume that $p$ and $q$ are prime. Then the product of the Legendre symbol of $p$ over $q$ and $\left(\frac{ q }{ p }\right)$ is equal to the exponentiation of $- 1$ to the product of the quotient of the difference between $p$ and $1$ and $2$ and $\frac{ q - 1}{2}$.

Thm07. Let $p$ be a natural number. Let $q$ be an element of $\Natural$. Assume that $p$ and $q$ are prime. Then the product of the Legendre symbol of $p$ over $q$ and $\left(\frac{ q }{ p }\right)$ is equal to the exponentiation of $- 1$ to the product of $\frac{ p - 1}{2}$ and the quotient of the difference between $q$ and $1$ and $2$.

Thm07. Let $p$ be a natural number. Let $q$ be an element of $\Natural$. Assume that $p$ and $q$ are prime. Then the product of $\left(\frac{ p }{ q }\right)$ and the Legendre symbol of $q$ over $p$ is equal to the exponentiation of $- 1$ to the product of the quotient of the difference between $p$ and $1$ and $2$ and $\frac{ q - 1}{2}$.

Thm07. Let $p$ be a natural number. Let $q$ be an element of $\Natural$. Assume that $p$ and $q$ are prime. Then the product of $\left(\frac{ p }{ q }\right)$ and the Legendre symbol of $q$ over $p$ is equal to the exponentiation of $- 1$ to the product of $\frac{ p - 1}{2}$ and the quotient of the difference between $q$ and $1$ and $2$.

Thm07. Let $p$ be an element of $\Natural$. Let $q$ be a natural number. Assume that $p$ and $q$ are prime. Then the product of the Legendre symbol of $p$ over $q$ and the Legendre symbol of $q$ over $p$ is equal to the exponentiation of the negation of $1$ to the product of the quotient of $p - 1$ and $2$ and the quotient of $q - 1$ and $2$.

Thm07. Let $p$ be a natural number. Let $q$ be an element of $\Natural$. Assume that $p$ and $q$ are prime. Then the product of the Legendre symbol of $p$ over $q$ and the Legendre symbol of $q$ over $p$ is equal to the exponentiation of the negation of $1$ to the product of the quotient of $p - 1$ and $2$ and the quotient of $q - 1$ and $2$.

Thm07. Let $p$ and $q$ be elements of $\Natural$. Assume that $p$ and $q$ are prime. Then $\left(\frac{ p }{ q }\right) \times \left(\frac{ q }{ p }\right)$ is equal to the exponentiation of the negation of $1$ to the product of the quotient of the difference between $p$ and $1$ and $2$ and the quotient of the difference between $q$ and $1$ and $2$.

Thm07. Let $p$ and $q$ be natural numbers. Assume that $p$ and $q$ are prime. Then the product of the Legendre symbol of $p$ over $q$ and the Legendre symbol of $q$ over $p$ is equal to the exponentiation of $- 1$ to the product of the quotient of the difference between $p$ and $1$ and $2$ and the quotient of the difference between $q$ and $1$ and $2$.

Thm07. Let $p$ be an element of $\Natural$. Let $q$ be a natural number. Assume that $p$ and $q$ are prime. Then the product of the Legendre symbol of $p$ over $q$ and the Legendre symbol of $q$ over $p$ is equal to the exponentiation of $- 1$ to the product of the quotient of the difference between $p$ and $1$ and $2$ and $\frac{ q - 1}{2}$.

Thm07. Let $p$ be an element of $\Natural$. Let $q$ be a natural number. Assume that $p$ and $q$ are prime. Then the product of the Legendre symbol of $p$ over $q$ and the Legendre symbol of $q$ over $p$ is equal to the exponentiation of $- 1$ to the product of $\frac{ p - 1}{2}$ and the quotient of the difference between $q$ and $1$ and $2$.

Thm07. Let $p$ be a natural number. Let $q$ be an element of $\Natural$. Assume that $p$ and $q$ are prime. Then the product of the Legendre symbol of $p$ over $q$ and the Legendre symbol of $q$ over $p$ is equal to the exponentiation of $- 1$ to the product of the quotient of the difference between $p$ and $1$ and $2$ and $\frac{ q - 1}{2}$.

Thm07. Let $p$ be a natural number. Let $q$ be an element of $\Natural$. Assume that $p$ and $q$ are prime. Then the product of the Legendre symbol of $p$ over $q$ and the Legendre symbol of $q$ over $p$ is equal to the exponentiation of $- 1$ to the product of $\frac{ p - 1}{2}$ and the quotient of the difference between $q$ and $1$ and $2$.

Thm07. Let $p$ be an element of $\Natural$. Let $q$ be a natural number. Assume that $p$ and $q$ are prime. Then $\left(\frac{ p }{ q }\right) \times \left(\frac{ q }{ p }\right)$ is equal to the exponentiation of the negation of $1$ to the product of the quotient of the difference between $p$ and $1$ and $2$ and the quotient of $q - 1$ and $2$.

Thm07. Let $p$ be an element of $\Natural$. Let $q$ be a natural number. Assume that $p$ and $q$ are prime. Then $\left(\frac{ p }{ q }\right) \times \left(\frac{ q }{ p }\right)$ is equal to the exponentiation of the negation of $1$ to the product of the quotient of $p - 1$ and $2$ and the quotient of the difference between $q$ and $1$ and $2$.

Thm07. Let $p$ be a natural number. Let $q$ be an element of $\Natural$. Assume that $p$ and $q$ are prime. Then $\left(\frac{ p }{ q }\right) \times \left(\frac{ q }{ p }\right)$ is equal to the exponentiation of the negation of $1$ to the product of the quotient of the difference between $p$ and $1$ and $2$ and the quotient of $q - 1$ and $2$.

Thm07. Let $p$ be a natural number. Let $q$ be an element of $\Natural$. Assume that $p$ and $q$ are prime. Then $\left(\frac{ p }{ q }\right) \times \left(\frac{ q }{ p }\right)$ is equal to the exponentiation of the negation of $1$ to the product of the quotient of $p - 1$ and $2$ and the quotient of the difference between $q$ and $1$ and $2$.

Thm07. Let $p$ and $q$ be elements of $\Natural$. Assume that $p$ and $q$ are prime. Then the product of $\left(\frac{ p }{ q }\right)$ and $\left(\frac{ q }{ p }\right)$ is equal to the exponentiation of $- 1$ to the product of the quotient of the difference between $p$ and $1$ and $2$ and the quotient of the difference between $q$ and $1$ and $2$.

Thm07. Let $p$ and $q$ be natural numbers. Assume that $p$ and $q$ are prime. Then the product of $\left(\frac{ p }{ q }\right)$ and $\left(\frac{ q }{ p }\right)$ is equal to the exponentiation of the negation of $1$ to the product of the quotient of the difference between $p$ and $1$ and $2$ and the quotient of the difference between $q$ and $1$ and $2$.

Thm07. Let $p$ be an element of $\Natural$. Let $q$ be a natural number. Assume that $p$ and $q$ are prime. Then the product of $\left(\frac{ p }{ q }\right)$ and $\left(\frac{ q }{ p }\right)$ is equal to the exponentiation of $- 1$ to the product of the quotient of the difference between $p$ and $1$ and $2$ and the quotient of $q - 1$ and $2$.

Thm07. Let $p$ be an element of $\Natural$. Let $q$ be a natural number. Assume that $p$ and $q$ are prime. Then the product of $\left(\frac{ p }{ q }\right)$ and $\left(\frac{ q }{ p }\right)$ is equal to the exponentiation of $- 1$ to the product of the quotient of $p - 1$ and $2$ and the quotient of the difference between $q$ and $1$ and $2$.

Thm07. Let $p$ be a natural number. Let $q$ be an element of $\Natural$. Assume that $p$ and $q$ are prime. Then the product of $\left(\frac{ p }{ q }\right)$ and $\left(\frac{ q }{ p }\right)$ is equal to the exponentiation of $- 1$ to the product of the quotient of the difference between $p$ and $1$ and $2$ and the quotient of $q - 1$ and $2$.

Thm07. Let $p$ be a natural number. Let $q$ be an element of $\Natural$. Assume that $p$ and $q$ are prime. Then the product of $\left(\frac{ p }{ q }\right)$ and $\left(\frac{ q }{ p }\right)$ is equal to the exponentiation of $- 1$ to the product of the quotient of $p - 1$ and $2$ and the quotient of the difference between $q$ and $1$ and $2$.

Thm07. Let $p$ be an element of $\Natural$. Let $q$ be a natural number. Assume that $p$ and $q$ are prime. Then the product of $\left(\frac{ p }{ q }\right)$ and $\left(\frac{ q }{ p }\right)$ is equal to the exponentiation of the negation of $1$ to the product of the quotient of the difference between $p$ and $1$ and $2$ and $\frac{ q - 1}{2}$.

Thm07. Let $p$ be an element of $\Natural$. Let $q$ be a natural number. Assume that $p$ and $q$ are prime. Then the product of $\left(\frac{ p }{ q }\right)$ and $\left(\frac{ q }{ p }\right)$ is equal to the exponentiation of the negation of $1$ to the product of $\frac{ p - 1}{2}$ and the quotient of the difference between $q$ and $1$ and $2$.

Thm07. Let $p$ be a natural number. Let $q$ be an element of $\Natural$. Assume that $p$ and $q$ are prime. Then the product of $\left(\frac{ p }{ q }\right)$ and $\left(\frac{ q }{ p }\right)$ is equal to the exponentiation of the negation of $1$ to the product of the quotient of the difference between $p$ and $1$ and $2$ and $\frac{ q - 1}{2}$.

Thm07. Let $p$ be a natural number. Let $q$ be an element of $\Natural$. Assume that $p$ and $q$ are prime. Then the product of $\left(\frac{ p }{ q }\right)$ and $\left(\frac{ q }{ p }\right)$ is equal to the exponentiation of the negation of $1$ to the product of $\frac{ p - 1}{2}$ and the quotient of the difference between $q$ and $1$ and $2$.

Thm07. Let $p$ and $q$ be elements of $\Natural$. Assume that $p$ and $q$ are prime. Then the product of the Legendre symbol of $p$ over $q$ and $\left(\frac{ q }{ p }\right)$ is equal to the exponentiation of $- 1$ to the product of the quotient of the difference between $p$ and $1$ and $2$ and the quotient of the difference between $q$ and $1$ and $2$.

Thm07. Let $p$ and $q$ be elements of $\Natural$. Assume that $p$ and $q$ are prime. Then the product of $\left(\frac{ p }{ q }\right)$ and the Legendre symbol of $q$ over $p$ is equal to the exponentiation of $- 1$ to the product of the quotient of the difference between $p$ and $1$ and $2$ and the quotient of the difference between $q$ and $1$ and $2$.

Thm07. Let $p$ and $q$ be natural numbers. Assume that $p$ and $q$ are prime. Then the product of the Legendre symbol of $p$ over $q$ and $\left(\frac{ q }{ p }\right)$ is equal to the exponentiation of the negation of $1$ to the product of the quotient of the difference between $p$ and $1$ and $2$ and the quotient of the difference between $q$ and $1$ and $2$.

Thm07. Let $p$ and $q$ be natural numbers. Assume that $p$ and $q$ are prime. Then the product of $\left(\frac{ p }{ q }\right)$ and the Legendre symbol of $q$ over $p$ is equal to the exponentiation of the negation of $1$ to the product of the quotient of the difference between $p$ and $1$ and $2$ and the quotient of the difference between $q$ and $1$ and $2$.

Thm07. Let $p$ be an element of $\Natural$. Let $q$ be a natural number. Assume that $p$ and $q$ are prime. Then the product of the Legendre symbol of $p$ over $q$ and $\left(\frac{ q }{ p }\right)$ is equal to the exponentiation of $- 1$ to the product of the quotient of the difference between $p$ and $1$ and $2$ and the quotient of $q - 1$ and $2$.

Thm07. Let $p$ be an element of $\Natural$. Let $q$ be a natural number. Assume that $p$ and $q$ are prime. Then the product of the Legendre symbol of $p$ over $q$ and $\left(\frac{ q }{ p }\right)$ is equal to the exponentiation of $- 1$ to the product of the quotient of $p - 1$ and $2$ and the quotient of the difference between $q$ and $1$ and $2$.

Thm07. Let $p$ be an element of $\Natural$. Let $q$ be a natural number. Assume that $p$ and $q$ are prime. Then the product of $\left(\frac{ p }{ q }\right)$ and the Legendre symbol of $q$ over $p$ is equal to the exponentiation of $- 1$ to the product of the quotient of the difference between $p$ and $1$ and $2$ and the quotient of $q - 1$ and $2$.

Thm07. Let $p$ be an element of $\Natural$. Let $q$ be a natural number. Assume that $p$ and $q$ are prime. Then the product of $\left(\frac{ p }{ q }\right)$ and the Legendre symbol of $q$ over $p$ is equal to the exponentiation of $- 1$ to the product of the quotient of $p - 1$ and $2$ and the quotient of the difference between $q$ and $1$ and $2$.

Thm07. Let $p$ be a natural number. Let $q$ be an element of $\Natural$. Assume that $p$ and $q$ are prime. Then the product of the Legendre symbol of $p$ over $q$ and $\left(\frac{ q }{ p }\right)$ is equal to the exponentiation of $- 1$ to the product of the quotient of the difference between $p$ and $1$ and $2$ and the quotient of $q - 1$ and $2$.

Thm07. Let $p$ be a natural number. Let $q$ be an element of $\Natural$. Assume that $p$ and $q$ are prime. Then the product of the Legendre symbol of $p$ over $q$ and $\left(\frac{ q }{ p }\right)$ is equal to the exponentiation of $- 1$ to the product of the quotient of $p - 1$ and $2$ and the quotient of the difference between $q$ and $1$ and $2$.

Thm07. Let $p$ be a natural number. Let $q$ be an element of $\Natural$. Assume that $p$ and $q$ are prime. Then the product of $\left(\frac{ p }{ q }\right)$ and the Legendre symbol of $q$ over $p$ is equal to the exponentiation of $- 1$ to the product of the quotient of the difference between $p$ and $1$ and $2$ and the quotient of $q - 1$ and $2$.

Thm07. Let $p$ be a natural number. Let $q$ be an element of $\Natural$. Assume that $p$ and $q$ are prime. Then the product of $\left(\frac{ p }{ q }\right)$ and the Legendre symbol of $q$ over $p$ is equal to the exponentiation of $- 1$ to the product of the quotient of $p - 1$ and $2$ and the quotient of the difference between $q$ and $1$ and $2$.

Thm07. Let $p$ be an element of $\Natural$. Let $q$ be a natural number. Assume that $p$ and $q$ are prime. Then the product of the Legendre symbol of $p$ over $q$ and $\left(\frac{ q }{ p }\right)$ is equal to the exponentiation of the negation of $1$ to the product of the quotient of the difference between $p$ and $1$ and $2$ and $\frac{ q - 1}{2}$.

Thm07. Let $p$ be an element of $\Natural$. Let $q$ be a natural number. Assume that $p$ and $q$ are prime. Then the product of the Legendre symbol of $p$ over $q$ and $\left(\frac{ q }{ p }\right)$ is equal to the exponentiation of the negation of $1$ to the product of $\frac{ p - 1}{2}$ and the quotient of the difference between $q$ and $1$ and $2$.

Thm07. Let $p$ be an element of $\Natural$. Let $q$ be a natural number. Assume that $p$ and $q$ are prime. Then the product of $\left(\frac{ p }{ q }\right)$ and the Legendre symbol of $q$ over $p$ is equal to the exponentiation of the negation of $1$ to the product of the quotient of the difference between $p$ and $1$ and $2$ and $\frac{ q - 1}{2}$.

Thm07. Let $p$ be an element of $\Natural$. Let $q$ be a natural number. Assume that $p$ and $q$ are prime. Then the product of $\left(\frac{ p }{ q }\right)$ and the Legendre symbol of $q$ over $p$ is equal to the exponentiation of the negation of $1$ to the product of $\frac{ p - 1}{2}$ and the quotient of the difference between $q$ and $1$ and $2$.

Thm07. Let $p$ be a natural number. Let $q$ be an element of $\Natural$. Assume that $p$ and $q$ are prime. Then the product of the Legendre symbol of $p$ over $q$ and $\left(\frac{ q }{ p }\right)$ is equal to the exponentiation of the negation of $1$ to the product of the quotient of the difference between $p$ and $1$ and $2$ and $\frac{ q - 1}{2}$.

Thm07. Let $p$ be a natural number. Let $q$ be an element of $\Natural$. Assume that $p$ and $q$ are prime. Then the product of the Legendre symbol of $p$ over $q$ and $\left(\frac{ q }{ p }\right)$ is equal to the exponentiation of the negation of $1$ to the product of $\frac{ p - 1}{2}$ and the quotient of the difference between $q$ and $1$ and $2$.

Thm07. Let $p$ be a natural number. Let $q$ be an element of $\Natural$. Assume that $p$ and $q$ are prime. Then the product of $\left(\frac{ p }{ q }\right)$ and the Legendre symbol of $q$ over $p$ is equal to the exponentiation of the negation of $1$ to the product of the quotient of the difference between $p$ and $1$ and $2$ and $\frac{ q - 1}{2}$.

Thm07. Let $p$ be a natural number. Let $q$ be an element of $\Natural$. Assume that $p$ and $q$ are prime. Then the product of $\left(\frac{ p }{ q }\right)$ and the Legendre symbol of $q$ over $p$ is equal to the exponentiation of the negation of $1$ to the product of $\frac{ p - 1}{2}$ and the quotient of the difference between $q$ and $1$ and $2$.

Thm07. Let $p$ and $q$ be elements of $\Natural$. Assume that $p$ and $q$ are prime. Then the product of the Legendre symbol of $p$ over $q$ and the Legendre symbol of $q$ over $p$ is equal to the exponentiation of $- 1$ to the product of the quotient of the difference between $p$ and $1$ and $2$ and the quotient of the difference between $q$ and $1$ and $2$.

Thm07. Let $p$ and $q$ be natural numbers. Assume that $p$ and $q$ are prime. Then the product of the Legendre symbol of $p$ over $q$ and the Legendre symbol of $q$ over $p$ is equal to the exponentiation of the negation of $1$ to the product of the quotient of the difference between $p$ and $1$ and $2$ and the quotient of the difference between $q$ and $1$ and $2$.

Thm07. Let $p$ be an element of $\Natural$. Let $q$ be a natural number. Assume that $p$ and $q$ are prime. Then the product of the Legendre symbol of $p$ over $q$ and the Legendre symbol of $q$ over $p$ is equal to the exponentiation of $- 1$ to the product of the quotient of the difference between $p$ and $1$ and $2$ and the quotient of $q - 1$ and $2$.

Thm07. Let $p$ be an element of $\Natural$. Let $q$ be a natural number. Assume that $p$ and $q$ are prime. Then the product of the Legendre symbol of $p$ over $q$ and the Legendre symbol of $q$ over $p$ is equal to the exponentiation of $- 1$ to the product of the quotient of $p - 1$ and $2$ and the quotient of the difference between $q$ and $1$ and $2$.

Thm07. Let $p$ be a natural number. Let $q$ be an element of $\Natural$. Assume that $p$ and $q$ are prime. Then the product of the Legendre symbol of $p$ over $q$ and the Legendre symbol of $q$ over $p$ is equal to the exponentiation of $- 1$ to the product of the quotient of the difference between $p$ and $1$ and $2$ and the quotient of $q - 1$ and $2$.

Thm07. Let $p$ be a natural number. Let $q$ be an element of $\Natural$. Assume that $p$ and $q$ are prime. Then the product of the Legendre symbol of $p$ over $q$ and the Legendre symbol of $q$ over $p$ is equal to the exponentiation of $- 1$ to the product of the quotient of $p - 1$ and $2$ and the quotient of the difference between $q$ and $1$ and $2$.

Thm07. Let $p$ be an element of $\Natural$. Let $q$ be a natural number. Assume that $p$ and $q$ are prime. Then the product of the Legendre symbol of $p$ over $q$ and the Legendre symbol of $q$ over $p$ is equal to the exponentiation of the negation of $1$ to the product of the quotient of the difference between $p$ and $1$ and $2$ and $\frac{ q - 1}{2}$.

Thm07. Let $p$ be an element of $\Natural$. Let $q$ be a natural number. Assume that $p$ and $q$ are prime. Then the product of the Legendre symbol of $p$ over $q$ and the Legendre symbol of $q$ over $p$ is equal to the exponentiation of the negation of $1$ to the product of $\frac{ p - 1}{2}$ and the quotient of the difference between $q$ and $1$ and $2$.

Thm07. Let $p$ be a natural number. Let $q$ be an element of $\Natural$. Assume that $p$ and $q$ are prime. Then the product of the Legendre symbol of $p$ over $q$ and the Legendre symbol of $q$ over $p$ is equal to the exponentiation of the negation of $1$ to the product of the quotient of the difference between $p$ and $1$ and $2$ and $\frac{ q - 1}{2}$.

Thm07. Let $p$ be a natural number. Let $q$ be an element of $\Natural$. Assume that $p$ and $q$ are prime. Then the product of the Legendre symbol of $p$ over $q$ and the Legendre symbol of $q$ over $p$ is equal to the exponentiation of the negation of $1$ to the product of $\frac{ p - 1}{2}$ and the quotient of the difference between $q$ and $1$ and $2$.

Thm07. Let $p$ be an element of $\Natural$. Let $q$ be a natural number. Assume that $p$ and $q$ are prime. Then $\left(\frac{ p }{ q }\right) \times \left(\frac{ q }{ p }\right)$ is equal to the exponentiation of $- 1$ to the product of the quotient of the difference between $p$ and $1$ and $2$ and the quotient of the difference between $q$ and $1$ and $2$.

Thm07. Let $p$ be a natural number. Let $q$ be an element of $\Natural$. Assume that $p$ and $q$ are prime. Then $\left(\frac{ p }{ q }\right) \times \left(\frac{ q }{ p }\right)$ is equal to the exponentiation of $- 1$ to the product of the quotient of the difference between $p$ and $1$ and $2$ and the quotient of the difference between $q$ and $1$ and $2$.

Thm07. Let $p$ and $q$ be elements of $\Natural$. Assume that $p$ and $q$ are prime. Then the product of $\left(\frac{ p }{ q }\right)$ and $\left(\frac{ q }{ p }\right)$ is equal to the exponentiation of the negation of $1$ to the product of the quotient of the difference between $p$ and $1$ and $2$ and the quotient of the difference between $q$ and $1$ and $2$.

Thm07. Let $p$ be an element of $\Natural$. Let $q$ be a natural number. Assume that $p$ and $q$ are prime. Then the product of $\left(\frac{ p }{ q }\right)$ and $\left(\frac{ q }{ p }\right)$ is equal to the exponentiation of the negation of $1$ to the product of the quotient of the difference between $p$ and $1$ and $2$ and the quotient of $q - 1$ and $2$.

Thm07. Let $p$ be an element of $\Natural$. Let $q$ be a natural number. Assume that $p$ and $q$ are prime. Then the product of $\left(\frac{ p }{ q }\right)$ and $\left(\frac{ q }{ p }\right)$ is equal to the exponentiation of the negation of $1$ to the product of the quotient of $p - 1$ and $2$ and the quotient of the difference between $q$ and $1$ and $2$.

Thm07. Let $p$ be a natural number. Let $q$ be an element of $\Natural$. Assume that $p$ and $q$ are prime. Then the product of $\left(\frac{ p }{ q }\right)$ and $\left(\frac{ q }{ p }\right)$ is equal to the exponentiation of the negation of $1$ to the product of the quotient of the difference between $p$ and $1$ and $2$ and the quotient of $q - 1$ and $2$.

Thm07. Let $p$ be a natural number. Let $q$ be an element of $\Natural$. Assume that $p$ and $q$ are prime. Then the product of $\left(\frac{ p }{ q }\right)$ and $\left(\frac{ q }{ p }\right)$ is equal to the exponentiation of the negation of $1$ to the product of the quotient of $p - 1$ and $2$ and the quotient of the difference between $q$ and $1$ and $2$.

Thm07. Let $p$ and $q$ be elements of $\Natural$. Assume that $p$ and $q$ are prime. Then the product of the Legendre symbol of $p$ over $q$ and $\left(\frac{ q }{ p }\right)$ is equal to the exponentiation of the negation of $1$ to the product of the quotient of the difference between $p$ and $1$ and $2$ and the quotient of the difference between $q$ and $1$ and $2$.

Thm07. Let $p$ and $q$ be elements of $\Natural$. Assume that $p$ and $q$ are prime. Then the product of $\left(\frac{ p }{ q }\right)$ and the Legendre symbol of $q$ over $p$ is equal to the exponentiation of the negation of $1$ to the product of the quotient of the difference between $p$ and $1$ and $2$ and the quotient of the difference between $q$ and $1$ and $2$.

Thm07. Let $p$ be an element of $\Natural$. Let $q$ be a natural number. Assume that $p$ and $q$ are prime. Then the product of the Legendre symbol of $p$ over $q$ and $\left(\frac{ q }{ p }\right)$ is equal to the exponentiation of the negation of $1$ to the product of the quotient of the difference between $p$ and $1$ and $2$ and the quotient of $q - 1$ and $2$.

Thm07. Let $p$ be an element of $\Natural$. Let $q$ be a natural number. Assume that $p$ and $q$ are prime. Then the product of the Legendre symbol of $p$ over $q$ and $\left(\frac{ q }{ p }\right)$ is equal to the exponentiation of the negation of $1$ to the product of the quotient of $p - 1$ and $2$ and the quotient of the difference between $q$ and $1$ and $2$.

Thm07. Let $p$ be an element of $\Natural$. Let $q$ be a natural number. Assume that $p$ and $q$ are prime. Then the product of $\left(\frac{ p }{ q }\right)$ and the Legendre symbol of $q$ over $p$ is equal to the exponentiation of the negation of $1$ to the product of the quotient of the difference between $p$ and $1$ and $2$ and the quotient of $q - 1$ and $2$.

Thm07. Let $p$ be an element of $\Natural$. Let $q$ be a natural number. Assume that $p$ and $q$ are prime. Then the product of $\left(\frac{ p }{ q }\right)$ and the Legendre symbol of $q$ over $p$ is equal to the exponentiation of the negation of $1$ to the product of the quotient of $p - 1$ and $2$ and the quotient of the difference between $q$ and $1$ and $2$.

Thm07. Let $p$ be a natural number. Let $q$ be an element of $\Natural$. Assume that $p$ and $q$ are prime. Then the product of the Legendre symbol of $p$ over $q$ and $\left(\frac{ q }{ p }\right)$ is equal to the exponentiation of the negation of $1$ to the product of the quotient of the difference between $p$ and $1$ and $2$ and the quotient of $q - 1$ and $2$.

Thm07. Let $p$ be a natural number. Let $q$ be an element of $\Natural$. Assume that $p$ and $q$ are prime. Then the product of the Legendre symbol of $p$ over $q$ and $\left(\frac{ q }{ p }\right)$ is equal to the exponentiation of the negation of $1$ to the product of the quotient of $p - 1$ and $2$ and the quotient of the difference between $q$ and $1$ and $2$.

Thm07. Let $p$ be a natural number. Let $q$ be an element of $\Natural$. Assume that $p$ and $q$ are prime. Then the product of $\left(\frac{ p }{ q }\right)$ and the Legendre symbol of $q$ over $p$ is equal to the exponentiation of the negation of $1$ to the product of the quotient of the difference between $p$ and $1$ and $2$ and the quotient of $q - 1$ and $2$.

Thm07. Let $p$ be a natural number. Let $q$ be an element of $\Natural$. Assume that $p$ and $q$ are prime. Then the product of $\left(\frac{ p }{ q }\right)$ and the Legendre symbol of $q$ over $p$ is equal to the exponentiation of the negation of $1$ to the product of the quotient of $p - 1$ and $2$ and the quotient of the difference between $q$ and $1$ and $2$.

Thm07. Let $p$ and $q$ be elements of $\Natural$. Assume that $p$ and $q$ are prime. Then the product of the Legendre symbol of $p$ over $q$ and the Legendre symbol of $q$ over $p$ is equal to the exponentiation of the negation of $1$ to the product of the quotient of the difference between $p$ and $1$ and $2$ and the quotient of the difference between $q$ and $1$ and $2$.

Thm07. Let $p$ be an element of $\Natural$. Let $q$ be a natural number. Assume that $p$ and $q$ are prime. Then the product of the Legendre symbol of $p$ over $q$ and the Legendre symbol of $q$ over $p$ is equal to the exponentiation of the negation of $1$ to the product of the quotient of the difference between $p$ and $1$ and $2$ and the quotient of $q - 1$ and $2$.

Thm07. Let $p$ be an element of $\Natural$. Let $q$ be a natural number. Assume that $p$ and $q$ are prime. Then the product of the Legendre symbol of $p$ over $q$ and the Legendre symbol of $q$ over $p$ is equal to the exponentiation of the negation of $1$ to the product of the quotient of $p - 1$ and $2$ and the quotient of the difference between $q$ and $1$ and $2$.

Thm07. Let $p$ be a natural number. Let $q$ be an element of $\Natural$. Assume that $p$ and $q$ are prime. Then the product of the Legendre symbol of $p$ over $q$ and the Legendre symbol of $q$ over $p$ is equal to the exponentiation of the negation of $1$ to the product of the quotient of the difference between $p$ and $1$ and $2$ and the quotient of $q - 1$ and $2$.

Thm07. Let $p$ be a natural number. Let $q$ be an element of $\Natural$. Assume that $p$ and $q$ are prime. Then the product of the Legendre symbol of $p$ over $q$ and the Legendre symbol of $q$ over $p$ is equal to the exponentiation of the negation of $1$ to the product of the quotient of $p - 1$ and $2$ and the quotient of the difference between $q$ and $1$ and $2$.

Thm07. Let $p$ be an element of $\Natural$. Let $q$ be a natural number. Assume that $p$ and $q$ are prime. Then $\left(\frac{ p }{ q }\right) \times \left(\frac{ q }{ p }\right)$ is equal to the exponentiation of the negation of $1$ to the product of the quotient of the difference between $p$ and $1$ and $2$ and the quotient of the difference between $q$ and $1$ and $2$.

Thm07. Let $p$ be a natural number. Let $q$ be an element of $\Natural$. Assume that $p$ and $q$ are prime. Then $\left(\frac{ p }{ q }\right) \times \left(\frac{ q }{ p }\right)$ is equal to the exponentiation of the negation of $1$ to the product of the quotient of the difference between $p$ and $1$ and $2$ and the quotient of the difference between $q$ and $1$ and $2$.

Thm07. Let $p$ be an element of $\Natural$. Let $q$ be a natural number. Assume that $p$ and $q$ are prime. Then the product of $\left(\frac{ p }{ q }\right)$ and $\left(\frac{ q }{ p }\right)$ is equal to the exponentiation of $- 1$ to the product of the quotient of the difference between $p$ and $1$ and $2$ and the quotient of the difference between $q$ and $1$ and $2$.

Thm07. Let $p$ be a natural number. Let $q$ be an element of $\Natural$. Assume that $p$ and $q$ are prime. Then the product of $\left(\frac{ p }{ q }\right)$ and $\left(\frac{ q }{ p }\right)$ is equal to the exponentiation of $- 1$ to the product of the quotient of the difference between $p$ and $1$ and $2$ and the quotient of the difference between $q$ and $1$ and $2$.

Thm07. Let $p$ be an element of $\Natural$. Let $q$ be a natural number. Assume that $p$ and $q$ are prime. Then the product of the Legendre symbol of $p$ over $q$ and $\left(\frac{ q }{ p }\right)$ is equal to the exponentiation of $- 1$ to the product of the quotient of the difference between $p$ and $1$ and $2$ and the quotient of the difference between $q$ and $1$ and $2$.

Thm07. Let $p$ be an element of $\Natural$. Let $q$ be a natural number. Assume that $p$ and $q$ are prime. Then the product of $\left(\frac{ p }{ q }\right)$ and the Legendre symbol of $q$ over $p$ is equal to the exponentiation of $- 1$ to the product of the quotient of the difference between $p$ and $1$ and $2$ and the quotient of the difference between $q$ and $1$ and $2$.

Thm07. Let $p$ be a natural number. Let $q$ be an element of $\Natural$. Assume that $p$ and $q$ are prime. Then the product of the Legendre symbol of $p$ over $q$ and $\left(\frac{ q }{ p }\right)$ is equal to the exponentiation of $- 1$ to the product of the quotient of the difference between $p$ and $1$ and $2$ and the quotient of the difference between $q$ and $1$ and $2$.

Thm07. Let $p$ be a natural number. Let $q$ be an element of $\Natural$. Assume that $p$ and $q$ are prime. Then the product of $\left(\frac{ p }{ q }\right)$ and the Legendre symbol of $q$ over $p$ is equal to the exponentiation of $- 1$ to the product of the quotient of the difference between $p$ and $1$ and $2$ and the quotient of the difference between $q$ and $1$ and $2$.

Thm07. Let $p$ be an element of $\Natural$. Let $q$ be a natural number. Assume that $p$ and $q$ are prime. Then the product of the Legendre symbol of $p$ over $q$ and the Legendre symbol of $q$ over $p$ is equal to the exponentiation of $- 1$ to the product of the quotient of the difference between $p$ and $1$ and $2$ and the quotient of the difference between $q$ and $1$ and $2$.

Thm07. Let $p$ be a natural number. Let $q$ be an element of $\Natural$. Assume that $p$ and $q$ are prime. Then the product of the Legendre symbol of $p$ over $q$ and the Legendre symbol of $q$ over $p$ is equal to the exponentiation of $- 1$ to the product of the quotient of the difference between $p$ and $1$ and $2$ and the quotient of the difference between $q$ and $1$ and $2$.

Thm07. Let $p$ be an element of $\Natural$. Let $q$ be a natural number. Assume that $p$ and $q$ are prime. Then the product of $\left(\frac{ p }{ q }\right)$ and $\left(\frac{ q }{ p }\right)$ is equal to the exponentiation of the negation of $1$ to the product of the quotient of the difference between $p$ and $1$ and $2$ and the quotient of the difference between $q$ and $1$ and $2$.

Thm07. Let $p$ be a natural number. Let $q$ be an element of $\Natural$. Assume that $p$ and $q$ are prime. Then the product of $\left(\frac{ p }{ q }\right)$ and $\left(\frac{ q }{ p }\right)$ is equal to the exponentiation of the negation of $1$ to the product of the quotient of the difference between $p$ and $1$ and $2$ and the quotient of the difference between $q$ and $1$ and $2$.

Thm07. Let $p$ be an element of $\Natural$. Let $q$ be a natural number. Assume that $p$ and $q$ are prime. Then the product of the Legendre symbol of $p$ over $q$ and $\left(\frac{ q }{ p }\right)$ is equal to the exponentiation of the negation of $1$ to the product of the quotient of the difference between $p$ and $1$ and $2$ and the quotient of the difference between $q$ and $1$ and $2$.

Thm07. Let $p$ be an element of $\Natural$. Let $q$ be a natural number. Assume that $p$ and $q$ are prime. Then the product of $\left(\frac{ p }{ q }\right)$ and the Legendre symbol of $q$ over $p$ is equal to the exponentiation of the negation of $1$ to the product of the quotient of the difference between $p$ and $1$ and $2$ and the quotient of the difference between $q$ and $1$ and $2$.

Thm07. Let $p$ be a natural number. Let $q$ be an element of $\Natural$. Assume that $p$ and $q$ are prime. Then the product of the Legendre symbol of $p$ over $q$ and $\left(\frac{ q }{ p }\right)$ is equal to the exponentiation of the negation of $1$ to the product of the quotient of the difference between $p$ and $1$ and $2$ and the quotient of the difference between $q$ and $1$ and $2$.

Thm07. Let $p$ be a natural number. Let $q$ be an element of $\Natural$. Assume that $p$ and $q$ are prime. Then the product of $\left(\frac{ p }{ q }\right)$ and the Legendre symbol of $q$ over $p$ is equal to the exponentiation of the negation of $1$ to the product of the quotient of the difference between $p$ and $1$ and $2$ and the quotient of the difference between $q$ and $1$ and $2$.

Thm07. Let $p$ be an element of $\Natural$. Let $q$ be a natural number. Assume that $p$ and $q$ are prime. Then the product of the Legendre symbol of $p$ over $q$ and the Legendre symbol of $q$ over $p$ is equal to the exponentiation of the negation of $1$ to the product of the quotient of the difference between $p$ and $1$ and $2$ and the quotient of the difference between $q$ and $1$ and $2$.

Thm07. Let $p$ be a natural number. Let $q$ be an element of $\Natural$. Assume that $p$ and $q$ are prime. Then the product of the Legendre symbol of $p$ over $q$ and the Legendre symbol of $q$ over $p$ is equal to the exponentiation of the negation of $1$ to the product of the quotient of the difference between $p$ and $1$ and $2$ and the quotient of the difference between $q$ and $1$ and $2$.

Thm09. Let $c$ be a circle. Let $r$ be a real number. Assume that $r$ is equal to the radius of $c$. Then the area of $c$ is equal to $\pi \times r ^ {2}$.

Thm09. Let $c$ be a circle. Let $r$ be an element of $\Real$. Assume that $r$ is equal to the radius of $c$. Then the area of $c$ is equal to $\pi \times r ^ {2}$.

Thm09. Let $c$ be a circle. Let $r$ be a real number. Assume that $r$ is equal to the radius of $c$. Then the area of $c$ is equal to the product of $\pi$ and $r ^ {2}$.

Thm09. Let $c$ be a circle. Let $r$ be an element of $\Real$. Assume that $r$ is equal to the radius of $c$. Then the area of $c$ is equal to the product of $\pi$ and $r ^ {2}$.

Thm09. Let $c$ be a circle. Let $r$ be a real number. Assume that $r$ is equal to the radius of $c$. Then the area of $c$ is equal to the product of the number \(\pi\) and $r ^ {2}$.

Thm09. Let $c$ be a circle. Let $r$ be a real number. Assume that $r$ is equal to the radius of $c$. Then the area of $c$ is equal to the product of $\pi$ and the exponentiation of $r$ to $2$.

Thm09. Let $c$ be a circle. Let $r$ be an element of $\Real$. Assume that $r$ is equal to the radius of $c$. Then the area of $c$ is equal to the product of the number \(\pi\) and $r ^ {2}$.

Thm09. Let $c$ be a circle. Let $r$ be an element of $\Real$. Assume that $r$ is equal to the radius of $c$. Then the area of $c$ is equal to the product of $\pi$ and the exponentiation of $r$ to $2$.

Thm09. Let $c$ be a circle. Let $r$ be a real number. Assume that $r$ is equal to the radius of $c$. Then the area of $c$ is equal to the product of the number \(\pi\) and the exponentiation of $r$ to $2$.

Thm09. Let $c$ be a circle. Let $r$ be an element of $\Real$. Assume that $r$ is equal to the radius of $c$. Then the area of $c$ is equal to the product of the number \(\pi\) and the exponentiation of $r$ to $2$.

Thm10FermatLittle. Let $p$ be a natural number. Assume that $p$ is prime. Let $a$ be an integer. Then there exists an integer $q$, such that $a ^ {p}- a = p \times q$.

Thm10FermatLittle. Let $p$ be an element of $\Natural$. Assume that $p$ is prime. Let $a$ be an integer. Then there exists an integer $q$, such that $a ^ {p}- a = p \times q$.

Thm10FermatLittle. Let $p$ be a natural number. Assume that $p$ is prime. Let $a$ be an integer. Then there exists an integer $q$, such that $a ^ {p}- a$ is equal to $p \times q$.

Thm10FermatLittle. Let $p$ be a natural number. Assume that $p$ is prime. Let $a$ be an element of $\Integer$. Then there exists an integer $q$, such that $a ^ {p}- a = p \times q$.

Thm10FermatLittle. Let $p$ be a natural number. Assume that $p$ is prime. Let $a$ be an integer. Then there exists an element $q$ of $\Integer$, such that $a ^ {p}- a = p \times q$.

Thm10FermatLittle. Let $p$ be an element of $\Natural$. Assume that $p$ is prime. Let $a$ be an integer. Then there exists an integer $q$, such that $a ^ {p}- a$ is equal to $p \times q$.

Thm10FermatLittle. Let $p$ be an element of $\Natural$. Assume that $p$ is prime. Let $a$ be an element of $\Integer$. Then there exists an integer $q$, such that $a ^ {p}- a = p \times q$.

Thm10FermatLittle. Let $p$ be an element of $\Natural$. Assume that $p$ is prime. Let $a$ be an integer. Then there exists an element $q$ of $\Integer$, such that $a ^ {p}- a = p \times q$.

Thm10FermatLittle. Let $p$ be a natural number. Assume that $p$ is prime. Let $a$ be an integer. Then there exists an integer $q$, such that $a ^ {p}- a$ is equal to the product of $p$ and $q$.

Thm10FermatLittle. Let $p$ be a natural number. Assume that $p$ is prime. Let $a$ be an integer. Then there exists an element $q$ of $\Integer$, such that $a ^ {p}- a$ is equal to $p \times q$.

Thm10FermatLittle. Let $p$ be a natural number. Assume that $p$ is prime. Let $a$ be an element of $\Integer$. Then there exists an integer $q$, such that $a ^ {p}- a$ is equal to $p \times q$.

Thm10FermatLittle. Let $p$ be a natural number. Assume that $p$ is prime. Let $a$ be an element of $\Integer$. Then there exists an element $q$ of $\Integer$, such that $a ^ {p}- a = p \times q$.

Thm10FermatLittle. Let $p$ be an element of $\Natural$. Assume that $p$ is prime. Let $a$ be an integer. Then there exists an integer $q$, such that $a ^ {p}- a$ is equal to the product of $p$ and $q$.

Thm10FermatLittle. Let $p$ be a natural number. Assume that $p$ is prime. Let $a$ be an integer. Then there exists an integer $q$, such that the difference between $a ^ {p}$ and $a$ is equal to $p \times q$.

Thm10FermatLittle. Let $p$ be an element of $\Natural$. Assume that $p$ is prime. Let $a$ be an integer. Then there exists an element $q$ of $\Integer$, such that $a ^ {p}- a$ is equal to $p \times q$.

Thm10FermatLittle. Let $p$ be an element of $\Natural$. Assume that $p$ is prime. Let $a$ be an element of $\Integer$. Then there exists an integer $q$, such that $a ^ {p}- a$ is equal to $p \times q$.

Thm10FermatLittle. Let $p$ be an element of $\Natural$. Assume that $p$ is prime. Let $a$ be an element of $\Integer$. Then there exists an element $q$ of $\Integer$, such that $a ^ {p}- a = p \times q$.

Thm10FermatLittle. Let $p$ be a natural number. Assume that $p$ is prime. Let $a$ be an integer. Then there exists an element $q$ of $\Integer$, such that $a ^ {p}- a$ is equal to the product of $p$ and $q$.

Thm10FermatLittle. Let $p$ be a natural number. Assume that $p$ is prime. Let $a$ be an element of $\Integer$. Then there exists an integer $q$, such that $a ^ {p}- a$ is equal to the product of $p$ and $q$.

Thm10FermatLittle. Let $p$ be a natural number. Assume that $p$ is prime. Let $a$ be an element of $\Integer$. Then there exists an element $q$ of $\Integer$, such that $a ^ {p}- a$ is equal to $p \times q$.

Thm10FermatLittle. Let $p$ be an element of $\Natural$. Assume that $p$ is prime. Let $a$ be an integer. Then there exists an integer $q$, such that the difference between $a ^ {p}$ and $a$ is equal to $p \times q$.

Thm10FermatLittle. Let $p$ be a natural number. Assume that $p$ is prime. Let $a$ be an integer. Then there exists an integer $q$, such that the difference between $a ^ {p}$ and $a$ is equal to the product of $p$ and $q$.

Thm10FermatLittle. Let $p$ be an element of $\Natural$. Assume that $p$ is prime. Let $a$ be an integer. Then there exists an element $q$ of $\Integer$, such that $a ^ {p}- a$ is equal to the product of $p$ and $q$.

Thm10FermatLittle. Let $p$ be a natural number. Assume that $p$ is prime. Let $a$ be an integer. Then there exists an element $q$ of $\Integer$, such that the difference between $a ^ {p}$ and $a$ is equal to $p \times q$.

Thm10FermatLittle. Let $p$ be an element of $\Natural$. Assume that $p$ is prime. Let $a$ be an element of $\Integer$. Then there exists an integer $q$, such that $a ^ {p}- a$ is equal to the product of $p$ and $q$.

Thm10FermatLittle. Let $p$ be a natural number. Assume that $p$ is prime. Let $a$ be an element of $\Integer$. Then there exists an integer $q$, such that the difference between $a ^ {p}$ and $a$ is equal to $p \times q$.

Thm10FermatLittle. Let $p$ be an element of $\Natural$. Assume that $p$ is prime. Let $a$ be an element of $\Integer$. Then there exists an element $q$ of $\Integer$, such that $a ^ {p}- a$ is equal to $p \times q$.

Thm10FermatLittle. Let $p$ be a natural number. Assume that $p$ is prime. Let $a$ be an integer. Then there exists an integer $q$, such that the difference between the exponentiation of $a$ to $p$ and $a$ is equal to $p \times q$.

Thm10FermatLittle. Let $p$ be a natural number. Assume that $p$ is prime. Let $a$ be an element of $\Integer$. Then there exists an element $q$ of $\Integer$, such that $a ^ {p}- a$ is equal to the product of $p$ and $q$.

Thm10FermatLittle. Let $p$ be an element of $\Natural$. Assume that $p$ is prime. Let $a$ be an integer. Then there exists an integer $q$, such that the difference between $a ^ {p}$ and $a$ is equal to the product of $p$ and $q$.

Thm10FermatLittle. Let $p$ be an element of $\Natural$. Assume that $p$ is prime. Let $a$ be an integer. Then there exists an element $q$ of $\Integer$, such that the difference between $a ^ {p}$ and $a$ is equal to $p \times q$.

Thm10FermatLittle. Let $p$ be an element of $\Natural$. Assume that $p$ is prime. Let $a$ be an element of $\Integer$. Then there exists an integer $q$, such that the difference between $a ^ {p}$ and $a$ is equal to $p \times q$.

Thm10FermatLittle. Let $p$ be an element of $\Natural$. Assume that $p$ is prime. Let $a$ be an integer. Then there exists an integer $q$, such that the difference between the exponentiation of $a$ to $p$ and $a$ is equal to $p \times q$.

Thm10FermatLittle. Let $p$ be a natural number. Assume that $p$ is prime. Let $a$ be an integer. Then there exists an element $q$ of $\Integer$, such that the difference between $a ^ {p}$ and $a$ is equal to the product of $p$ and $q$.

Thm10FermatLittle. Let $p$ be a natural number. Assume that $p$ is prime. Let $a$ be an element of $\Integer$. Then there exists an integer $q$, such that the difference between $a ^ {p}$ and $a$ is equal to the product of $p$ and $q$.

Thm10FermatLittle. Let $p$ be an element of $\Natural$. Assume that $p$ is prime. Let $a$ be an element of $\Integer$. Then there exists an element $q$ of $\Integer$, such that $a ^ {p}- a$ is equal to the product of $p$ and $q$.

Thm10FermatLittle. Let $p$ be a natural number. Assume that $p$ is prime. Let $a$ be an element of $\Integer$. Then there exists an element $q$ of $\Integer$, such that the difference between $a ^ {p}$ and $a$ is equal to $p \times q$.

Thm10FermatLittle. Let $p$ be a natural number. Assume that $p$ is prime. Let $a$ be an integer. Then there exists an integer $q$, such that the difference between the exponentiation of $a$ to $p$ and $a$ is equal to the product of $p$ and $q$.

Thm10FermatLittle. Let $p$ be a natural number. Assume that $p$ is prime. Let $a$ be an integer. Then there exists an element $q$ of $\Integer$, such that the difference between the exponentiation of $a$ to $p$ and $a$ is equal to $p \times q$.

Thm10FermatLittle. Let $p$ be a natural number. Assume that $p$ is prime. Let $a$ be an element of $\Integer$. Then there exists an integer $q$, such that the difference between the exponentiation of $a$ to $p$ and $a$ is equal to $p \times q$.

Thm10FermatLittle. Let $p$ be an element of $\Natural$. Assume that $p$ is prime. Let $a$ be an integer. Then there exists an element $q$ of $\Integer$, such that the difference between $a ^ {p}$ and $a$ is equal to the product of $p$ and $q$.

Thm10FermatLittle. Let $p$ be an element of $\Natural$. Assume that $p$ is prime. Let $a$ be an element of $\Integer$. Then there exists an integer $q$, such that the difference between $a ^ {p}$ and $a$ is equal to the product of $p$ and $q$.

Thm10FermatLittle. Let $p$ be an element of $\Natural$. Assume that $p$ is prime. Let $a$ be an element of $\Integer$. Then there exists an element $q$ of $\Integer$, such that the difference between $a ^ {p}$ and $a$ is equal to $p \times q$.

Thm10FermatLittle. Let $p$ be an element of $\Natural$. Assume that $p$ is prime. Let $a$ be an integer. Then there exists an integer $q$, such that the difference between the exponentiation of $a$ to $p$ and $a$ is equal to the product of $p$ and $q$.

Thm10FermatLittle. Let $p$ be an element of $\Natural$. Assume that $p$ is prime. Let $a$ be an integer. Then there exists an element $q$ of $\Integer$, such that the difference between the exponentiation of $a$ to $p$ and $a$ is equal to $p \times q$.

Thm10FermatLittle. Let $p$ be an element of $\Natural$. Assume that $p$ is prime. Let $a$ be an element of $\Integer$. Then there exists an integer $q$, such that the difference between the exponentiation of $a$ to $p$ and $a$ is equal to $p \times q$.

Thm10FermatLittle. Let $p$ be a natural number. Assume that $p$ is prime. Let $a$ be an element of $\Integer$. Then there exists an element $q$ of $\Integer$, such that the difference between $a ^ {p}$ and $a$ is equal to the product of $p$ and $q$.

Thm10FermatLittle. Let $p$ be a natural number. Assume that $p$ is prime. Let $a$ be an integer. Then there exists an element $q$ of $\Integer$, such that the difference between the exponentiation of $a$ to $p$ and $a$ is equal to the product of $p$ and $q$.

Thm10FermatLittle. Let $p$ be a natural number. Assume that $p$ is prime. Let $a$ be an element of $\Integer$. Then there exists an integer $q$, such that the difference between the exponentiation of $a$ to $p$ and $a$ is equal to the product of $p$ and $q$.

Thm10FermatLittle. Let $p$ be a natural number. Assume that $p$ is prime. Let $a$ be an element of $\Integer$. Then there exists an element $q$ of $\Integer$, such that the difference between the exponentiation of $a$ to $p$ and $a$ is equal to $p \times q$.

Thm10FermatLittle. Let $p$ be an element of $\Natural$. Assume that $p$ is prime. Let $a$ be an element of $\Integer$. Then there exists an element $q$ of $\Integer$, such that the difference between $a ^ {p}$ and $a$ is equal to the product of $p$ and $q$.

Thm10FermatLittle. Let $p$ be an element of $\Natural$. Assume that $p$ is prime. Let $a$ be an integer. Then there exists an element $q$ of $\Integer$, such that the difference between the exponentiation of $a$ to $p$ and $a$ is equal to the product of $p$ and $q$.

Thm10FermatLittle. Let $p$ be an element of $\Natural$. Assume that $p$ is prime. Let $a$ be an element of $\Integer$. Then there exists an integer $q$, such that the difference between the exponentiation of $a$ to $p$ and $a$ is equal to the product of $p$ and $q$.

Thm10FermatLittle. Let $p$ be an element of $\Natural$. Assume that $p$ is prime. Let $a$ be an element of $\Integer$. Then there exists an element $q$ of $\Integer$, such that the difference between the exponentiation of $a$ to $p$ and $a$ is equal to $p \times q$.

Thm10FermatLittle. Let $p$ be a natural number. Assume that $p$ is prime. Let $a$ be an element of $\Integer$. Then there exists an element $q$ of $\Integer$, such that the difference between the exponentiation of $a$ to $p$ and $a$ is equal to the product of $p$ and $q$.

Thm10FermatLittle. Let $p$ be an element of $\Natural$. Assume that $p$ is prime. Let $a$ be an element of $\Integer$. Then there exists an element $q$ of $\Integer$, such that the difference between the exponentiation of $a$ to $p$ and $a$ is equal to the product of $p$ and $q$.

Thm11. Let $n$ be a natural number. Then there exists a natural number $p$, such that $p \geq n$ and $p$ is prime.

Thm11. Let $n$ be an element of $\Natural$. Then there exists a natural number $p$, such that $p \geq n$ and $p$ is prime.

Thm11. Let $n$ be a natural number. Then there exists an element $p$ of $\Natural$, such that $p \geq n$ and $p$ is prime.

Thm11. Let $n$ be an element of $\Natural$. Then there exists an element $p$ of $\Natural$, such that $p \geq n$ and $p$ is prime.

Thm11. Let $n$ be a natural number. Then there exists a natural number $p$, such that $p$ is greater than or equal to $n$ and $p$ is prime.

Thm11. Let $n$ be an element of $\Natural$. Then there exists a natural number $p$, such that $p$ is greater than or equal to $n$ and $p$ is prime.

Thm11. Let $n$ be a natural number. Then there exists an element $p$ of $\Natural$, such that $p$ is greater than or equal to $n$ and $p$ is prime.

Thm11. Let $n$ be an element of $\Natural$. Then there exists an element $p$ of $\Natural$, such that $p$ is greater than or equal to $n$ and $p$ is prime.

Thm19. Let $n$ be a natural number. Then there exist natural numbers $a$, $b$, $c$ and $d$, such that $n = a ^{ 2}+ b ^{ 2}+ c ^{ 2}+ d ^{ 2}$.

Thm19. Let $n$ be a natural number. Then there exist elements $a$, $b$, $c$ and $d$ of $\Natural$, such that $n = a ^{ 2}+ b ^{ 2}+ c ^{ 2}+ d ^{ 2}$.

Thm19. Let $n$ be an element of $\Natural$. Then there exist natural numbers $a$, $b$, $c$ and $d$, such that $n = a ^{ 2}+ b ^{ 2}+ c ^{ 2}+ d ^{ 2}$.

Thm19. Let $n$ be a natural number. Then there exist natural numbers $a$, $b$, $c$ and $d$, such that $n$ is equal to $a ^{ 2}+ b ^{ 2}+ c ^{ 2}+ d ^{ 2}$.

Thm19. Let $n$ be an element of $\Natural$. Then there exist elements $a$, $b$, $c$ and $d$ of $\Natural$, such that $n = a ^{ 2}+ b ^{ 2}+ c ^{ 2}+ d ^{ 2}$.

Thm19. Let $n$ be a natural number. Then there exist elements $a$, $b$, $c$ and $d$ of $\Natural$, such that $n$ is equal to $a ^{ 2}+ b ^{ 2}+ c ^{ 2}+ d ^{ 2}$.

Thm19. Let $n$ be an element of $\Natural$. Then there exist natural numbers $a$, $b$, $c$ and $d$, such that $n$ is equal to $a ^{ 2}+ b ^{ 2}+ c ^{ 2}+ d ^{ 2}$.

Thm19. Let $n$ be a natural number. Then there exist natural numbers $a$, $b$, $c$ and $d$, such that $n$ is equal to the sum of $a ^{ 2}+ b ^{ 2}+ c ^{ 2}$ and $d ^{ 2}$.

Thm19. Let $n$ be an element of $\Natural$. Then there exist elements $a$, $b$, $c$ and $d$ of $\Natural$, such that $n$ is equal to $a ^{ 2}+ b ^{ 2}+ c ^{ 2}+ d ^{ 2}$.

Thm19. Let $n$ be a natural number. Then there exist natural numbers $a$, $b$, $c$ and $d$, such that $n$ is equal to the sum of $a ^{ 2}+ b ^{ 2}$, $c ^{ 2}$ and $d ^{ 2}$.

Thm19. Let $n$ be a natural number. Then there exist natural numbers $a$, $b$, $c$ and $d$, such that $n$ is equal to the sum of $a ^{ 2}+ b ^{ 2}+ c ^{ 2}$ and the square of $d$.

Thm19. Let $n$ be a natural number. Then there exist natural numbers $a$, $b$, $c$ and $d$, such that $n$ is equal to the sum of $a ^{ 2}+ b ^{ 2}$, the square of $c$ and $d ^{ 2}$.

Thm19. Let $n$ be a natural number. Then there exist natural numbers $a$, $b$, $c$ and $d$, such that $n$ is equal to the sum of $a ^{ 2}$, $b ^{ 2}$, $c ^{ 2}$ and $d ^{ 2}$.

Thm19. Let $n$ be a natural number. Then there exist elements $a$, $b$, $c$ and $d$ of $\Natural$, such that $n$ is equal to the sum of $a ^{ 2}+ b ^{ 2}+ c ^{ 2}$ and $d ^{ 2}$.

Thm19. Let $n$ be a natural number. Then there exist natural numbers $a$, $b$, $c$ and $d$, such that $n$ is equal to the sum of $a ^{ 2}+ b ^{ 2}$, $c ^{ 2}$ and the square of $d$.

Thm19. Let $n$ be an element of $\Natural$. Then there exist natural numbers $a$, $b$, $c$ and $d$, such that $n$ is equal to the sum of $a ^{ 2}+ b ^{ 2}+ c ^{ 2}$ and $d ^{ 2}$.

Thm19. Let $n$ be a natural number. Then there exist natural numbers $a$, $b$, $c$ and $d$, such that $n$ is equal to the sum of $a ^{ 2}$, the square of $b$, $c ^{ 2}$ and $d ^{ 2}$.

Thm19. Let $n$ be a natural number. Then there exist natural numbers $a$, $b$, $c$ and $d$, such that $n$ is equal to the sum of $a ^{ 2}$, $b ^{ 2}$, the square of $c$ and $d ^{ 2}$.

Thm19. Let $n$ be a natural number. Then there exist elements $a$, $b$, $c$ and $d$ of $\Natural$, such that $n$ is equal to the sum of $a ^{ 2}+ b ^{ 2}$, $c ^{ 2}$ and $d ^{ 2}$.

Thm19. Let $n$ be a natural number. Then there exist natural numbers $a$, $b$, $c$ and $d$, such that $n$ is equal to the sum of the square of $a$, $b ^{ 2}$, $c ^{ 2}$ and $d ^{ 2}$.

Thm19. Let $n$ be a natural number. Then there exist natural numbers $a$, $b$, $c$ and $d$, such that $n$ is equal to the sum of $a ^{ 2}+ b ^{ 2}$, the square of $c$ and the square of $d$.

Thm19. Let $n$ be a natural number. Then there exist natural numbers $a$, $b$, $c$ and $d$, such that $n$ is equal to the sum of $a ^{ 2}$, $b ^{ 2}$, $c ^{ 2}$ and the square of $d$.

Thm19. Let $n$ be an element of $\Natural$. Then there exist natural numbers $a$, $b$, $c$ and $d$, such that $n$ is equal to the sum of $a ^{ 2}+ b ^{ 2}$, $c ^{ 2}$ and $d ^{ 2}$.

Thm19. Let $n$ be a natural number. Then there exist elements $a$, $b$, $c$ and $d$ of $\Natural$, such that $n$ is equal to the sum of $a ^{ 2}+ b ^{ 2}+ c ^{ 2}$ and the square of $d$.

Thm19. Let $n$ be an element of $\Natural$. Then there exist natural numbers $a$, $b$, $c$ and $d$, such that $n$ is equal to the sum of $a ^{ 2}+ b ^{ 2}+ c ^{ 2}$ and the square of $d$.

Thm19. Let $n$ be a natural number. Then there exist natural numbers $a$, $b$, $c$ and $d$, such that $n$ is equal to the sum of $a ^{ 2}$, the square of $b$, the square of $c$ and $d ^{ 2}$.

Thm19. Let $n$ be a natural number. Then there exist elements $a$, $b$, $c$ and $d$ of $\Natural$, such that $n$ is equal to the sum of $a ^{ 2}+ b ^{ 2}$, the square of $c$ and $d ^{ 2}$.

Thm19. Let $n$ be a natural number. Then there exist elements $a$, $b$, $c$ and $d$ of $\Natural$, such that $n$ is equal to the sum of $a ^{ 2}$, $b ^{ 2}$, $c ^{ 2}$ and $d ^{ 2}$.

Thm19. Let $n$ be a natural number. Then there exist natural numbers $a$, $b$, $c$ and $d$, such that $n$ is equal to the sum of the square of $a$, the square of $b$, $c ^{ 2}$ and $d ^{ 2}$.

Thm19. Let $n$ be a natural number. Then there exist natural numbers $a$, $b$, $c$ and $d$, such that $n$ is equal to the sum of the square of $a$, $b ^{ 2}$, the square of $c$ and $d ^{ 2}$.

Thm19. Let $n$ be a natural number. Then there exist natural numbers $a$, $b$, $c$ and $d$, such that $n$ is equal to the sum of $a ^{ 2}$, the square of $b$, $c ^{ 2}$ and the square of $d$.

Thm19. Let $n$ be a natural number. Then there exist natural numbers $a$, $b$, $c$ and $d$, such that $n$ is equal to the sum of $a ^{ 2}$, $b ^{ 2}$, the square of $c$ and the square of $d$.

Thm19. Let $n$ be an element of $\Natural$. Then there exist natural numbers $a$, $b$, $c$ and $d$, such that $n$ is equal to the sum of $a ^{ 2}+ b ^{ 2}$, the square of $c$ and $d ^{ 2}$.

Thm19. Let $n$ be an element of $\Natural$. Then there exist natural numbers $a$, $b$, $c$ and $d$, such that $n$ is equal to the sum of $a ^{ 2}$, $b ^{ 2}$, $c ^{ 2}$ and $d ^{ 2}$.

Thm19. Let $n$ be a natural number. Then there exist elements $a$, $b$, $c$ and $d$ of $\Natural$, such that $n$ is equal to the sum of $a ^{ 2}+ b ^{ 2}$, $c ^{ 2}$ and the square of $d$.

Thm19. Let $n$ be a natural number. Then there exist natural numbers $a$, $b$, $c$ and $d$, such that $n$ is equal to the sum of the square of $a$, $b ^{ 2}$, $c ^{ 2}$ and the square of $d$.

Thm19. Let $n$ be an element of $\Natural$. Then there exist elements $a$, $b$, $c$ and $d$ of $\Natural$, such that $n$ is equal to the sum of $a ^{ 2}+ b ^{ 2}+ c ^{ 2}$ and $d ^{ 2}$.

Thm19. Let $n$ be an element of $\Natural$. Then there exist natural numbers $a$, $b$, $c$ and $d$, such that $n$ is equal to the sum of $a ^{ 2}+ b ^{ 2}$, $c ^{ 2}$ and the square of $d$.

Thm19. Let $n$ be a natural number. Then there exist elements $a$ and $b$ of $\Natural$, such that there exist natural numbers $c$ and $d$, such that $n = a ^{ 2}+ b ^{ 2}+ c ^{ 2}+ d ^{ 2}$.

Thm19. Let $n$ be a natural number. Then there exist natural numbers $a$ and $b$, such that there exist elements $c$ and $d$ of $\Natural$, such that $n = a ^{ 2}+ b ^{ 2}+ c ^{ 2}+ d ^{ 2}$.

Thm19. Let $n$ be a natural number. Then there exist elements $a$, $b$ and $c$ of $\Natural$, such that there exists a natural number $d$, such that $n = a ^{ 2}+ b ^{ 2}+ c ^{ 2}+ d ^{ 2}$.

Thm19. Let $n$ be a natural number. Then there exists a natural number $a$, such that there exist elements $b$, $c$ and $d$ of $\Natural$, such that $n = a ^{ 2}+ b ^{ 2}+ c ^{ 2}+ d ^{ 2}$.

Thm19. Let $n$ be a natural number. Then there exists an element $a$ of $\Natural$, such that there exist natural numbers $b$, $c$ and $d$, such that $n = a ^{ 2}+ b ^{ 2}+ c ^{ 2}+ d ^{ 2}$.

Thm19. Let $n$ be a natural number. Then there exist natural numbers $a$, $b$ and $c$, such that there exists an element $d$ of $\Natural$, such that $n = a ^{ 2}+ b ^{ 2}+ c ^{ 2}+ d ^{ 2}$.

Thm19. Let $n$ be a natural number. Then there exist elements $a$, $b$, $c$ and $d$ of $\Natural$, such that $n$ is equal to the sum of $a ^{ 2}$, the square of $b$, $c ^{ 2}$ and $d ^{ 2}$.

Thm19. Let $n$ be a natural number. Then there exist elements $a$, $b$, $c$ and $d$ of $\Natural$, such that $n$ is equal to the sum of $a ^{ 2}$, $b ^{ 2}$, the square of $c$ and $d ^{ 2}$.

Thm19. Let $n$ be a natural number. Then there exist natural numbers $a$, $b$, $c$ and $d$, such that $n$ is equal to the sum of the square of $a$, the square of $b$, the square of $c$ and $d ^{ 2}$.

Thm19. Let $n$ be a natural number. Then there exist natural numbers $a$, $b$, $c$ and $d$, such that $n$ is equal to the sum of $a ^{ 2}$, the square of $b$, the square of $c$ and the square of $d$.

Thm19. Let $n$ be an element of $\Natural$. Then there exist natural numbers $a$, $b$, $c$ and $d$, such that $n$ is equal to the sum of $a ^{ 2}$, the square of $b$, $c ^{ 2}$ and $d ^{ 2}$.

Thm19. Let $n$ be an element of $\Natural$. Then there exist natural numbers $a$, $b$, $c$ and $d$, such that $n$ is equal to the sum of $a ^{ 2}$, $b ^{ 2}$, the square of $c$ and $d ^{ 2}$.

Thm19. Let $n$ be a natural number. Then there exist elements $a$, $b$, $c$ and $d$ of $\Natural$, such that $n$ is equal to the sum of the square of $a$, $b ^{ 2}$, $c ^{ 2}$ and $d ^{ 2}$.

Thm19. Let $n$ be a natural number. Then there exist elements $a$, $b$, $c$ and $d$ of $\Natural$, such that $n$ is equal to the sum of $a ^{ 2}+ b ^{ 2}$, the square of $c$ and the square of $d$.

Thm19. Let $n$ be a natural number. Then there exist elements $a$, $b$, $c$ and $d$ of $\Natural$, such that $n$ is equal to the sum of $a ^{ 2}$, $b ^{ 2}$, $c ^{ 2}$ and the square of $d$.

Thm19. Let $n$ be a natural number. Then there exist natural numbers $a$, $b$, $c$ and $d$, such that $n$ is equal to the sum of the square of $a$, the square of $b$, $c ^{ 2}$ and the square of $d$.

Thm19. Let $n$ be a natural number. Then there exist natural numbers $a$, $b$, $c$ and $d$, such that $n$ is equal to the sum of the square of $a$, $b ^{ 2}$, the square of $c$ and the square of $d$.

Thm19. Let $n$ be an element of $\Natural$. Then there exist elements $a$, $b$, $c$ and $d$ of $\Natural$, such that $n$ is equal to the sum of $a ^{ 2}+ b ^{ 2}$, $c ^{ 2}$ and $d ^{ 2}$.

Thm19. Let $n$ be an element of $\Natural$. Then there exist natural numbers $a$, $b$, $c$ and $d$, such that $n$ is equal to the sum of the square of $a$, $b ^{ 2}$, $c ^{ 2}$ and $d ^{ 2}$.

Thm19. Let $n$ be an element of $\Natural$. Then there exist natural numbers $a$, $b$, $c$ and $d$, such that $n$ is equal to the sum of $a ^{ 2}+ b ^{ 2}$, the square of $c$ and the square of $d$.

Thm19. Let $n$ be an element of $\Natural$. Then there exist natural numbers $a$, $b$, $c$ and $d$, such that $n$ is equal to the sum of $a ^{ 2}$, $b ^{ 2}$, $c ^{ 2}$ and the square of $d$.

Thm19. Let $n$ be an element of $\Natural$. Then there exist elements $a$, $b$, $c$ and $d$ of $\Natural$, such that $n$ is equal to the sum of $a ^{ 2}+ b ^{ 2}+ c ^{ 2}$ and the square of $d$.

Thm19. Let $n$ be a natural number. Then there exist elements $a$, $b$, $c$ and $d$ of $\Natural$, such that $n$ is equal to the sum of $a ^{ 2}$, the square of $b$, the square of $c$ and $d ^{ 2}$.

Thm19. Let $n$ be an element of $\Natural$. Then there exist natural numbers $a$, $b$, $c$ and $d$, such that $n$ is equal to the sum of $a ^{ 2}$, the square of $b$, the square of $c$ and $d ^{ 2}$.

Thm19. Let $n$ be a natural number. Then there exist elements $a$, $b$, $c$ and $d$ of $\Natural$, such that $n$ is equal to the sum of the square of $a$, the square of $b$, $c ^{ 2}$ and $d ^{ 2}$.

Thm19. Let $n$ be a natural number. Then there exist elements $a$, $b$, $c$ and $d$ of $\Natural$, such that $n$ is equal to the sum of the square of $a$, $b ^{ 2}$, the square of $c$ and $d ^{ 2}$.

Thm19. Let $n$ be a natural number. Then there exist elements $a$, $b$, $c$ and $d$ of $\Natural$, such that $n$ is equal to the sum of $a ^{ 2}$, the square of $b$, $c ^{ 2}$ and the square of $d$.

Thm19. Let $n$ be a natural number. Then there exist elements $a$, $b$, $c$ and $d$ of $\Natural$, such that $n$ is equal to the sum of $a ^{ 2}$, $b ^{ 2}$, the square of $c$ and the square of $d$.

Thm19. Let $n$ be a natural number. Then there exist natural numbers $a$, $b$, $c$ and $d$, such that $n$ is equal to the sum of the square of $a$, the square of $b$, the square of $c$ and the square of $d$.

Thm19. Let $n$ be an element of $\Natural$. Then there exist elements $a$, $b$, $c$ and $d$ of $\Natural$, such that $n$ is equal to the sum of $a ^{ 2}+ b ^{ 2}$, the square of $c$ and $d ^{ 2}$.

Thm19. Let $n$ be an element of $\Natural$. Then there exist elements $a$, $b$, $c$ and $d$ of $\Natural$, such that $n$ is equal to the sum of $a ^{ 2}$, $b ^{ 2}$, $c ^{ 2}$ and $d ^{ 2}$.

Thm19. Let $n$ be an element of $\Natural$. Then there exist natural numbers $a$, $b$, $c$ and $d$, such that $n$ is equal to the sum of the square of $a$, the square of $b$, $c ^{ 2}$ and $d ^{ 2}$.

Thm19. Let $n$ be an element of $\Natural$. Then there exist natural numbers $a$, $b$, $c$ and $d$, such that $n$ is equal to the sum of the square of $a$, $b ^{ 2}$, the square of $c$ and $d ^{ 2}$.

Thm19. Let $n$ be an element of $\Natural$. Then there exist natural numbers $a$, $b$, $c$ and $d$, such that $n$ is equal to the sum of $a ^{ 2}$, the square of $b$, $c ^{ 2}$ and the square of $d$.

Thm19. Let $n$ be an element of $\Natural$. Then there exist natural numbers $a$, $b$, $c$ and $d$, such that $n$ is equal to the sum of $a ^{ 2}$, $b ^{ 2}$, the square of $c$ and the square of $d$.

Thm19. Let $n$ be a natural number. Then there exist elements $a$, $b$, $c$ and $d$ of $\Natural$, such that $n$ is equal to the sum of the square of $a$, $b ^{ 2}$, $c ^{ 2}$ and the square of $d$.

Thm19. Let $n$ be an element of $\Natural$. Then there exist elements $a$, $b$, $c$ and $d$ of $\Natural$, such that $n$ is equal to the sum of $a ^{ 2}+ b ^{ 2}$, $c ^{ 2}$ and the square of $d$.

Thm19. Let $n$ be an element of $\Natural$. Then there exist natural numbers $a$, $b$, $c$ and $d$, such that $n$ is equal to the sum of the square of $a$, $b ^{ 2}$, $c ^{ 2}$ and the square of $d$.

Thm19. Let $n$ be an element of $\Natural$. Then there exist elements $a$ and $b$ of $\Natural$, such that there exist natural numbers $c$ and $d$, such that $n = a ^{ 2}+ b ^{ 2}+ c ^{ 2}+ d ^{ 2}$.

Thm19. Let $n$ be an element of $\Natural$. Then there exist natural numbers $a$ and $b$, such that there exist elements $c$ and $d$ of $\Natural$, such that $n = a ^{ 2}+ b ^{ 2}+ c ^{ 2}+ d ^{ 2}$.

Thm19. Let $n$ be an element of $\Natural$. Then there exist elements $a$, $b$ and $c$ of $\Natural$, such that there exists a natural number $d$, such that $n = a ^{ 2}+ b ^{ 2}+ c ^{ 2}+ d ^{ 2}$.

Thm19. Let $n$ be an element of $\Natural$. Then there exists a natural number $a$, such that there exist elements $b$, $c$ and $d$ of $\Natural$, such that $n = a ^{ 2}+ b ^{ 2}+ c ^{ 2}+ d ^{ 2}$.

Thm19. Let $n$ be a natural number. Then there exist elements $a$ and $b$ of $\Natural$, such that there exist natural numbers $c$ and $d$, such that $n$ is equal to $a ^{ 2}+ b ^{ 2}+ c ^{ 2}+ d ^{ 2}$.

Thm19. Let $n$ be a natural number. Then there exist natural numbers $a$ and $b$, such that there exist elements $c$ and $d$ of $\Natural$, such that $n$ is equal to $a ^{ 2}+ b ^{ 2}+ c ^{ 2}+ d ^{ 2}$.

Thm19. Let $n$ be an element of $\Natural$. Then there exists an element $a$ of $\Natural$, such that there exist natural numbers $b$, $c$ and $d$, such that $n = a ^{ 2}+ b ^{ 2}+ c ^{ 2}+ d ^{ 2}$.

Thm19. Let $n$ be an element of $\Natural$. Then there exist natural numbers $a$, $b$ and $c$, such that there exists an element $d$ of $\Natural$, such that $n = a ^{ 2}+ b ^{ 2}+ c ^{ 2}+ d ^{ 2}$.

Thm19. Let $n$ be a natural number. Then there exist elements $a$, $b$ and $c$ of $\Natural$, such that there exists a natural number $d$, such that $n$ is equal to $a ^{ 2}+ b ^{ 2}+ c ^{ 2}+ d ^{ 2}$.

Thm19. Let $n$ be a natural number. Then there exists a natural number $a$, such that there exist elements $b$, $c$ and $d$ of $\Natural$, such that $n$ is equal to $a ^{ 2}+ b ^{ 2}+ c ^{ 2}+ d ^{ 2}$.

Thm19. Let $n$ be a natural number. Then there exist elements $a$, $b$, $c$ and $d$ of $\Natural$, such that $n$ is equal to the sum of the square of $a$, the square of $b$, the square of $c$ and $d ^{ 2}$.

Thm19. Let $n$ be a natural number. Then there exist elements $a$, $b$, $c$ and $d$ of $\Natural$, such that $n$ is equal to the sum of $a ^{ 2}$, the square of $b$, the square of $c$ and the square of $d$.

Thm19. Let $n$ be a natural number. Then there exists an element $a$ of $\Natural$, such that there exist natural numbers $b$, $c$ and $d$, such that $n$ is equal to $a ^{ 2}+ b ^{ 2}+ c ^{ 2}+ d ^{ 2}$.

Thm19. Let $n$ be a natural number. Then there exist natural numbers $a$, $b$ and $c$, such that there exists an element $d$ of $\Natural$, such that $n$ is equal to $a ^{ 2}+ b ^{ 2}+ c ^{ 2}+ d ^{ 2}$.

Thm19. Let $n$ be an element of $\Natural$. Then there exist elements $a$, $b$, $c$ and $d$ of $\Natural$, such that $n$ is equal to the sum of $a ^{ 2}$, the square of $b$, $c ^{ 2}$ and $d ^{ 2}$.

Thm19. Let $n$ be an element of $\Natural$. Then there exist elements $a$, $b$, $c$ and $d$ of $\Natural$, such that $n$ is equal to the sum of $a ^{ 2}$, $b ^{ 2}$, the square of $c$ and $d ^{ 2}$.

Thm19. Let $n$ be an element of $\Natural$. Then there exist natural numbers $a$, $b$, $c$ and $d$, such that $n$ is equal to the sum of the square of $a$, the square of $b$, the square of $c$ and $d ^{ 2}$.

Thm19. Let $n$ be an element of $\Natural$. Then there exist natural numbers $a$, $b$, $c$ and $d$, such that $n$ is equal to the sum of $a ^{ 2}$, the square of $b$, the square of $c$ and the square of $d$.

Thm19. Let $n$ be a natural number. Then there exist elements $a$, $b$, $c$ and $d$ of $\Natural$, such that $n$ is equal to the sum of the square of $a$, the square of $b$, $c ^{ 2}$ and the square of $d$.

Thm19. Let $n$ be a natural number. Then there exist elements $a$, $b$, $c$ and $d$ of $\Natural$, such that $n$ is equal to the sum of the square of $a$, $b ^{ 2}$, the square of $c$ and the square of $d$.

Thm19. Let $n$ be an element of $\Natural$. Then there exist elements $a$, $b$, $c$ and $d$ of $\Natural$, such that $n$ is equal to the sum of the square of $a$, $b ^{ 2}$, $c ^{ 2}$ and $d ^{ 2}$.

Thm19. Let $n$ be an element of $\Natural$. Then there exist elements $a$, $b$, $c$ and $d$ of $\Natural$, such that $n$ is equal to the sum of $a ^{ 2}+ b ^{ 2}$, the square of $c$ and the square of $d$.

Thm19. Let $n$ be an element of $\Natural$. Then there exist elements $a$, $b$, $c$ and $d$ of $\Natural$, such that $n$ is equal to the sum of $a ^{ 2}$, $b ^{ 2}$, $c ^{ 2}$ and the square of $d$.

Thm19. Let $n$ be an element of $\Natural$. Then there exist natural numbers $a$, $b$, $c$ and $d$, such that $n$ is equal to the sum of the square of $a$, the square of $b$, $c ^{ 2}$ and the square of $d$.

Thm19. Let $n$ be an element of $\Natural$. Then there exist natural numbers $a$, $b$, $c$ and $d$, such that $n$ is equal to the sum of the square of $a$, $b ^{ 2}$, the square of $c$ and the square of $d$.

Thm19. Let $n$ be an element of $\Natural$. Then there exist elements $a$, $b$, $c$ and $d$ of $\Natural$, such that $n$ is equal to the sum of $a ^{ 2}$, the square of $b$, the square of $c$ and $d ^{ 2}$.

Thm19. Let $n$ be a natural number. Then there exist elements $a$, $b$, $c$ and $d$ of $\Natural$, such that $n$ is equal to the sum of the square of $a$, the square of $b$, the square of $c$ and the square of $d$.

Thm19. Let $n$ be an element of $\Natural$. Then there exist elements $a$, $b$, $c$ and $d$ of $\Natural$, such that $n$ is equal to the sum of the square of $a$, the square of $b$, $c ^{ 2}$ and $d ^{ 2}$.

Thm19. Let $n$ be an element of $\Natural$. Then there exist elements $a$, $b$, $c$ and $d$ of $\Natural$, such that $n$ is equal to the sum of the square of $a$, $b ^{ 2}$, the square of $c$ and $d ^{ 2}$.

Thm19. Let $n$ be an element of $\Natural$. Then there exist elements $a$, $b$, $c$ and $d$ of $\Natural$, such that $n$ is equal to the sum of $a ^{ 2}$, the square of $b$, $c ^{ 2}$ and the square of $d$.

Thm19. Let $n$ be an element of $\Natural$. Then there exist elements $a$, $b$, $c$ and $d$ of $\Natural$, such that $n$ is equal to the sum of $a ^{ 2}$, $b ^{ 2}$, the square of $c$ and the square of $d$.

Thm19. Let $n$ be an element of $\Natural$. Then there exist natural numbers $a$, $b$, $c$ and $d$, such that $n$ is equal to the sum of the square of $a$, the square of $b$, the square of $c$ and the square of $d$.

Thm19. Let $n$ be an element of $\Natural$. Then there exist elements $a$, $b$, $c$ and $d$ of $\Natural$, such that $n$ is equal to the sum of the square of $a$, $b ^{ 2}$, $c ^{ 2}$ and the square of $d$.

Thm19. Let $n$ be an element of $\Natural$. Then there exist elements $a$ and $b$ of $\Natural$, such that there exist natural numbers $c$ and $d$, such that $n$ is equal to $a ^{ 2}+ b ^{ 2}+ c ^{ 2}+ d ^{ 2}$.

Thm19. Let $n$ be an element of $\Natural$. Then there exist natural numbers $a$ and $b$, such that there exist elements $c$ and $d$ of $\Natural$, such that $n$ is equal to $a ^{ 2}+ b ^{ 2}+ c ^{ 2}+ d ^{ 2}$.

Thm19. Let $n$ be an element of $\Natural$. Then there exist elements $a$, $b$ and $c$ of $\Natural$, such that there exists a natural number $d$, such that $n$ is equal to $a ^{ 2}+ b ^{ 2}+ c ^{ 2}+ d ^{ 2}$.

Thm19. Let $n$ be an element of $\Natural$. Then there exists a natural number $a$, such that there exist elements $b$, $c$ and $d$ of $\Natural$, such that $n$ is equal to $a ^{ 2}+ b ^{ 2}+ c ^{ 2}+ d ^{ 2}$.

Thm19. Let $n$ be an element of $\Natural$. Then there exist elements $a$, $b$, $c$ and $d$ of $\Natural$, such that $n$ is equal to the sum of the square of $a$, the square of $b$, the square of $c$ and $d ^{ 2}$.

Thm19. Let $n$ be an element of $\Natural$. Then there exist elements $a$, $b$, $c$ and $d$ of $\Natural$, such that $n$ is equal to the sum of $a ^{ 2}$, the square of $b$, the square of $c$ and the square of $d$.

Thm19. Let $n$ be an element of $\Natural$. Then there exists an element $a$ of $\Natural$, such that there exist natural numbers $b$, $c$ and $d$, such that $n$ is equal to $a ^{ 2}+ b ^{ 2}+ c ^{ 2}+ d ^{ 2}$.

Thm19. Let $n$ be an element of $\Natural$. Then there exist natural numbers $a$, $b$ and $c$, such that there exists an element $d$ of $\Natural$, such that $n$ is equal to $a ^{ 2}+ b ^{ 2}+ c ^{ 2}+ d ^{ 2}$.

Thm19. Let $n$ be an element of $\Natural$. Then there exist elements $a$, $b$, $c$ and $d$ of $\Natural$, such that $n$ is equal to the sum of the square of $a$, the square of $b$, $c ^{ 2}$ and the square of $d$.

Thm19. Let $n$ be an element of $\Natural$. Then there exist elements $a$, $b$, $c$ and $d$ of $\Natural$, such that $n$ is equal to the sum of the square of $a$, $b ^{ 2}$, the square of $c$ and the square of $d$.

Thm19. Let $n$ be a natural number. Then there exist elements $a$ and $b$ of $\Natural$, such that there exist natural numbers $c$ and $d$, such that $n$ is equal to the sum of $a ^{ 2}+ b ^{ 2}+ c ^{ 2}$ and $d ^{ 2}$.

Thm19. Let $n$ be a natural number. Then there exist natural numbers $a$ and $b$, such that there exist elements $c$ and $d$ of $\Natural$, such that $n$ is equal to the sum of $a ^{ 2}+ b ^{ 2}+ c ^{ 2}$ and $d ^{ 2}$.

Thm19. Let $n$ be an element of $\Natural$. Then there exist elements $a$, $b$, $c$ and $d$ of $\Natural$, such that $n$ is equal to the sum of the square of $a$, the square of $b$, the square of $c$ and the square of $d$.

Thm19. Let $n$ be a natural number. Then there exist elements $a$, $b$ and $c$ of $\Natural$, such that there exists a natural number $d$, such that $n$ is equal to the sum of $a ^{ 2}+ b ^{ 2}+ c ^{ 2}$ and $d ^{ 2}$.

Thm19. Let $n$ be a natural number. Then there exists a natural number $a$, such that there exist elements $b$, $c$ and $d$ of $\Natural$, such that $n$ is equal to the sum of $a ^{ 2}+ b ^{ 2}+ c ^{ 2}$ and $d ^{ 2}$.

Thm19. Let $n$ be a natural number. Then there exists an element $a$ of $\Natural$, such that there exist natural numbers $b$, $c$ and $d$, such that $n$ is equal to the sum of $a ^{ 2}+ b ^{ 2}+ c ^{ 2}$ and $d ^{ 2}$.

Thm19. Let $n$ be a natural number. Then there exist natural numbers $a$, $b$ and $c$, such that there exists an element $d$ of $\Natural$, such that $n$ is equal to the sum of $a ^{ 2}+ b ^{ 2}+ c ^{ 2}$ and $d ^{ 2}$.

Thm19. Let $n$ be a natural number. Then there exist elements $a$ and $b$ of $\Natural$, such that there exist natural numbers $c$ and $d$, such that $n$ is equal to the sum of $a ^{ 2}+ b ^{ 2}$, $c ^{ 2}$ and $d ^{ 2}$.

Thm19. Let $n$ be a natural number. Then there exist natural numbers $a$ and $b$, such that there exist elements $c$ and $d$ of $\Natural$, such that $n$ is equal to the sum of $a ^{ 2}+ b ^{ 2}$, $c ^{ 2}$ and $d ^{ 2}$.

Thm19. Let $n$ be a natural number. Then there exist elements $a$, $b$ and $c$ of $\Natural$, such that there exists a natural number $d$, such that $n$ is equal to the sum of $a ^{ 2}+ b ^{ 2}$, $c ^{ 2}$ and $d ^{ 2}$.

Thm19. Let $n$ be a natural number. Then there exist elements $a$ and $b$ of $\Natural$, such that there exist natural numbers $c$ and $d$, such that $n$ is equal to the sum of $a ^{ 2}+ b ^{ 2}+ c ^{ 2}$ and the square of $d$.

Thm19. Let $n$ be a natural number. Then there exist natural numbers $a$ and $b$, such that there exist elements $c$ and $d$ of $\Natural$, such that $n$ is equal to the sum of $a ^{ 2}+ b ^{ 2}+ c ^{ 2}$ and the square of $d$.

Thm19. Let $n$ be a natural number. Then there exists a natural number $a$, such that there exist elements $b$, $c$ and $d$ of $\Natural$, such that $n$ is equal to the sum of $a ^{ 2}+ b ^{ 2}$, $c ^{ 2}$ and $d ^{ 2}$.

Thm19. Let $n$ be a natural number. Then there exist elements $a$, $b$ and $c$ of $\Natural$, such that there exists a natural number $d$, such that $n$ is equal to the sum of $a ^{ 2}+ b ^{ 2}+ c ^{ 2}$ and the square of $d$.

Thm19. Let $n$ be a natural number. Then there exists an element $a$ of $\Natural$, such that there exist natural numbers $b$, $c$ and $d$, such that $n$ is equal to the sum of $a ^{ 2}+ b ^{ 2}$, $c ^{ 2}$ and $d ^{ 2}$.

Thm19. Let $n$ be a natural number. Then there exist natural numbers $a$, $b$ and $c$, such that there exists an element $d$ of $\Natural$, such that $n$ is equal to the sum of $a ^{ 2}+ b ^{ 2}$, $c ^{ 2}$ and $d ^{ 2}$.

Thm19. Let $n$ be a natural number. Then there exists a natural number $a$, such that there exist elements $b$, $c$ and $d$ of $\Natural$, such that $n$ is equal to the sum of $a ^{ 2}+ b ^{ 2}+ c ^{ 2}$ and the square of $d$.

Thm19. Let $n$ be a natural number. Then there exists an element $a$ of $\Natural$, such that there exist natural numbers $b$, $c$ and $d$, such that $n$ is equal to the sum of $a ^{ 2}+ b ^{ 2}+ c ^{ 2}$ and the square of $d$.

Thm19. Let $n$ be a natural number. Then there exist natural numbers $a$, $b$ and $c$, such that there exists an element $d$ of $\Natural$, such that $n$ is equal to the sum of $a ^{ 2}+ b ^{ 2}+ c ^{ 2}$ and the square of $d$.

Thm19. Let $n$ be a natural number. Then there exist elements $a$ and $b$ of $\Natural$, such that there exist natural numbers $c$ and $d$, such that $n$ is equal to the sum of $a ^{ 2}+ b ^{ 2}$, the square of $c$ and $d ^{ 2}$.

Thm19. Let $n$ be a natural number. Then there exist elements $a$ and $b$ of $\Natural$, such that there exist natural numbers $c$ and $d$, such that $n$ is equal to the sum of $a ^{ 2}$, $b ^{ 2}$, $c ^{ 2}$ and $d ^{ 2}$.

Thm19. Let $n$ be a natural number. Then there exist natural numbers $a$ and $b$, such that there exist elements $c$ and $d$ of $\Natural$, such that $n$ is equal to the sum of $a ^{ 2}+ b ^{ 2}$, the square of $c$ and $d ^{ 2}$.

Thm19. Let $n$ be a natural number. Then there exist natural numbers $a$ and $b$, such that there exist elements $c$ and $d$ of $\Natural$, such that $n$ is equal to the sum of $a ^{ 2}$, $b ^{ 2}$, $c ^{ 2}$ and $d ^{ 2}$.

Thm19. Let $n$ be a natural number. Then there exist elements $a$, $b$ and $c$ of $\Natural$, such that there exists a natural number $d$, such that $n$ is equal to the sum of $a ^{ 2}+ b ^{ 2}$, the square of $c$ and $d ^{ 2}$.

Thm19. Let $n$ be a natural number. Then there exist elements $a$, $b$ and $c$ of $\Natural$, such that there exists a natural number $d$, such that $n$ is equal to the sum of $a ^{ 2}$, $b ^{ 2}$, $c ^{ 2}$ and $d ^{ 2}$.

Thm19. Let $n$ be a natural number. Then there exist elements $a$ and $b$ of $\Natural$, such that there exist natural numbers $c$ and $d$, such that $n$ is equal to the sum of $a ^{ 2}+ b ^{ 2}$, $c ^{ 2}$ and the square of $d$.

Thm19. Let $n$ be a natural number. Then there exist natural numbers $a$ and $b$, such that there exist elements $c$ and $d$ of $\Natural$, such that $n$ is equal to the sum of $a ^{ 2}+ b ^{ 2}$, $c ^{ 2}$ and the square of $d$.

Thm19. Let $n$ be a natural number. Then there exists a natural number $a$, such that there exist elements $b$, $c$ and $d$ of $\Natural$, such that $n$ is equal to the sum of $a ^{ 2}+ b ^{ 2}$, the square of $c$ and $d ^{ 2}$.

Thm19. Let $n$ be a natural number. Then there exists a natural number $a$, such that there exist elements $b$, $c$ and $d$ of $\Natural$, such that $n$ is equal to the sum of $a ^{ 2}$, $b ^{ 2}$, $c ^{ 2}$ and $d ^{ 2}$.

Thm19. Let $n$ be an element of $\Natural$. Then there exist elements $a$ and $b$ of $\Natural$, such that there exist natural numbers $c$ and $d$, such that $n$ is equal to the sum of $a ^{ 2}+ b ^{ 2}+ c ^{ 2}$ and $d ^{ 2}$.

Thm19. Let $n$ be an element of $\Natural$. Then there exist natural numbers $a$ and $b$, such that there exist elements $c$ and $d$ of $\Natural$, such that $n$ is equal to the sum of $a ^{ 2}+ b ^{ 2}+ c ^{ 2}$ and $d ^{ 2}$.

Thm19. Let $n$ be a natural number. Then there exist elements $a$, $b$ and $c$ of $\Natural$, such that there exists a natural number $d$, such that $n$ is equal to the sum of $a ^{ 2}+ b ^{ 2}$, $c ^{ 2}$ and the square of $d$.

Thm19. Let $n$ be a natural number. Then there exists an element $a$ of $\Natural$, such that there exist natural numbers $b$, $c$ and $d$, such that $n$ is equal to the sum of $a ^{ 2}+ b ^{ 2}$, the square of $c$ and $d ^{ 2}$.

Thm19. Let $n$ be a natural number. Then there exists an element $a$ of $\Natural$, such that there exist natural numbers $b$, $c$ and $d$, such that $n$ is equal to the sum of $a ^{ 2}$, $b ^{ 2}$, $c ^{ 2}$ and $d ^{ 2}$.

Thm19. Let $n$ be a natural number. Then there exist natural numbers $a$, $b$ and $c$, such that there exists an element $d$ of $\Natural$, such that $n$ is equal to the sum of $a ^{ 2}+ b ^{ 2}$, the square of $c$ and $d ^{ 2}$.

Thm19. Let $n$ be a natural number. Then there exist natural numbers $a$, $b$ and $c$, such that there exists an element $d$ of $\Natural$, such that $n$ is equal to the sum of $a ^{ 2}$, $b ^{ 2}$, $c ^{ 2}$ and $d ^{ 2}$.

Thm19. Let $n$ be a natural number. Then there exists a natural number $a$, such that there exist elements $b$, $c$ and $d$ of $\Natural$, such that $n$ is equal to the sum of $a ^{ 2}+ b ^{ 2}$, $c ^{ 2}$ and the square of $d$.

Thm19. Let $n$ be an element of $\Natural$. Then there exist elements $a$, $b$ and $c$ of $\Natural$, such that there exists a natural number $d$, such that $n$ is equal to the sum of $a ^{ 2}+ b ^{ 2}+ c ^{ 2}$ and $d ^{ 2}$.

Thm19. Let $n$ be an element of $\Natural$. Then there exists a natural number $a$, such that there exist elements $b$, $c$ and $d$ of $\Natural$, such that $n$ is equal to the sum of $a ^{ 2}+ b ^{ 2}+ c ^{ 2}$ and $d ^{ 2}$.

Thm19. Let $n$ be a natural number. Then there exists an element $a$ of $\Natural$, such that there exist natural numbers $b$, $c$ and $d$, such that $n$ is equal to the sum of $a ^{ 2}+ b ^{ 2}$, $c ^{ 2}$ and the square of $d$.

Thm19. Let $n$ be a natural number. Then there exist natural numbers $a$, $b$ and $c$, such that there exists an element $d$ of $\Natural$, such that $n$ is equal to the sum of $a ^{ 2}+ b ^{ 2}$, $c ^{ 2}$ and the square of $d$.

Thm19. Let $n$ be an element of $\Natural$. Then there exists an element $a$ of $\Natural$, such that there exist natural numbers $b$, $c$ and $d$, such that $n$ is equal to the sum of $a ^{ 2}+ b ^{ 2}+ c ^{ 2}$ and $d ^{ 2}$.

Thm19. Let $n$ be an element of $\Natural$. Then there exist natural numbers $a$, $b$ and $c$, such that there exists an element $d$ of $\Natural$, such that $n$ is equal to the sum of $a ^{ 2}+ b ^{ 2}+ c ^{ 2}$ and $d ^{ 2}$.

Thm19. Let $n$ be a natural number. Then there exists a natural number $a$, such that there exist elements $b$ and $c$ of $\Natural$, such that there exists a natural number $d$, such that $n = a ^{ 2}+ b ^{ 2}+ c ^{ 2}+ d ^{ 2}$.

Thm19. Let $n$ be a natural number. Then there exist natural numbers $a$ and $b$, such that there exists an element $c$ of $\Natural$, such that there exists a natural number $d$, such that $n = a ^{ 2}+ b ^{ 2}+ c ^{ 2}+ d ^{ 2}$.

Thm19. Let $n$ be a natural number. Then there exists a natural number $a$, such that there exists an element $b$ of $\Natural$, such that there exist natural numbers $c$ and $d$, such that $n = a ^{ 2}+ b ^{ 2}+ c ^{ 2}+ d ^{ 2}$.

Thm19. Let $n$ be a natural number. Then there exist elements $a$ and $b$ of $\Natural$, such that there exist natural numbers $c$ and $d$, such that $n$ is equal to the sum of $a ^{ 2}$, the square of $b$, $c ^{ 2}$ and $d ^{ 2}$.

Thm19. Let $n$ be a natural number. Then there exist elements $a$ and $b$ of $\Natural$, such that there exist natural numbers $c$ and $d$, such that $n$ is equal to the sum of $a ^{ 2}$, $b ^{ 2}$, the square of $c$ and $d ^{ 2}$.

Thm19. Let $n$ be a natural number. Then there exist natural numbers $a$ and $b$, such that there exist elements $c$ and $d$ of $\Natural$, such that $n$ is equal to the sum of $a ^{ 2}$, the square of $b$, $c ^{ 2}$ and $d ^{ 2}$.

Thm19. Let $n$ be a natural number. Then there exist natural numbers $a$ and $b$, such that there exist elements $c$ and $d$ of $\Natural$, such that $n$ is equal to the sum of $a ^{ 2}$, $b ^{ 2}$, the square of $c$ and $d ^{ 2}$.

Thm19. Let $n$ be a natural number. Then there exist elements $a$, $b$ and $c$ of $\Natural$, such that there exists a natural number $d$, such that $n$ is equal to the sum of $a ^{ 2}$, the square of $b$, $c ^{ 2}$ and $d ^{ 2}$.

Thm19. Let $n$ be a natural number. Then there exist elements $a$, $b$ and $c$ of $\Natural$, such that there exists a natural number $d$, such that $n$ is equal to the sum of $a ^{ 2}$, $b ^{ 2}$, the square of $c$ and $d ^{ 2}$.

Thm19. Let $n$ be a natural number. Then there exist elements $a$ and $b$ of $\Natural$, such that there exist natural numbers $c$ and $d$, such that $n$ is equal to the sum of the square of $a$, $b ^{ 2}$, $c ^{ 2}$ and $d ^{ 2}$.

Thm19. Let $n$ be a natural number. Then there exist elements $a$ and $b$ of $\Natural$, such that there exist natural numbers $c$ and $d$, such that $n$ is equal to the sum of $a ^{ 2}+ b ^{ 2}$, the square of $c$ and the square of $d$.

Thm19. Let $n$ be a natural number. Then there exist elements $a$ and $b$ of $\Natural$, such that there exist natural numbers $c$ and $d$, such that $n$ is equal to the sum of $a ^{ 2}$, $b ^{ 2}$, $c ^{ 2}$ and the square of $d$.

Thm19. Let $n$ be a natural number. Then there exist natural numbers $a$ and $b$, such that there exist elements $c$ and $d$ of $\Natural$, such that $n$ is equal to the sum of the square of $a$, $b ^{ 2}$, $c ^{ 2}$ and $d ^{ 2}$.

Thm19. Let $n$ be a natural number. Then there exist natural numbers $a$ and $b$, such that there exist elements $c$ and $d$ of $\Natural$, such that $n$ is equal to the sum of $a ^{ 2}+ b ^{ 2}$, the square of $c$ and the square of $d$.

Thm19. Let $n$ be a natural number. Then there exist natural numbers $a$ and $b$, such that there exist elements $c$ and $d$ of $\Natural$, such that $n$ is equal to the sum of $a ^{ 2}$, $b ^{ 2}$, $c ^{ 2}$ and the square of $d$.

Thm19. Let $n$ be a natural number. Then there exists a natural number $a$, such that there exist elements $b$, $c$ and $d$ of $\Natural$, such that $n$ is equal to the sum of $a ^{ 2}$, the square of $b$, $c ^{ 2}$ and $d ^{ 2}$.

Thm19. Let $n$ be a natural number. Then there exists a natural number $a$, such that there exist elements $b$, $c$ and $d$ of $\Natural$, such that $n$ is equal to the sum of $a ^{ 2}$, $b ^{ 2}$, the square of $c$ and $d ^{ 2}$.

Thm19. Let $n$ be an element of $\Natural$. Then there exist elements $a$ and $b$ of $\Natural$, such that there exist natural numbers $c$ and $d$, such that $n$ is equal to the sum of $a ^{ 2}+ b ^{ 2}$, $c ^{ 2}$ and $d ^{ 2}$.

Thm19. Let $n$ be an element of $\Natural$. Then there exist natural numbers $a$ and $b$, such that there exist elements $c$ and $d$ of $\Natural$, such that $n$ is equal to the sum of $a ^{ 2}+ b ^{ 2}$, $c ^{ 2}$ and $d ^{ 2}$.

Thm19. Let $n$ be a natural number. Then there exist elements $a$, $b$ and $c$ of $\Natural$, such that there exists a natural number $d$, such that $n$ is equal to the sum of the square of $a$, $b ^{ 2}$, $c ^{ 2}$ and $d ^{ 2}$.

Thm19. Let $n$ be a natural number. Then there exist elements $a$, $b$ and $c$ of $\Natural$, such that there exists a natural number $d$, such that $n$ is equal to the sum of $a ^{ 2}+ b ^{ 2}$, the square of $c$ and the square of $d$.

Thm19. Let $n$ be a natural number. Then there exist elements $a$, $b$ and $c$ of $\Natural$, such that there exists a natural number $d$, such that $n$ is equal to the sum of $a ^{ 2}$, $b ^{ 2}$, $c ^{ 2}$ and the square of $d$.

Thm19. Let $n$ be a natural number. Then there exists an element $a$ of $\Natural$, such that there exist natural numbers $b$, $c$ and $d$, such that $n$ is equal to the sum of $a ^{ 2}$, the square of $b$, $c ^{ 2}$ and $d ^{ 2}$.

Thm19. Let $n$ be a natural number. Then there exists an element $a$ of $\Natural$, such that there exist natural numbers $b$, $c$ and $d$, such that $n$ is equal to the sum of $a ^{ 2}$, $b ^{ 2}$, the square of $c$ and $d ^{ 2}$.

Thm19. Let $n$ be a natural number. Then there exist natural numbers $a$, $b$ and $c$, such that there exists an element $d$ of $\Natural$, such that $n$ is equal to the sum of $a ^{ 2}$, the square of $b$, $c ^{ 2}$ and $d ^{ 2}$.

Thm19. Let $n$ be a natural number. Then there exist natural numbers $a$, $b$ and $c$, such that there exists an element $d$ of $\Natural$, such that $n$ is equal to the sum of $a ^{ 2}$, $b ^{ 2}$, the square of $c$ and $d ^{ 2}$.

Thm19. Let $n$ be a natural number. Then there exists a natural number $a$, such that there exist elements $b$, $c$ and $d$ of $\Natural$, such that $n$ is equal to the sum of the square of $a$, $b ^{ 2}$, $c ^{ 2}$ and $d ^{ 2}$.

Thm19. Let $n$ be a natural number. Then there exists a natural number $a$, such that there exist elements $b$, $c$ and $d$ of $\Natural$, such that $n$ is equal to the sum of $a ^{ 2}+ b ^{ 2}$, the square of $c$ and the square of $d$.

Thm19. Let $n$ be a natural number. Then there exists a natural number $a$, such that there exist elements $b$, $c$ and $d$ of $\Natural$, such that $n$ is equal to the sum of $a ^{ 2}$, $b ^{ 2}$, $c ^{ 2}$ and the square of $d$.

Thm19. Let $n$ be an element of $\Natural$. Then there exist elements $a$, $b$ and $c$ of $\Natural$, such that there exists a natural number $d$, such that $n$ is equal to the sum of $a ^{ 2}+ b ^{ 2}$, $c ^{ 2}$ and $d ^{ 2}$.

Thm19. Let $n$ be an element of $\Natural$. Then there exist elements $a$ and $b$ of $\Natural$, such that there exist natural numbers $c$ and $d$, such that $n$ is equal to the sum of $a ^{ 2}+ b ^{ 2}+ c ^{ 2}$ and the square of $d$.

Thm19. Let $n$ be an element of $\Natural$. Then there exist natural numbers $a$ and $b$, such that there exist elements $c$ and $d$ of $\Natural$, such that $n$ is equal to the sum of $a ^{ 2}+ b ^{ 2}+ c ^{ 2}$ and the square of $d$.

Thm19. Let $n$ be an element of $\Natural$. Then there exists a natural number $a$, such that there exist elements $b$, $c$ and $d$ of $\Natural$, such that $n$ is equal to the sum of $a ^{ 2}+ b ^{ 2}$, $c ^{ 2}$ and $d ^{ 2}$.

Thm19. Let $n$ be a natural number. Then there exists an element $a$ of $\Natural$, such that there exist natural numbers $b$, $c$ and $d$, such that $n$ is equal to the sum of the square of $a$, $b ^{ 2}$, $c ^{ 2}$ and $d ^{ 2}$.

Thm19. Let $n$ be a natural number. Then there exists an element $a$ of $\Natural$, such that there exist natural numbers $b$, $c$ and $d$, such that $n$ is equal to the sum of $a ^{ 2}+ b ^{ 2}$, the square of $c$ and the square of $d$.

Thm19. Let $n$ be a natural number. Then there exists an element $a$ of $\Natural$, such that there exist natural numbers $b$, $c$ and $d$, such that $n$ is equal to the sum of $a ^{ 2}$, $b ^{ 2}$, $c ^{ 2}$ and the square of $d$.

Thm19. Let $n$ be a natural number. Then there exist natural numbers $a$, $b$ and $c$, such that there exists an element $d$ of $\Natural$, such that $n$ is equal to the sum of the square of $a$, $b ^{ 2}$, $c ^{ 2}$ and $d ^{ 2}$.

Thm19. Let $n$ be a natural number. Then there exist natural numbers $a$, $b$ and $c$, such that there exists an element $d$ of $\Natural$, such that $n$ is equal to the sum of $a ^{ 2}+ b ^{ 2}$, the square of $c$ and the square of $d$.

Thm19. Let $n$ be a natural number. Then there exist natural numbers $a$, $b$ and $c$, such that there exists an element $d$ of $\Natural$, such that $n$ is equal to the sum of $a ^{ 2}$, $b ^{ 2}$, $c ^{ 2}$ and the square of $d$.

Thm19. Let $n$ be an element of $\Natural$. Then there exist elements $a$, $b$ and $c$ of $\Natural$, such that there exists a natural number $d$, such that $n$ is equal to the sum of $a ^{ 2}+ b ^{ 2}+ c ^{ 2}$ and the square of $d$.

Thm19. Let $n$ be an element of $\Natural$. Then there exists an element $a$ of $\Natural$, such that there exist natural numbers $b$, $c$ and $d$, such that $n$ is equal to the sum of $a ^{ 2}+ b ^{ 2}$, $c ^{ 2}$ and $d ^{ 2}$.

Thm19. Let $n$ be an element of $\Natural$. Then there exist natural numbers $a$, $b$ and $c$, such that there exists an element $d$ of $\Natural$, such that $n$ is equal to the sum of $a ^{ 2}+ b ^{ 2}$, $c ^{ 2}$ and $d ^{ 2}$.

Thm19. Let $n$ be an element of $\Natural$. Then there exists a natural number $a$, such that there exist elements $b$, $c$ and $d$ of $\Natural$, such that $n$ is equal to the sum of $a ^{ 2}+ b ^{ 2}+ c ^{ 2}$ and the square of $d$.

Thm19. Let $n$ be an element of $\Natural$. Then there exists an element $a$ of $\Natural$, such that there exist natural numbers $b$, $c$ and $d$, such that $n$ is equal to the sum of $a ^{ 2}+ b ^{ 2}+ c ^{ 2}$ and the square of $d$.

Thm19. Let $n$ be an element of $\Natural$. Then there exist natural numbers $a$, $b$ and $c$, such that there exists an element $d$ of $\Natural$, such that $n$ is equal to the sum of $a ^{ 2}+ b ^{ 2}+ c ^{ 2}$ and the square of $d$.

Thm19. Let $n$ be a natural number. Then there exist elements $a$ and $b$ of $\Natural$, such that there exist natural numbers $c$ and $d$, such that $n$ is equal to the sum of $a ^{ 2}$, the square of $b$, the square of $c$ and $d ^{ 2}$.

Thm19. Let $n$ be a natural number. Then there exist natural numbers $a$ and $b$, such that there exist elements $c$ and $d$ of $\Natural$, such that $n$ is equal to the sum of $a ^{ 2}$, the square of $b$, the square of $c$ and $d ^{ 2}$.

Thm19. Let $n$ be a natural number. Then there exist elements $a$, $b$ and $c$ of $\Natural$, such that there exists a natural number $d$, such that $n$ is equal to the sum of $a ^{ 2}$, the square of $b$, the square of $c$ and $d ^{ 2}$.

Thm19. Let $n$ be a natural number. Then there exist elements $a$ and $b$ of $\Natural$, such that there exist natural numbers $c$ and $d$, such that $n$ is equal to the sum of the square of $a$, the square of $b$, $c ^{ 2}$ and $d ^{ 2}$.

Thm19. Let $n$ be a natural number. Then there exist elements $a$ and $b$ of $\Natural$, such that there exist natural numbers $c$ and $d$, such that $n$ is equal to the sum of the square of $a$, $b ^{ 2}$, the square of $c$ and $d ^{ 2}$.

Thm19. Let $n$ be a natural number. Then there exist elements $a$ and $b$ of $\Natural$, such that there exist natural numbers $c$ and $d$, such that $n$ is equal to the sum of $a ^{ 2}$, the square of $b$, $c ^{ 2}$ and the square of $d$.

Thm19. Let $n$ be a natural number. Then there exist elements $a$ and $b$ of $\Natural$, such that there exist natural numbers $c$ and $d$, such that $n$ is equal to the sum of $a ^{ 2}$, $b ^{ 2}$, the square of $c$ and the square of $d$.

Thm19. Let $n$ be a natural number. Then there exist natural numbers $a$ and $b$, such that there exist elements $c$ and $d$ of $\Natural$, such that $n$ is equal to the sum of the square of $a$, the square of $b$, $c ^{ 2}$ and $d ^{ 2}$.

Thm19. Let $n$ be a natural number. Then there exist natural numbers $a$ and $b$, such that there exist elements $c$ and $d$ of $\Natural$, such that $n$ is equal to the sum of the square of $a$, $b ^{ 2}$, the square of $c$ and $d ^{ 2}$.

Thm19. Let $n$ be a natural number. Then there exist natural numbers $a$ and $b$, such that there exist elements $c$ and $d$ of $\Natural$, such that $n$ is equal to the sum of $a ^{ 2}$, the square of $b$, $c ^{ 2}$ and the square of $d$.

Thm19. Let $n$ be a natural number. Then there exist natural numbers $a$ and $b$, such that there exist elements $c$ and $d$ of $\Natural$, such that $n$ is equal to the sum of $a ^{ 2}$, $b ^{ 2}$, the square of $c$ and the square of $d$.

Thm19. Let $n$ be a natural number. Then there exists a natural number $a$, such that there exist elements $b$, $c$ and $d$ of $\Natural$, such that $n$ is equal to the sum of $a ^{ 2}$, the square of $b$, the square of $c$ and $d ^{ 2}$.

Thm19. Let $n$ be an element of $\Natural$. Then there exist elements $a$ and $b$ of $\Natural$, such that there exist natural numbers $c$ and $d$, such that $n$ is equal to the sum of $a ^{ 2}+ b ^{ 2}$, the square of $c$ and $d ^{ 2}$.

Thm19. Let $n$ be an element of $\Natural$. Then there exist elements $a$ and $b$ of $\Natural$, such that there exist natural numbers $c$ and $d$, such that $n$ is equal to the sum of $a ^{ 2}$, $b ^{ 2}$, $c ^{ 2}$ and $d ^{ 2}$.

Thm19. Let $n$ be an element of $\Natural$. Then there exist natural numbers $a$ and $b$, such that there exist elements $c$ and $d$ of $\Natural$, such that $n$ is equal to the sum of $a ^{ 2}+ b ^{ 2}$, the square of $c$ and $d ^{ 2}$.

Thm19. Let $n$ be an element of $\Natural$. Then there exist natural numbers $a$ and $b$, such that there exist elements $c$ and $d$ of $\Natural$, such that $n$ is equal to the sum of $a ^{ 2}$, $b ^{ 2}$, $c ^{ 2}$ and $d ^{ 2}$.

Thm19. Let $n$ be a natural number. Then there exist elements $a$, $b$ and $c$ of $\Natural$, such that there exists a natural number $d$, such that $n$ is equal to the sum of the square of $a$, the square of $b$, $c ^{ 2}$ and $d ^{ 2}$.

Thm19. Let $n$ be a natural number. Then there exist elements $a$, $b$ and $c$ of $\Natural$, such that there exists a natural number $d$, such that $n$ is equal to the sum of the square of $a$, $b ^{ 2}$, the square of $c$ and $d ^{ 2}$.

Thm19. Let $n$ be a natural number. Then there exist elements $a$, $b$ and $c$ of $\Natural$, such that there exists a natural number $d$, such that $n$ is equal to the sum of $a ^{ 2}$, the square of $b$, $c ^{ 2}$ and the square of $d$.

Thm19. Let $n$ be a natural number. Then there exist elements $a$, $b$ and $c$ of $\Natural$, such that there exists a natural number $d$, such that $n$ is equal to the sum of $a ^{ 2}$, $b ^{ 2}$, the square of $c$ and the square of $d$.

Thm19. Let $n$ be a natural number. Then there exist elements $a$ and $b$ of $\Natural$, such that there exist natural numbers $c$ and $d$, such that $n$ is equal to the sum of the square of $a$, $b ^{ 2}$, $c ^{ 2}$ and the square of $d$.

Thm19. Let $n$ be a natural number. Then there exists an element $a$ of $\Natural$, such that there exist natural numbers $b$, $c$ and $d$, such that $n$ is equal to the sum of $a ^{ 2}$, the square of $b$, the square of $c$ and $d ^{ 2}$.

Thm19. Let $n$ be a natural number. Then there exist natural numbers $a$, $b$ and $c$, such that there exists an element $d$ of $\Natural$, such that $n$ is equal to the sum of $a ^{ 2}$, the square of $b$, the square of $c$ and $d ^{ 2}$.

Thm19. Let $n$ be a natural number. Then there exist natural numbers $a$ and $b$, such that there exist elements $c$ and $d$ of $\Natural$, such that $n$ is equal to the sum of the square of $a$, $b ^{ 2}$, $c ^{ 2}$ and the square of $d$.

Thm19. Let $n$ be a natural number. Then there exists a natural number $a$, such that there exist elements $b$, $c$ and $d$ of $\Natural$, such that $n$ is equal to the sum of the square of $a$, the square of $b$, $c ^{ 2}$ and $d ^{ 2}$.

Thm19. Let $n$ be a natural number. Then there exists a natural number $a$, such that there exist elements $b$, $c$ and $d$ of $\Natural$, such that $n$ is equal to the sum of the square of $a$, $b ^{ 2}$, the square of $c$ and $d ^{ 2}$.

Thm19. Let $n$ be a natural number. Then there exists a natural number $a$, such that there exist elements $b$, $c$ and $d$ of $\Natural$, such that $n$ is equal to the sum of $a ^{ 2}$, the square of $b$, $c ^{ 2}$ and the square of $d$.

Thm19. Let $n$ be a natural number. Then there exists a natural number $a$, such that there exist elements $b$, $c$ and $d$ of $\Natural$, such that $n$ is equal to the sum of $a ^{ 2}$, $b ^{ 2}$, the square of $c$ and the square of $d$.

Thm19. Let $n$ be an element of $\Natural$. Then there exist elements $a$, $b$ and $c$ of $\Natural$, such that there exists a natural number $d$, such that $n$ is equal to the sum of $a ^{ 2}+ b ^{ 2}$, the square of $c$ and $d ^{ 2}$.

Thm19. Let $n$ be an element of $\Natural$. Then there exist elements $a$, $b$ and $c$ of $\Natural$, such that there exists a natural number $d$, such that $n$ is equal to the sum of $a ^{ 2}$, $b ^{ 2}$, $c ^{ 2}$ and $d ^{ 2}$.

Thm19. Let $n$ be an element of $\Natural$. Then there exist elements $a$ and $b$ of $\Natural$, such that there exist natural numbers $c$ and $d$, such that $n$ is equal to the sum of $a ^{ 2}+ b ^{ 2}$, $c ^{ 2}$ and the square of $d$.

Thm19. Let $n$ be an element of $\Natural$. Then there exist natural numbers $a$ and $b$, such that there exist elements $c$ and $d$ of $\Natural$, such that $n$ is equal to the sum of $a ^{ 2}+ b ^{ 2}$, $c ^{ 2}$ and the square of $d$.

Thm19. Let $n$ be an element of $\Natural$. Then there exists a natural number $a$, such that there exist elements $b$, $c$ and $d$ of $\Natural$, such that $n$ is equal to the sum of $a ^{ 2}+ b ^{ 2}$, the square of $c$ and $d ^{ 2}$.

Thm19. Let $n$ be an element of $\Natural$. Then there exists a natural number $a$, such that there exist elements $b$, $c$ and $d$ of $\Natural$, such that $n$ is equal to the sum of $a ^{ 2}$, $b ^{ 2}$, $c ^{ 2}$ and $d ^{ 2}$.

Thm19. Let $n$ be a natural number. Then there exist elements $a$, $b$ and $c$ of $\Natural$, such that there exists a natural number $d$, such that $n$ is equal to the sum of the square of $a$, $b ^{ 2}$, $c ^{ 2}$ and the square of $d$.

Thm19. Let $n$ be a natural number. Then there exists an element $a$ of $\Natural$, such that there exist natural numbers $b$, $c$ and $d$, such that $n$ is equal to the sum of the square of $a$, the square of $b$, $c ^{ 2}$ and $d ^{ 2}$.

Thm19. Let $n$ be a natural number. Then there exists an element $a$ of $\Natural$, such that there exist natural numbers $b$, $c$ and $d$, such that $n$ is equal to the sum of the square of $a$, $b ^{ 2}$, the square of $c$ and $d ^{ 2}$.

Thm19. Let $n$ be a natural number. Then there exists an element $a$ of $\Natural$, such that there exist natural numbers $b$, $c$ and $d$, such that $n$ is equal to the sum of $a ^{ 2}$, the square of $b$, $c ^{ 2}$ and the square of $d$.

Thm19. Let $n$ be a natural number. Then there exists an element $a$ of $\Natural$, such that there exist natural numbers $b$, $c$ and $d$, such that $n$ is equal to the sum of $a ^{ 2}$, $b ^{ 2}$, the square of $c$ and the square of $d$.

Thm19. Let $n$ be a natural number. Then there exist natural numbers $a$, $b$ and $c$, such that there exists an element $d$ of $\Natural$, such that $n$ is equal to the sum of the square of $a$, the square of $b$, $c ^{ 2}$ and $d ^{ 2}$.

Thm19. Let $n$ be a natural number. Then there exist natural numbers $a$, $b$ and $c$, such that there exists an element $d$ of $\Natural$, such that $n$ is equal to the sum of the square of $a$, $b ^{ 2}$, the square of $c$ and $d ^{ 2}$.

Thm19. Let $n$ be a natural number. Then there exist natural numbers $a$, $b$ and $c$, such that there exists an element $d$ of $\Natural$, such that $n$ is equal to the sum of $a ^{ 2}$, the square of $b$, $c ^{ 2}$ and the square of $d$.

Thm19. Let $n$ be a natural number. Then there exist natural numbers $a$, $b$ and $c$, such that there exists an element $d$ of $\Natural$, such that $n$ is equal to the sum of $a ^{ 2}$, $b ^{ 2}$, the square of $c$ and the square of $d$.

Thm19. Let $n$ be a natural number. Then there exists a natural number $a$, such that there exist elements $b$, $c$ and $d$ of $\Natural$, such that $n$ is equal to the sum of the square of $a$, $b ^{ 2}$, $c ^{ 2}$ and the square of $d$.

Thm19. Let $n$ be an element of $\Natural$. Then there exist elements $a$, $b$ and $c$ of $\Natural$, such that there exists a natural number $d$, such that $n$ is equal to the sum of $a ^{ 2}+ b ^{ 2}$, $c ^{ 2}$ and the square of $d$.

Thm19. Let $n$ be an element of $\Natural$. Then there exists an element $a$ of $\Natural$, such that there exist natural numbers $b$, $c$ and $d$, such that $n$ is equal to the sum of $a ^{ 2}+ b ^{ 2}$, the square of $c$ and $d ^{ 2}$.

Thm19. Let $n$ be an element of $\Natural$. Then there exists an element $a$ of $\Natural$, such that there exist natural numbers $b$, $c$ and $d$, such that $n$ is equal to the sum of $a ^{ 2}$, $b ^{ 2}$, $c ^{ 2}$ and $d ^{ 2}$.

Thm19. Let $n$ be an element of $\Natural$. Then there exist natural numbers $a$, $b$ and $c$, such that there exists an element $d$ of $\Natural$, such that $n$ is equal to the sum of $a ^{ 2}+ b ^{ 2}$, the square of $c$ and $d ^{ 2}$.

Thm19. Let $n$ be an element of $\Natural$. Then there exist natural numbers $a$, $b$ and $c$, such that there exists an element $d$ of $\Natural$, such that $n$ is equal to the sum of $a ^{ 2}$, $b ^{ 2}$, $c ^{ 2}$ and $d ^{ 2}$.

Thm19. Let $n$ be an element of $\Natural$. Then there exists a natural number $a$, such that there exist elements $b$, $c$ and $d$ of $\Natural$, such that $n$ is equal to the sum of $a ^{ 2}+ b ^{ 2}$, $c ^{ 2}$ and the square of $d$.

Thm19. Let $n$ be a natural number. Then there exists an element $a$ of $\Natural$, such that there exist natural numbers $b$, $c$ and $d$, such that $n$ is equal to the sum of the square of $a$, $b ^{ 2}$, $c ^{ 2}$ and the square of $d$.

Thm19. Let $n$ be a natural number. Then there exist natural numbers $a$, $b$ and $c$, such that there exists an element $d$ of $\Natural$, such that $n$ is equal to the sum of the square of $a$, $b ^{ 2}$, $c ^{ 2}$ and the square of $d$.

Thm19. Let $n$ be an element of $\Natural$. Then there exists an element $a$ of $\Natural$, such that there exist natural numbers $b$, $c$ and $d$, such that $n$ is equal to the sum of $a ^{ 2}+ b ^{ 2}$, $c ^{ 2}$ and the square of $d$.

Thm19. Let $n$ be an element of $\Natural$. Then there exist natural numbers $a$, $b$ and $c$, such that there exists an element $d$ of $\Natural$, such that $n$ is equal to the sum of $a ^{ 2}+ b ^{ 2}$, $c ^{ 2}$ and the square of $d$.

Thm19. Let $n$ be an element of $\Natural$. Then there exists a natural number $a$, such that there exist elements $b$ and $c$ of $\Natural$, such that there exists a natural number $d$, such that $n = a ^{ 2}+ b ^{ 2}+ c ^{ 2}+ d ^{ 2}$.

Thm19. Let $n$ be a natural number. Then there exist elements $a$ and $b$ of $\Natural$, such that there exists a natural number $c$, such that there exists an element $d$ of $\Natural$, such that $n = a ^{ 2}+ b ^{ 2}+ c ^{ 2}+ d ^{ 2}$.

Thm19. Let $n$ be a natural number. Then there exists an element $a$ of $\Natural$, such that there exists a natural number $b$, such that there exist elements $c$ and $d$ of $\Natural$, such that $n = a ^{ 2}+ b ^{ 2}+ c ^{ 2}+ d ^{ 2}$.

Thm19. Let $n$ be an element of $\Natural$. Then there exist natural numbers $a$ and $b$, such that there exists an element $c$ of $\Natural$, such that there exists a natural number $d$, such that $n = a ^{ 2}+ b ^{ 2}+ c ^{ 2}+ d ^{ 2}$.

Thm19. Let $n$ be an element of $\Natural$. Then there exists a natural number $a$, such that there exists an element $b$ of $\Natural$, such that there exist natural numbers $c$ and $d$, such that $n = a ^{ 2}+ b ^{ 2}+ c ^{ 2}+ d ^{ 2}$.

Thm19. Let $n$ be a natural number. Then there exist elements $a$ and $b$ of $\Natural$, such that there exist natural numbers $c$ and $d$, such that $n$ is equal to the sum of the square of $a$, the square of $b$, the square of $c$ and $d ^{ 2}$.

Thm19. Let $n$ be a natural number. Then there exist elements $a$ and $b$ of $\Natural$, such that there exist natural numbers $c$ and $d$, such that $n$ is equal to the sum of $a ^{ 2}$, the square of $b$, the square of $c$ and the square of $d$.

Thm19. Let $n$ be a natural number. Then there exists an element $a$ of $\Natural$, such that there exist natural numbers $b$ and $c$, such that there exists an element $d$ of $\Natural$, such that $n = a ^{ 2}+ b ^{ 2}+ c ^{ 2}+ d ^{ 2}$.

Thm19. Let $n$ be a natural number. Then there exist natural numbers $a$ and $b$, such that there exist elements $c$ and $d$ of $\Natural$, such that $n$ is equal to the sum of the square of $a$, the square of $b$, the square of $c$ and $d ^{ 2}$.

Thm19. Let $n$ be a natural number. Then there exist natural numbers $a$ and $b$, such that there exist elements $c$ and $d$ of $\Natural$, such that $n$ is equal to the sum of $a ^{ 2}$, the square of $b$, the square of $c$ and the square of $d$.

Thm19. Let $n$ be a natural number. Then there exists a natural number $a$, such that there exist elements $b$ and $c$ of $\Natural$, such that there exists a natural number $d$, such that $n$ is equal to $a ^{ 2}+ b ^{ 2}+ c ^{ 2}+ d ^{ 2}$.

Thm19. Let $n$ be an element of $\Natural$. Then there exist elements $a$ and $b$ of $\Natural$, such that there exist natural numbers $c$ and $d$, such that $n$ is equal to the sum of $a ^{ 2}$, the square of $b$, $c ^{ 2}$ and $d ^{ 2}$.

Thm19. Let $n$ be an element of $\Natural$. Then there exist elements $a$ and $b$ of $\Natural$, such that there exist natural numbers $c$ and $d$, such that $n$ is equal to the sum of $a ^{ 2}$, $b ^{ 2}$, the square of $c$ and $d ^{ 2}$.

Thm19. Let $n$ be an element of $\Natural$. Then there exist natural numbers $a$ and $b$, such that there exist elements $c$ and $d$ of $\Natural$, such that $n$ is equal to the sum of $a ^{ 2}$, the square of $b$, $c ^{ 2}$ and $d ^{ 2}$.

Thm19. Let $n$ be an element of $\Natural$. Then there exist natural numbers $a$ and $b$, such that there exist elements $c$ and $d$ of $\Natural$, such that $n$ is equal to the sum of $a ^{ 2}$, $b ^{ 2}$, the square of $c$ and $d ^{ 2}$.

Thm19. Let $n$ be a natural number. Then there exist elements $a$, $b$ and $c$ of $\Natural$, such that there exists a natural number $d$, such that $n$ is equal to the sum of the square of $a$, the square of $b$, the square of $c$ and $d ^{ 2}$.

Thm19. Let $n$ be a natural number. Then there exist elements $a$, $b$ and $c$ of $\Natural$, such that there exists a natural number $d$, such that $n$ is equal to the sum of $a ^{ 2}$, the square of $b$, the square of $c$ and the square of $d$.

Thm19. Let $n$ be a natural number. Then there exist elements $a$ and $b$ of $\Natural$, such that there exist natural numbers $c$ and $d$, such that $n$ is equal to the sum of the square of $a$, the square of $b$, $c ^{ 2}$ and the square of $d$.

Thm19. Let $n$ be a natural number. Then there exist elements $a$ and $b$ of $\Natural$, such that there exist natural numbers $c$ and $d$, such that $n$ is equal to the sum of the square of $a$, $b ^{ 2}$, the square of $c$ and the square of $d$.

Thm19. Let $n$ be a natural number. Then there exist natural numbers $a$ and $b$, such that there exist elements $c$ and $d$ of $\Natural$, such that $n$ is equal to the sum of the square of $a$, the square of $b$, $c ^{ 2}$ and the square of $d$.

Thm19. Let $n$ be a natural number. Then there exist natural numbers $a$ and $b$, such that there exist elements $c$ and $d$ of $\Natural$, such that $n$ is equal to the sum of the square of $a$, $b ^{ 2}$, the square of $c$ and the square of $d$.

Thm19. Let $n$ be a natural number. Then there exist natural numbers $a$ and $b$, such that there exists an element $c$ of $\Natural$, such that there exists a natural number $d$, such that $n$ is equal to $a ^{ 2}+ b ^{ 2}+ c ^{ 2}+ d ^{ 2}$.

Thm19. Let $n$ be a natural number. Then there exists a natural number $a$, such that there exist elements $b$, $c$ and $d$ of $\Natural$, such that $n$ is equal to the sum of the square of $a$, the square of $b$, the square of $c$ and $d ^{ 2}$.

Thm19. Let $n$ be a natural number. Then there exists a natural number $a$, such that there exist elements $b$, $c$ and $d$ of $\Natural$, such that $n$ is equal to the sum of $a ^{ 2}$, the square of $b$, the square of $c$ and the square of $d$.

Thm19. Let $n$ be a natural number. Then there exists a natural number $a$, such that there exists an element $b$ of $\Natural$, such that there exist natural numbers $c$ and $d$, such that $n$ is equal to $a ^{ 2}+ b ^{ 2}+ c ^{ 2}+ d ^{ 2}$.

Thm19. Let $n$ be an element of $\Natural$. Then there exist elements $a$, $b$ and $c$ of $\Natural$, such that there exists a natural number $d$, such that $n$ is equal to the sum of $a ^{ 2}$, the square of $b$, $c ^{ 2}$ and $d ^{ 2}$.

Thm19. Let $n$ be an element of $\Natural$. Then there exist elements $a$, $b$ and $c$ of $\Natural$, such that there exists a natural number $d$, such that $n$ is equal to the sum of $a ^{ 2}$, $b ^{ 2}$, the square of $c$ and $d ^{ 2}$.

Thm19. Let $n$ be an element of $\Natural$. Then there exist elements $a$ and $b$ of $\Natural$, such that there exist natural numbers $c$ and $d$, such that $n$ is equal to the sum of the square of $a$, $b ^{ 2}$, $c ^{ 2}$ and $d ^{ 2}$.

Thm19. Let $n$ be an element of $\Natural$. Then there exist elements $a$ and $b$ of $\Natural$, such that there exist natural numbers $c$ and $d$, such that $n$ is equal to the sum of $a ^{ 2}+ b ^{ 2}$, the square of $c$ and the square of $d$.

Thm19. Let $n$ be an element of $\Natural$. Then there exist elements $a$ and $b$ of $\Natural$, such that there exist natural numbers $c$ and $d$, such that $n$ is equal to the sum of $a ^{ 2}$, $b ^{ 2}$, $c ^{ 2}$ and the square of $d$.

Thm19. Let $n$ be an element of $\Natural$. Then there exist natural numbers $a$ and $b$, such that there exist elements $c$ and $d$ of $\Natural$, such that $n$ is equal to the sum of the square of $a$, $b ^{ 2}$, $c ^{ 2}$ and $d ^{ 2}$.

Thm19. Let $n$ be an element of $\Natural$. Then there exist natural numbers $a$ and $b$, such that there exist elements $c$ and $d$ of $\Natural$, such that $n$ is equal to the sum of $a ^{ 2}+ b ^{ 2}$, the square of $c$ and the square of $d$.

Thm19. Let $n$ be an element of $\Natural$. Then there exist natural numbers $a$ and $b$, such that there exist elements $c$ and $d$ of $\Natural$, such that $n$ is equal to the sum of $a ^{ 2}$, $b ^{ 2}$, $c ^{ 2}$ and the square of $d$.

Thm19. Let $n$ be an element of $\Natural$. Then there exists a natural number $a$, such that there exist elements $b$, $c$ and $d$ of $\Natural$, such that $n$ is equal to the sum of $a ^{ 2}$, the square of $b$, $c ^{ 2}$ and $d ^{ 2}$.

Thm19. Let $n$ be an element of $\Natural$. Then there exists a natural number $a$, such that there exist elements $b$, $c$ and $d$ of $\Natural$, such that $n$ is equal to the sum of $a ^{ 2}$, $b ^{ 2}$, the square of $c$ and $d ^{ 2}$.

Thm19. Let $n$ be a natural number. Then there exist elements $a$, $b$ and $c$ of $\Natural$, such that there exists a natural number $d$, such that $n$ is equal to the sum of the square of $a$, the square of $b$, $c ^{ 2}$ and the square of $d$.

Thm19. Let $n$ be a natural number. Then there exist elements $a$, $b$ and $c$ of $\Natural$, such that there exists a natural number $d$, such that $n$ is equal to the sum of the square of $a$, $b ^{ 2}$, the square of $c$ and the square of $d$.

Thm19. Let $n$ be a natural number. Then there exists an element $a$ of $\Natural$, such that there exist natural numbers $b$, $c$ and $d$, such that $n$ is equal to the sum of the square of $a$, the square of $b$, the square of $c$ and $d ^{ 2}$.

Thm19. Let $n$ be a natural number. Then there exists an element $a$ of $\Natural$, such that there exist natural numbers $b$, $c$ and $d$, such that $n$ is equal to the sum of $a ^{ 2}$, the square of $b$, the square of $c$ and the square of $d$.

Thm19. Let $n$ be a natural number. Then there exist natural numbers $a$, $b$ and $c$, such that there exists an element $d$ of $\Natural$, such that $n$ is equal to the sum of the square of $a$, the square of $b$, the square of $c$ and $d ^{ 2}$.

Thm19. Let $n$ be a natural number. Then there exist natural numbers $a$, $b$ and $c$, such that there exists an element $d$ of $\Natural$, such that $n$ is equal to the sum of $a ^{ 2}$, the square of $b$, the square of $c$ and the square of $d$.

Thm19. Let $n$ be a natural number. Then there exists a natural number $a$, such that there exist elements $b$, $c$ and $d$ of $\Natural$, such that $n$ is equal to the sum of the square of $a$, the square of $b$, $c ^{ 2}$ and the square of $d$.

Thm19. Let $n$ be a natural number. Then there exists a natural number $a$, such that there exist elements $b$, $c$ and $d$ of $\Natural$, such that $n$ is equal to the sum of the square of $a$, $b ^{ 2}$, the square of $c$ and the square of $d$.

Thm19. Let $n$ be an element of $\Natural$. Then there exist elements $a$, $b$ and $c$ of $\Natural$, such that there exists a natural number $d$, such that $n$ is equal to the sum of the square of $a$, $b ^{ 2}$, $c ^{ 2}$ and $d ^{ 2}$.

Thm19. Let $n$ be an element of $\Natural$. Then there exist elements $a$, $b$ and $c$ of $\Natural$, such that there exists a natural number $d$, such that $n$ is equal to the sum of $a ^{ 2}+ b ^{ 2}$, the square of $c$ and the square of $d$.

Thm19. Let $n$ be an element of $\Natural$. Then there exist elements $a$, $b$ and $c$ of $\Natural$, such that there exists a natural number $d$, such that $n$ is equal to the sum of $a ^{ 2}$, $b ^{ 2}$, $c ^{ 2}$ and the square of $d$.

Thm19. Let $n$ be an element of $\Natural$. Then there exists an element $a$ of $\Natural$, such that there exist natural numbers $b$, $c$ and $d$, such that $n$ is equal to the sum of $a ^{ 2}$, the square of $b$, $c ^{ 2}$ and $d ^{ 2}$.

Thm19. Let $n$ be an element of $\Natural$. Then there exists an element $a$ of $\Natural$, such that there exist natural numbers $b$, $c$ and $d$, such that $n$ is equal to the sum of $a ^{ 2}$, $b ^{ 2}$, the square of $c$ and $d ^{ 2}$.

Thm19. Let $n$ be an element of $\Natural$. Then there exist natural numbers $a$, $b$ and $c$, such that there exists an element $d$ of $\Natural$, such that $n$ is equal to the sum of $a ^{ 2}$, the square of $b$, $c ^{ 2}$ and $d ^{ 2}$.

Thm19. Let $n$ be an element of $\Natural$. Then there exist natural numbers $a$, $b$ and $c$, such that there exists an element $d$ of $\Natural$, such that $n$ is equal to the sum of $a ^{ 2}$, $b ^{ 2}$, the square of $c$ and $d ^{ 2}$.

Thm19. Let $n$ be an element of $\Natural$. Then there exists a natural number $a$, such that there exist elements $b$, $c$ and $d$ of $\Natural$, such that $n$ is equal to the sum of the square of $a$, $b ^{ 2}$, $c ^{ 2}$ and $d ^{ 2}$.

Thm19. Let $n$ be an element of $\Natural$. Then there exists a natural number $a$, such that there exist elements $b$, $c$ and $d$ of $\Natural$, such that $n$ is equal to the sum of $a ^{ 2}+ b ^{ 2}$, the square of $c$ and the square of $d$.

Thm19. Let $n$ be an element of $\Natural$. Then there exists a natural number $a$, such that there exist elements $b$, $c$ and $d$ of $\Natural$, such that $n$ is equal to the sum of $a ^{ 2}$, $b ^{ 2}$, $c ^{ 2}$ and the square of $d$.

Thm19. Let $n$ be a natural number. Then there exists an element $a$ of $\Natural$, such that there exist natural numbers $b$, $c$ and $d$, such that $n$ is equal to the sum of the square of $a$, the square of $b$, $c ^{ 2}$ and the square of $d$.

Thm19. Let $n$ be a natural number. Then there exists an element $a$ of $\Natural$, such that there exist natural numbers $b$, $c$ and $d$, such that $n$ is equal to the sum of the square of $a$, $b ^{ 2}$, the square of $c$ and the square of $d$.

Thm19. Let $n$ be a natural number. Then there exist natural numbers $a$, $b$ and $c$, such that there exists an element $d$ of $\Natural$, such that $n$ is equal to the sum of the square of $a$, the square of $b$, $c ^{ 2}$ and the square of $d$.

Thm19. Let $n$ be a natural number. Then there exist natural numbers $a$, $b$ and $c$, such that there exists an element $d$ of $\Natural$, such that $n$ is equal to the sum of the square of $a$, $b ^{ 2}$, the square of $c$ and the square of $d$.

Thm19. Let $n$ be an element of $\Natural$. Then there exists an element $a$ of $\Natural$, such that there exist natural numbers $b$, $c$ and $d$, such that $n$ is equal to the sum of the square of $a$, $b ^{ 2}$, $c ^{ 2}$ and $d ^{ 2}$.

Thm19. Let $n$ be an element of $\Natural$. Then there exists an element $a$ of $\Natural$, such that there exist natural numbers $b$, $c$ and $d$, such that $n$ is equal to the sum of $a ^{ 2}+ b ^{ 2}$, the square of $c$ and the square of $d$.

Thm19. Let $n$ be an element of $\Natural$. Then there exists an element $a$ of $\Natural$, such that there exist natural numbers $b$, $c$ and $d$, such that $n$ is equal to the sum of $a ^{ 2}$, $b ^{ 2}$, $c ^{ 2}$ and the square of $d$.

Thm19. Let $n$ be an element of $\Natural$. Then there exist natural numbers $a$, $b$ and $c$, such that there exists an element $d$ of $\Natural$, such that $n$ is equal to the sum of the square of $a$, $b ^{ 2}$, $c ^{ 2}$ and $d ^{ 2}$.

Thm19. Let $n$ be an element of $\Natural$. Then there exist natural numbers $a$, $b$ and $c$, such that there exists an element $d$ of $\Natural$, such that $n$ is equal to the sum of $a ^{ 2}+ b ^{ 2}$, the square of $c$ and the square of $d$.

Thm19. Let $n$ be an element of $\Natural$. Then there exist natural numbers $a$, $b$ and $c$, such that there exists an element $d$ of $\Natural$, such that $n$ is equal to the sum of $a ^{ 2}$, $b ^{ 2}$, $c ^{ 2}$ and the square of $d$.

Thm19. Let $n$ be an element of $\Natural$. Then there exist elements $a$ and $b$ of $\Natural$, such that there exist natural numbers $c$ and $d$, such that $n$ is equal to the sum of $a ^{ 2}$, the square of $b$, the square of $c$ and $d ^{ 2}$.

Thm19. Let $n$ be an element of $\Natural$. Then there exist natural numbers $a$ and $b$, such that there exist elements $c$ and $d$ of $\Natural$, such that $n$ is equal to the sum of $a ^{ 2}$, the square of $b$, the square of $c$ and $d ^{ 2}$.

Thm19. Let $n$ be a natural number. Then there exist elements $a$ and $b$ of $\Natural$, such that there exist natural numbers $c$ and $d$, such that $n$ is equal to the sum of the square of $a$, the square of $b$, the square of $c$ and the square of $d$.

Thm19. Let $n$ be a natural number. Then there exist natural numbers $a$ and $b$, such that there exist elements $c$ and $d$ of $\Natural$, such that $n$ is equal to the sum of the square of $a$, the square of $b$, the square of $c$ and the square of $d$.

Thm19. Let $n$ be an element of $\Natural$. Then there exist elements $a$, $b$ and $c$ of $\Natural$, such that there exists a natural number $d$, such that $n$ is equal to the sum of $a ^{ 2}$, the square of $b$, the square of $c$ and $d ^{ 2}$.

Thm19. Let $n$ be an element of $\Natural$. Then there exist elements $a$ and $b$ of $\Natural$, such that there exist natural numbers $c$ and $d$, such that $n$ is equal to the sum of the square of $a$, the square of $b$, $c ^{ 2}$ and $d ^{ 2}$.

Thm19. Let $n$ be an element of $\Natural$. Then there exist elements $a$ and $b$ of $\Natural$, such that there exist natural numbers $c$ and $d$, such that $n$ is equal to the sum of the square of $a$, $b ^{ 2}$, the square of $c$ and $d ^{ 2}$.

Thm19. Let $n$ be an element of $\Natural$. Then there exist elements $a$ and $b$ of $\Natural$, such that there exist natural numbers $c$ and $d$, such that $n$ is equal to the sum of $a ^{ 2}$, the square of $b$, $c ^{ 2}$ and the square of $d$.

Thm19. Let $n$ be an element of $\Natural$. Then there exist elements $a$ and $b$ of $\Natural$, such that there exist natural numbers $c$ and $d$, such that $n$ is equal to the sum of $a ^{ 2}$, $b ^{ 2}$, the square of $c$ and the square of $d$.

Thm19. Let $n$ be an element of $\Natural$. Then there exist natural numbers $a$ and $b$, such that there exist elements $c$ and $d$ of $\Natural$, such that $n$ is equal to the sum of the square of $a$, the square of $b$, $c ^{ 2}$ and $d ^{ 2}$.

Thm19. Let $n$ be an element of $\Natural$. Then there exist natural numbers $a$ and $b$, such that there exist elements $c$ and $d$ of $\Natural$, such that $n$ is equal to the sum of the square of $a$, $b ^{ 2}$, the square of $c$ and $d ^{ 2}$.

Thm19. Let $n$ be an element of $\Natural$. Then there exist natural numbers $a$ and $b$, such that there exist elements $c$ and $d$ of $\Natural$, such that $n$ is equal to the sum of $a ^{ 2}$, the square of $b$, $c ^{ 2}$ and the square of $d$.

Thm19. Let $n$ be an element of $\Natural$. Then there exist natural numbers $a$ and $b$, such that there exist elements $c$ and $d$ of $\Natural$, such that $n$ is equal to the sum of $a ^{ 2}$, $b ^{ 2}$, the square of $c$ and the square of $d$.

Thm19. Let $n$ be an element of $\Natural$. Then there exists a natural number $a$, such that there exist elements $b$, $c$ and $d$ of $\Natural$, such that $n$ is equal to the sum of $a ^{ 2}$, the square of $b$, the square of $c$ and $d ^{ 2}$.

Thm19. Let $n$ be a natural number. Then there exist elements $a$, $b$ and $c$ of $\Natural$, such that there exists a natural number $d$, such that $n$ is equal to the sum of the square of $a$, the square of $b$, the square of $c$ and the square of $d$.

Thm19. Let $n$ be a natural number. Then there exists a natural number $a$, such that there exist elements $b$, $c$ and $d$ of $\Natural$, such that $n$ is equal to the sum of the square of $a$, the square of $b$, the square of $c$ and the square of $d$.

Thm19. Let $n$ be an element of $\Natural$. Then there exist elements $a$, $b$ and $c$ of $\Natural$, such that there exists a natural number $d$, such that $n$ is equal to the sum of the square of $a$, the square of $b$, $c ^{ 2}$ and $d ^{ 2}$.

Thm19. Let $n$ be an element of $\Natural$. Then there exist elements $a$, $b$ and $c$ of $\Natural$, such that there exists a natural number $d$, such that $n$ is equal to the sum of the square of $a$, $b ^{ 2}$, the square of $c$ and $d ^{ 2}$.

Thm19. Let $n$ be an element of $\Natural$. Then there exist elements $a$, $b$ and $c$ of $\Natural$, such that there exists a natural number $d$, such that $n$ is equal to the sum of $a ^{ 2}$, the square of $b$, $c ^{ 2}$ and the square of $d$.

Thm19. Let $n$ be an element of $\Natural$. Then there exist elements $a$, $b$ and $c$ of $\Natural$, such that there exists a natural number $d$, such that $n$ is equal to the sum of $a ^{ 2}$, $b ^{ 2}$, the square of $c$ and the square of $d$.

Thm19. Let $n$ be an element of $\Natural$. Then there exist elements $a$ and $b$ of $\Natural$, such that there exist natural numbers $c$ and $d$, such that $n$ is equal to the sum of the square of $a$, $b ^{ 2}$, $c ^{ 2}$ and the square of $d$.

Thm19. Let $n$ be an element of $\Natural$. Then there exists an element $a$ of $\Natural$, such that there exist natural numbers $b$, $c$ and $d$, such that $n$ is equal to the sum of $a ^{ 2}$, the square of $b$, the square of $c$ and $d ^{ 2}$.

Thm19. Let $n$ be an element of $\Natural$. Then there exist natural numbers $a$, $b$ and $c$, such that there exists an element $d$ of $\Natural$, such that $n$ is equal to the sum of $a ^{ 2}$, the square of $b$, the square of $c$ and $d ^{ 2}$.

Thm19. Let $n$ be an element of $\Natural$. Then there exist natural numbers $a$ and $b$, such that there exist elements $c$ and $d$ of $\Natural$, such that $n$ is equal to the sum of the square of $a$, $b ^{ 2}$, $c ^{ 2}$ and the square of $d$.

Thm19. Let $n$ be an element of $\Natural$. Then there exists a natural number $a$, such that there exist elements $b$, $c$ and $d$ of $\Natural$, such that $n$ is equal to the sum of the square of $a$, the square of $b$, $c ^{ 2}$ and $d ^{ 2}$.

Thm19. Let $n$ be an element of $\Natural$. Then there exists a natural number $a$, such that there exist elements $b$, $c$ and $d$ of $\Natural$, such that $n$ is equal to the sum of the square of $a$, $b ^{ 2}$, the square of $c$ and $d ^{ 2}$.

Thm19. Let $n$ be an element of $\Natural$. Then there exists a natural number $a$, such that there exist elements $b$, $c$ and $d$ of $\Natural$, such that $n$ is equal to the sum of $a ^{ 2}$, the square of $b$, $c ^{ 2}$ and the square of $d$.

Thm19. Let $n$ be an element of $\Natural$. Then there exists a natural number $a$, such that there exist elements $b$, $c$ and $d$ of $\Natural$, such that $n$ is equal to the sum of $a ^{ 2}$, $b ^{ 2}$, the square of $c$ and the square of $d$.

Thm19. Let $n$ be a natural number. Then there exists an element $a$ of $\Natural$, such that there exist natural numbers $b$, $c$ and $d$, such that $n$ is equal to the sum of the square of $a$, the square of $b$, the square of $c$ and the square of $d$.

Thm19. Let $n$ be a natural number. Then there exist natural numbers $a$, $b$ and $c$, such that there exists an element $d$ of $\Natural$, such that $n$ is equal to the sum of the square of $a$, the square of $b$, the square of $c$ and the square of $d$.

Thm19. Let $n$ be an element of $\Natural$. Then there exist elements $a$, $b$ and $c$ of $\Natural$, such that there exists a natural number $d$, such that $n$ is equal to the sum of the square of $a$, $b ^{ 2}$, $c ^{ 2}$ and the square of $d$.

Thm19. Let $n$ be an element of $\Natural$. Then there exists an element $a$ of $\Natural$, such that there exist natural numbers $b$, $c$ and $d$, such that $n$ is equal to the sum of the square of $a$, the square of $b$, $c ^{ 2}$ and $d ^{ 2}$.

Thm19. Let $n$ be an element of $\Natural$. Then there exists an element $a$ of $\Natural$, such that there exist natural numbers $b$, $c$ and $d$, such that $n$ is equal to the sum of the square of $a$, $b ^{ 2}$, the square of $c$ and $d ^{ 2}$.

Thm19. Let $n$ be an element of $\Natural$. Then there exists an element $a$ of $\Natural$, such that there exist natural numbers $b$, $c$ and $d$, such that $n$ is equal to the sum of $a ^{ 2}$, the square of $b$, $c ^{ 2}$ and the square of $d$.

Thm19. Let $n$ be an element of $\Natural$. Then there exists an element $a$ of $\Natural$, such that there exist natural numbers $b$, $c$ and $d$, such that $n$ is equal to the sum of $a ^{ 2}$, $b ^{ 2}$, the square of $c$ and the square of $d$.

Thm19. Let $n$ be an element of $\Natural$. Then there exist natural numbers $a$, $b$ and $c$, such that there exists an element $d$ of $\Natural$, such that $n$ is equal to the sum of the square of $a$, the square of $b$, $c ^{ 2}$ and $d ^{ 2}$.

Thm19. Let $n$ be an element of $\Natural$. Then there exist natural numbers $a$, $b$ and $c$, such that there exists an element $d$ of $\Natural$, such that $n$ is equal to the sum of the square of $a$, $b ^{ 2}$, the square of $c$ and $d ^{ 2}$.

Thm19. Let $n$ be an element of $\Natural$. Then there exist natural numbers $a$, $b$ and $c$, such that there exists an element $d$ of $\Natural$, such that $n$ is equal to the sum of $a ^{ 2}$, the square of $b$, $c ^{ 2}$ and the square of $d$.

Thm19. Let $n$ be an element of $\Natural$. Then there exist natural numbers $a$, $b$ and $c$, such that there exists an element $d$ of $\Natural$, such that $n$ is equal to the sum of $a ^{ 2}$, $b ^{ 2}$, the square of $c$ and the square of $d$.

Thm19. Let $n$ be an element of $\Natural$. Then there exists a natural number $a$, such that there exist elements $b$, $c$ and $d$ of $\Natural$, such that $n$ is equal to the sum of the square of $a$, $b ^{ 2}$, $c ^{ 2}$ and the square of $d$.

Thm19. Let $n$ be an element of $\Natural$. Then there exists an element $a$ of $\Natural$, such that there exist natural numbers $b$, $c$ and $d$, such that $n$ is equal to the sum of the square of $a$, $b ^{ 2}$, $c ^{ 2}$ and the square of $d$.

Thm19. Let $n$ be an element of $\Natural$. Then there exist natural numbers $a$, $b$ and $c$, such that there exists an element $d$ of $\Natural$, such that $n$ is equal to the sum of the square of $a$, $b ^{ 2}$, $c ^{ 2}$ and the square of $d$.

Thm19. Let $n$ be an element of $\Natural$. Then there exist elements $a$ and $b$ of $\Natural$, such that there exists a natural number $c$, such that there exists an element $d$ of $\Natural$, such that $n = a ^{ 2}+ b ^{ 2}+ c ^{ 2}+ d ^{ 2}$.

Thm19. Let $n$ be an element of $\Natural$. Then there exists an element $a$ of $\Natural$, such that there exists a natural number $b$, such that there exist elements $c$ and $d$ of $\Natural$, such that $n = a ^{ 2}+ b ^{ 2}+ c ^{ 2}+ d ^{ 2}$.

Thm19. Let $n$ be an element of $\Natural$. Then there exist elements $a$ and $b$ of $\Natural$, such that there exist natural numbers $c$ and $d$, such that $n$ is equal to the sum of the square of $a$, the square of $b$, the square of $c$ and $d ^{ 2}$.

Thm19. Let $n$ be an element of $\Natural$. Then there exist elements $a$ and $b$ of $\Natural$, such that there exist natural numbers $c$ and $d$, such that $n$ is equal to the sum of $a ^{ 2}$, the square of $b$, the square of $c$ and the square of $d$.

Thm19. Let $n$ be an element of $\Natural$. Then there exists an element $a$ of $\Natural$, such that there exist natural numbers $b$ and $c$, such that there exists an element $d$ of $\Natural$, such that $n = a ^{ 2}+ b ^{ 2}+ c ^{ 2}+ d ^{ 2}$.

Thm19. Let $n$ be an element of $\Natural$. Then there exist natural numbers $a$ and $b$, such that there exist elements $c$ and $d$ of $\Natural$, such that $n$ is equal to the sum of the square of $a$, the square of $b$, the square of $c$ and $d ^{ 2}$.

Thm19. Let $n$ be an element of $\Natural$. Then there exist natural numbers $a$ and $b$, such that there exist elements $c$ and $d$ of $\Natural$, such that $n$ is equal to the sum of $a ^{ 2}$, the square of $b$, the square of $c$ and the square of $d$.

Thm19. Let $n$ be an element of $\Natural$. Then there exists a natural number $a$, such that there exist elements $b$ and $c$ of $\Natural$, such that there exists a natural number $d$, such that $n$ is equal to $a ^{ 2}+ b ^{ 2}+ c ^{ 2}+ d ^{ 2}$.

Thm19. Let $n$ be a natural number. Then there exist elements $a$ and $b$ of $\Natural$, such that there exists a natural number $c$, such that there exists an element $d$ of $\Natural$, such that $n$ is equal to $a ^{ 2}+ b ^{ 2}+ c ^{ 2}+ d ^{ 2}$.

Thm19. Let $n$ be a natural number. Then there exists an element $a$ of $\Natural$, such that there exists a natural number $b$, such that there exist elements $c$ and $d$ of $\Natural$, such that $n$ is equal to $a ^{ 2}+ b ^{ 2}+ c ^{ 2}+ d ^{ 2}$.

Thm19. Let $n$ be an element of $\Natural$. Then there exist elements $a$, $b$ and $c$ of $\Natural$, such that there exists a natural number $d$, such that $n$ is equal to the sum of the square of $a$, the square of $b$, the square of $c$ and $d ^{ 2}$.

Thm19. Let $n$ be an element of $\Natural$. Then there exist elements $a$, $b$ and $c$ of $\Natural$, such that there exists a natural number $d$, such that $n$ is equal to the sum of $a ^{ 2}$, the square of $b$, the square of $c$ and the square of $d$.

Thm19. Let $n$ be an element of $\Natural$. Then there exist elements $a$ and $b$ of $\Natural$, such that there exist natural numbers $c$ and $d$, such that $n$ is equal to the sum of the square of $a$, the square of $b$, $c ^{ 2}$ and the square of $d$.

Thm19. Let $n$ be an element of $\Natural$. Then there exist elements $a$ and $b$ of $\Natural$, such that there exist natural numbers $c$ and $d$, such that $n$ is equal to the sum of the square of $a$, $b ^{ 2}$, the square of $c$ and the square of $d$.

Thm19. Let $n$ be an element of $\Natural$. Then there exist natural numbers $a$ and $b$, such that there exist elements $c$ and $d$ of $\Natural$, such that $n$ is equal to the sum of the square of $a$, the square of $b$, $c ^{ 2}$ and the square of $d$.

Thm19. Let $n$ be an element of $\Natural$. Then there exist natural numbers $a$ and $b$, such that there exist elements $c$ and $d$ of $\Natural$, such that $n$ is equal to the sum of the square of $a$, $b ^{ 2}$, the square of $c$ and the square of $d$.

Thm19. Let $n$ be an element of $\Natural$. Then there exist natural numbers $a$ and $b$, such that there exists an element $c$ of $\Natural$, such that there exists a natural number $d$, such that $n$ is equal to $a ^{ 2}+ b ^{ 2}+ c ^{ 2}+ d ^{ 2}$.

Thm19. Let $n$ be an element of $\Natural$. Then there exists a natural number $a$, such that there exist elements $b$, $c$ and $d$ of $\Natural$, such that $n$ is equal to the sum of the square of $a$, the square of $b$, the square of $c$ and $d ^{ 2}$.

Thm19. Let $n$ be an element of $\Natural$. Then there exists a natural number $a$, such that there exist elements $b$, $c$ and $d$ of $\Natural$, such that $n$ is equal to the sum of $a ^{ 2}$, the square of $b$, the square of $c$ and the square of $d$.

Thm19. Let $n$ be an element of $\Natural$. Then there exists a natural number $a$, such that there exists an element $b$ of $\Natural$, such that there exist natural numbers $c$ and $d$, such that $n$ is equal to $a ^{ 2}+ b ^{ 2}+ c ^{ 2}+ d ^{ 2}$.

Thm19. Let $n$ be a natural number. Then there exists an element $a$ of $\Natural$, such that there exist natural numbers $b$ and $c$, such that there exists an element $d$ of $\Natural$, such that $n$ is equal to $a ^{ 2}+ b ^{ 2}+ c ^{ 2}+ d ^{ 2}$.

Thm19. Let $n$ be an element of $\Natural$. Then there exist elements $a$, $b$ and $c$ of $\Natural$, such that there exists a natural number $d$, such that $n$ is equal to the sum of the square of $a$, the square of $b$, $c ^{ 2}$ and the square of $d$.

Thm19. Let $n$ be an element of $\Natural$. Then there exist elements $a$, $b$ and $c$ of $\Natural$, such that there exists a natural number $d$, such that $n$ is equal to the sum of the square of $a$, $b ^{ 2}$, the square of $c$ and the square of $d$.

Thm19. Let $n$ be an element of $\Natural$. Then there exists an element $a$ of $\Natural$, such that there exist natural numbers $b$, $c$ and $d$, such that $n$ is equal to the sum of the square of $a$, the square of $b$, the square of $c$ and $d ^{ 2}$.

Thm19. Let $n$ be an element of $\Natural$. Then there exists an element $a$ of $\Natural$, such that there exist natural numbers $b$, $c$ and $d$, such that $n$ is equal to the sum of $a ^{ 2}$, the square of $b$, the square of $c$ and the square of $d$.

Thm19. Let $n$ be an element of $\Natural$. Then there exist natural numbers $a$, $b$ and $c$, such that there exists an element $d$ of $\Natural$, such that $n$ is equal to the sum of the square of $a$, the square of $b$, the square of $c$ and $d ^{ 2}$.

Thm19. Let $n$ be an element of $\Natural$. Then there exist natural numbers $a$, $b$ and $c$, such that there exists an element $d$ of $\Natural$, such that $n$ is equal to the sum of $a ^{ 2}$, the square of $b$, the square of $c$ and the square of $d$.

Thm19. Let $n$ be an element of $\Natural$. Then there exists a natural number $a$, such that there exist elements $b$, $c$ and $d$ of $\Natural$, such that $n$ is equal to the sum of the square of $a$, the square of $b$, $c ^{ 2}$ and the square of $d$.

Thm19. Let $n$ be an element of $\Natural$. Then there exists a natural number $a$, such that there exist elements $b$, $c$ and $d$ of $\Natural$, such that $n$ is equal to the sum of the square of $a$, $b ^{ 2}$, the square of $c$ and the square of $d$.

Thm19. Let $n$ be an element of $\Natural$. Then there exists an element $a$ of $\Natural$, such that there exist natural numbers $b$, $c$ and $d$, such that $n$ is equal to the sum of the square of $a$, the square of $b$, $c ^{ 2}$ and the square of $d$.

Thm19. Let $n$ be an element of $\Natural$. Then there exists an element $a$ of $\Natural$, such that there exist natural numbers $b$, $c$ and $d$, such that $n$ is equal to the sum of the square of $a$, $b ^{ 2}$, the square of $c$ and the square of $d$.

Thm19. Let $n$ be an element of $\Natural$. Then there exist natural numbers $a$, $b$ and $c$, such that there exists an element $d$ of $\Natural$, such that $n$ is equal to the sum of the square of $a$, the square of $b$, $c ^{ 2}$ and the square of $d$.

Thm19. Let $n$ be an element of $\Natural$. Then there exist natural numbers $a$, $b$ and $c$, such that there exists an element $d$ of $\Natural$, such that $n$ is equal to the sum of the square of $a$, $b ^{ 2}$, the square of $c$ and the square of $d$.

Thm19. Let $n$ be an element of $\Natural$. Then there exist elements $a$ and $b$ of $\Natural$, such that there exist natural numbers $c$ and $d$, such that $n$ is equal to the sum of the square of $a$, the square of $b$, the square of $c$ and the square of $d$.

Thm19. Let $n$ be an element of $\Natural$. Then there exist natural numbers $a$ and $b$, such that there exist elements $c$ and $d$ of $\Natural$, such that $n$ is equal to the sum of the square of $a$, the square of $b$, the square of $c$ and the square of $d$.

Thm19. Let $n$ be an element of $\Natural$. Then there exist elements $a$, $b$ and $c$ of $\Natural$, such that there exists a natural number $d$, such that $n$ is equal to the sum of the square of $a$, the square of $b$, the square of $c$ and the square of $d$.

Thm19. Let $n$ be an element of $\Natural$. Then there exists a natural number $a$, such that there exist elements $b$, $c$ and $d$ of $\Natural$, such that $n$ is equal to the sum of the square of $a$, the square of $b$, the square of $c$ and the square of $d$.

Thm19. Let $n$ be a natural number. Then there exists a natural number $a$, such that there exist elements $b$ and $c$ of $\Natural$, such that there exists a natural number $d$, such that $n$ is equal to the sum of $a ^{ 2}+ b ^{ 2}+ c ^{ 2}$ and $d ^{ 2}$.

Thm19. Let $n$ be an element of $\Natural$. Then there exists an element $a$ of $\Natural$, such that there exist natural numbers $b$, $c$ and $d$, such that $n$ is equal to the sum of the square of $a$, the square of $b$, the square of $c$ and the square of $d$.

Thm19. Let $n$ be an element of $\Natural$. Then there exist natural numbers $a$, $b$ and $c$, such that there exists an element $d$ of $\Natural$, such that $n$ is equal to the sum of the square of $a$, the square of $b$, the square of $c$ and the square of $d$.

Thm19. Let $n$ be a natural number. Then there exist natural numbers $a$ and $b$, such that there exists an element $c$ of $\Natural$, such that there exists a natural number $d$, such that $n$ is equal to the sum of $a ^{ 2}+ b ^{ 2}+ c ^{ 2}$ and $d ^{ 2}$.

Thm19. Let $n$ be a natural number. Then there exists a natural number $a$, such that there exists an element $b$ of $\Natural$, such that there exist natural numbers $c$ and $d$, such that $n$ is equal to the sum of $a ^{ 2}+ b ^{ 2}+ c ^{ 2}$ and $d ^{ 2}$.

Thm19. Let $n$ be an element of $\Natural$. Then there exist elements $a$ and $b$ of $\Natural$, such that there exists a natural number $c$, such that there exists an element $d$ of $\Natural$, such that $n$ is equal to $a ^{ 2}+ b ^{ 2}+ c ^{ 2}+ d ^{ 2}$.

Thm19. Let $n$ be an element of $\Natural$. Then there exists an element $a$ of $\Natural$, such that there exists a natural number $b$, such that there exist elements $c$ and $d$ of $\Natural$, such that $n$ is equal to $a ^{ 2}+ b ^{ 2}+ c ^{ 2}+ d ^{ 2}$.

Thm19. Let $n$ be a natural number. Then there exists a natural number $a$, such that there exist elements $b$ and $c$ of $\Natural$, such that there exists a natural number $d$, such that $n$ is equal to the sum of $a ^{ 2}+ b ^{ 2}$, $c ^{ 2}$ and $d ^{ 2}$.

Thm19. Let $n$ be an element of $\Natural$. Then there exists an element $a$ of $\Natural$, such that there exist natural numbers $b$ and $c$, such that there exists an element $d$ of $\Natural$, such that $n$ is equal to $a ^{ 2}+ b ^{ 2}+ c ^{ 2}+ d ^{ 2}$.

Thm19. Let $n$ be a natural number. Then there exist natural numbers $a$ and $b$, such that there exists an element $c$ of $\Natural$, such that there exists a natural number $d$, such that $n$ is equal to the sum of $a ^{ 2}+ b ^{ 2}$, $c ^{ 2}$ and $d ^{ 2}$.

Thm19. Let $n$ be a natural number. Then there exists a natural number $a$, such that there exist elements $b$ and $c$ of $\Natural$, such that there exists a natural number $d$, such that $n$ is equal to the sum of $a ^{ 2}+ b ^{ 2}+ c ^{ 2}$ and the square of $d$.

Thm19. Let $n$ be a natural number. Then there exists a natural number $a$, such that there exists an element $b$ of $\Natural$, such that there exist natural numbers $c$ and $d$, such that $n$ is equal to the sum of $a ^{ 2}+ b ^{ 2}$, $c ^{ 2}$ and $d ^{ 2}$.

Thm19. Let $n$ be a natural number. Then there exist natural numbers $a$ and $b$, such that there exists an element $c$ of $\Natural$, such that there exists a natural number $d$, such that $n$ is equal to the sum of $a ^{ 2}+ b ^{ 2}+ c ^{ 2}$ and the square of $d$.

Thm19. Let $n$ be a natural number. Then there exists a natural number $a$, such that there exists an element $b$ of $\Natural$, such that there exist natural numbers $c$ and $d$, such that $n$ is equal to the sum of $a ^{ 2}+ b ^{ 2}+ c ^{ 2}$ and the square of $d$.

Thm19. Let $n$ be a natural number. Then there exists a natural number $a$, such that there exist elements $b$ and $c$ of $\Natural$, such that there exists a natural number $d$, such that $n$ is equal to the sum of $a ^{ 2}+ b ^{ 2}$, the square of $c$ and $d ^{ 2}$.

Thm19. Let $n$ be a natural number. Then there exists a natural number $a$, such that there exist elements $b$ and $c$ of $\Natural$, such that there exists a natural number $d$, such that $n$ is equal to the sum of $a ^{ 2}$, $b ^{ 2}$, $c ^{ 2}$ and $d ^{ 2}$.

Thm19. Let $n$ be a natural number. Then there exist natural numbers $a$ and $b$, such that there exists an element $c$ of $\Natural$, such that there exists a natural number $d$, such that $n$ is equal to the sum of $a ^{ 2}+ b ^{ 2}$, the square of $c$ and $d ^{ 2}$.

Thm19. Let $n$ be a natural number. Then there exist natural numbers $a$ and $b$, such that there exists an element $c$ of $\Natural$, such that there exists a natural number $d$, such that $n$ is equal to the sum of $a ^{ 2}$, $b ^{ 2}$, $c ^{ 2}$ and $d ^{ 2}$.

Thm19. Let $n$ be a natural number. Then there exists a natural number $a$, such that there exist elements $b$ and $c$ of $\Natural$, such that there exists a natural number $d$, such that $n$ is equal to the sum of $a ^{ 2}+ b ^{ 2}$, $c ^{ 2}$ and the square of $d$.

Thm19. Let $n$ be a natural number. Then there exists a natural number $a$, such that there exists an element $b$ of $\Natural$, such that there exist natural numbers $c$ and $d$, such that $n$ is equal to the sum of $a ^{ 2}+ b ^{ 2}$, the square of $c$ and $d ^{ 2}$.

Thm19. Let $n$ be a natural number. Then there exists a natural number $a$, such that there exists an element $b$ of $\Natural$, such that there exist natural numbers $c$ and $d$, such that $n$ is equal to the sum of $a ^{ 2}$, $b ^{ 2}$, $c ^{ 2}$ and $d ^{ 2}$.

Thm19. Let $n$ be an element of $\Natural$. Then there exists a natural number $a$, such that there exist elements $b$ and $c$ of $\Natural$, such that there exists a natural number $d$, such that $n$ is equal to the sum of $a ^{ 2}+ b ^{ 2}+ c ^{ 2}$ and $d ^{ 2}$.

Thm19. Let $n$ be a natural number. Then there exist elements $a$ and $b$ of $\Natural$, such that there exists a natural number $c$, such that there exists an element $d$ of $\Natural$, such that $n$ is equal to the sum of $a ^{ 2}+ b ^{ 2}+ c ^{ 2}$ and $d ^{ 2}$.

Thm19. Let $n$ be a natural number. Then there exists an element $a$ of $\Natural$, such that there exists a natural number $b$, such that there exist elements $c$ and $d$ of $\Natural$, such that $n$ is equal to the sum of $a ^{ 2}+ b ^{ 2}+ c ^{ 2}$ and $d ^{ 2}$.

Thm19. Let $n$ be a natural number. Then there exist natural numbers $a$ and $b$, such that there exists an element $c$ of $\Natural$, such that there exists a natural number $d$, such that $n$ is equal to the sum of $a ^{ 2}+ b ^{ 2}$, $c ^{ 2}$ and the square of $d$.

Thm19. Let $n$ be a natural number. Then there exists a natural number $a$, such that there exists an element $b$ of $\Natural$, such that there exist natural numbers $c$ and $d$, such that $n$ is equal to the sum of $a ^{ 2}+ b ^{ 2}$, $c ^{ 2}$ and the square of $d$.

Thm19. Let $n$ be an element of $\Natural$. Then there exist natural numbers $a$ and $b$, such that there exists an element $c$ of $\Natural$, such that there exists a natural number $d$, such that $n$ is equal to the sum of $a ^{ 2}+ b ^{ 2}+ c ^{ 2}$ and $d ^{ 2}$.

Thm19. Let $n$ be an element of $\Natural$. Then there exists a natural number $a$, such that there exists an element $b$ of $\Natural$, such that there exist natural numbers $c$ and $d$, such that $n$ is equal to the sum of $a ^{ 2}+ b ^{ 2}+ c ^{ 2}$ and $d ^{ 2}$.

Thm19. Let $n$ be a natural number. Then there exists an element $a$ of $\Natural$, such that there exist natural numbers $b$ and $c$, such that there exists an element $d$ of $\Natural$, such that $n$ is equal to the sum of $a ^{ 2}+ b ^{ 2}+ c ^{ 2}$ and $d ^{ 2}$.

Thm19. Let $n$ be a natural number. Then there exists a natural number $a$, such that there exist elements $b$ and $c$ of $\Natural$, such that there exists a natural number $d$, such that $n$ is equal to the sum of $a ^{ 2}$, the square of $b$, $c ^{ 2}$ and $d ^{ 2}$.

Thm19. Let $n$ be a natural number. Then there exists a natural number $a$, such that there exist elements $b$ and $c$ of $\Natural$, such that there exists a natural number $d$, such that $n$ is equal to the sum of $a ^{ 2}$, $b ^{ 2}$, the square of $c$ and $d ^{ 2}$.

Thm19. Let $n$ be a natural number. Then there exist natural numbers $a$ and $b$, such that there exists an element $c$ of $\Natural$, such that there exists a natural number $d$, such that $n$ is equal to the sum of $a ^{ 2}$, the square of $b$, $c ^{ 2}$ and $d ^{ 2}$.

Thm19. Let $n$ be a natural number. Then there exist natural numbers $a$ and $b$, such that there exists an element $c$ of $\Natural$, such that there exists a natural number $d$, such that $n$ is equal to the sum of $a ^{ 2}$, $b ^{ 2}$, the square of $c$ and $d ^{ 2}$.

Thm19. Let $n$ be a natural number. Then there exists a natural number $a$, such that there exist elements $b$ and $c$ of $\Natural$, such that there exists a natural number $d$, such that $n$ is equal to the sum of the square of $a$, $b ^{ 2}$, $c ^{ 2}$ and $d ^{ 2}$.

Thm19. Let $n$ be a natural number. Then there exists a natural number $a$, such that there exist elements $b$ and $c$ of $\Natural$, such that there exists a natural number $d$, such that $n$ is equal to the sum of $a ^{ 2}+ b ^{ 2}$, the square of $c$ and the square of $d$.

Thm19. Let $n$ be a natural number. Then there exists a natural number $a$, such that there exist elements $b$ and $c$ of $\Natural$, such that there exists a natural number $d$, such that $n$ is equal to the sum of $a ^{ 2}$, $b ^{ 2}$, $c ^{ 2}$ and the square of $d$.

Thm19. Let $n$ be a natural number. Then there exists a natural number $a$, such that there exists an element $b$ of $\Natural$, such that there exist natural numbers $c$ and $d$, such that $n$ is equal to the sum of $a ^{ 2}$, the square of $b$, $c ^{ 2}$ and $d ^{ 2}$.

Thm19. Let $n$ be a natural number. Then there exists a natural number $a$, such that there exists an element $b$ of $\Natural$, such that there exist natural numbers $c$ and $d$, such that $n$ is equal to the sum of $a ^{ 2}$, $b ^{ 2}$, the square of $c$ and $d ^{ 2}$.

Thm19. Let $n$ be an element of $\Natural$. Then there exists a natural number $a$, such that there exist elements $b$ and $c$ of $\Natural$, such that there exists a natural number $d$, such that $n$ is equal to the sum of $a ^{ 2}+ b ^{ 2}$, $c ^{ 2}$ and $d ^{ 2}$.

Thm19. Let $n$ be a natural number. Then there exist elements $a$ and $b$ of $\Natural$, such that there exists a natural number $c$, such that there exists an element $d$ of $\Natural$, such that $n$ is equal to the sum of $a ^{ 2}+ b ^{ 2}$, $c ^{ 2}$ and $d ^{ 2}$.

Thm19. Let $n$ be a natural number. Then there exists an element $a$ of $\Natural$, such that there exists a natural number $b$, such that there exist elements $c$ and $d$ of $\Natural$, such that $n$ is equal to the sum of $a ^{ 2}+ b ^{ 2}$, $c ^{ 2}$ and $d ^{ 2}$.

Thm19. Let $n$ be a natural number. Then there exist natural numbers $a$ and $b$, such that there exists an element $c$ of $\Natural$, such that there exists a natural number $d$, such that $n$ is equal to the sum of the square of $a$, $b ^{ 2}$, $c ^{ 2}$ and $d ^{ 2}$.

Thm19. Let $n$ be a natural number. Then there exist natural numbers $a$ and $b$, such that there exists an element $c$ of $\Natural$, such that there exists a natural number $d$, such that $n$ is equal to the sum of $a ^{ 2}+ b ^{ 2}$, the square of $c$ and the square of $d$.

Thm19. Let $n$ be a natural number. Then there exist natural numbers $a$ and $b$, such that there exists an element $c$ of $\Natural$, such that there exists a natural number $d$, such that $n$ is equal to the sum of $a ^{ 2}$, $b ^{ 2}$, $c ^{ 2}$ and the square of $d$.

Thm19. Let $n$ be a natural number. Then there exists a natural number $a$, such that there exists an element $b$ of $\Natural$, such that there exist natural numbers $c$ and $d$, such that $n$ is equal to the sum of the square of $a$, $b ^{ 2}$, $c ^{ 2}$ and $d ^{ 2}$.

Thm19. Let $n$ be a natural number. Then there exists a natural number $a$, such that there exists an element $b$ of $\Natural$, such that there exist natural numbers $c$ and $d$, such that $n$ is equal to the sum of $a ^{ 2}+ b ^{ 2}$, the square of $c$ and the square of $d$.

Thm19. Let $n$ be a natural number. Then there exists a natural number $a$, such that there exists an element $b$ of $\Natural$, such that there exist natural numbers $c$ and $d$, such that $n$ is equal to the sum of $a ^{ 2}$, $b ^{ 2}$, $c ^{ 2}$ and the square of $d$.

Thm19. Let $n$ be an element of $\Natural$. Then there exist natural numbers $a$ and $b$, such that there exists an element $c$ of $\Natural$, such that there exists a natural number $d$, such that $n$ is equal to the sum of $a ^{ 2}+ b ^{ 2}$, $c ^{ 2}$ and $d ^{ 2}$.

Thm19. Let $n$ be an element of $\Natural$. Then there exists a natural number $a$, such that there exist elements $b$ and $c$ of $\Natural$, such that there exists a natural number $d$, such that $n$ is equal to the sum of $a ^{ 2}+ b ^{ 2}+ c ^{ 2}$ and the square of $d$.

Thm19. Let $n$ be an element of $\Natural$. Then there exists a natural number $a$, such that there exists an element $b$ of $\Natural$, such that there exist natural numbers $c$ and $d$, such that $n$ is equal to the sum of $a ^{ 2}+ b ^{ 2}$, $c ^{ 2}$ and $d ^{ 2}$.

Thm19. Let $n$ be a natural number. Then there exist elements $a$ and $b$ of $\Natural$, such that there exists a natural number $c$, such that there exists an element $d$ of $\Natural$, such that $n$ is equal to the sum of $a ^{ 2}+ b ^{ 2}+ c ^{ 2}$ and the square of $d$.

Thm19. Let $n$ be a natural number. Then there exists an element $a$ of $\Natural$, such that there exist natural numbers $b$ and $c$, such that there exists an element $d$ of $\Natural$, such that $n$ is equal to the sum of $a ^{ 2}+ b ^{ 2}$, $c ^{ 2}$ and $d ^{ 2}$.

Thm19. Let $n$ be a natural number. Then there exists an element $a$ of $\Natural$, such that there exists a natural number $b$, such that there exist elements $c$ and $d$ of $\Natural$, such that $n$ is equal to the sum of $a ^{ 2}+ b ^{ 2}+ c ^{ 2}$ and the square of $d$.

Thm19. Let $n$ be an element of $\Natural$. Then there exist natural numbers $a$ and $b$, such that there exists an element $c$ of $\Natural$, such that there exists a natural number $d$, such that $n$ is equal to the sum of $a ^{ 2}+ b ^{ 2}+ c ^{ 2}$ and the square of $d$.

Thm19. Let $n$ be an element of $\Natural$. Then there exists a natural number $a$, such that there exists an element $b$ of $\Natural$, such that there exist natural numbers $c$ and $d$, such that $n$ is equal to the sum of $a ^{ 2}+ b ^{ 2}+ c ^{ 2}$ and the square of $d$.

Thm19. Let $n$ be a natural number. Then there exists an element $a$ of $\Natural$, such that there exist natural numbers $b$ and $c$, such that there exists an element $d$ of $\Natural$, such that $n$ is equal to the sum of $a ^{ 2}+ b ^{ 2}+ c ^{ 2}$ and the square of $d$.

Thm19. Let $n$ be a natural number. Then there exists a natural number $a$, such that there exist elements $b$ and $c$ of $\Natural$, such that there exists a natural number $d$, such that $n$ is equal to the sum of $a ^{ 2}$, the square of $b$, the square of $c$ and $d ^{ 2}$.

Thm19. Let $n$ be a natural number. Then there exist natural numbers $a$ and $b$, such that there exists an element $c$ of $\Natural$, such that there exists a natural number $d$, such that $n$ is equal to the sum of $a ^{ 2}$, the square of $b$, the square of $c$ and $d ^{ 2}$.

Thm19. Let $n$ be a natural number. Then there exists a natural number $a$, such that there exist elements $b$ and $c$ of $\Natural$, such that there exists a natural number $d$, such that $n$ is equal to the sum of the square of $a$, the square of $b$, $c ^{ 2}$ and $d ^{ 2}$.

Thm19. Let $n$ be a natural number. Then there exists a natural number $a$, such that there exist elements $b$ and $c$ of $\Natural$, such that there exists a natural number $d$, such that $n$ is equal to the sum of the square of $a$, $b ^{ 2}$, the square of $c$ and $d ^{ 2}$.

Thm19. Let $n$ be a natural number. Then there exists a natural number $a$, such that there exist elements $b$ and $c$ of $\Natural$, such that there exists a natural number $d$, such that $n$ is equal to the sum of $a ^{ 2}$, the square of $b$, $c ^{ 2}$ and the square of $d$.

Thm19. Let $n$ be a natural number. Then there exists a natural number $a$, such that there exist elements $b$ and $c$ of $\Natural$, such that there exists a natural number $d$, such that $n$ is equal to the sum of $a ^{ 2}$, $b ^{ 2}$, the square of $c$ and the square of $d$.

Thm19. Let $n$ be a natural number. Then there exists a natural number $a$, such that there exists an element $b$ of $\Natural$, such that there exist natural numbers $c$ and $d$, such that $n$ is equal to the sum of $a ^{ 2}$, the square of $b$, the square of $c$ and $d ^{ 2}$.

Thm19. Let $n$ be an element of $\Natural$. Then there exists a natural number $a$, such that there exist elements $b$ and $c$ of $\Natural$, such that there exists a natural number $d$, such that $n$ is equal to the sum of $a ^{ 2}+ b ^{ 2}$, the square of $c$ and $d ^{ 2}$.

Thm19. Let $n$ be an element of $\Natural$. Then there exists a natural number $a$, such that there exist elements $b$ and $c$ of $\Natural$, such that there exists a natural number $d$, such that $n$ is equal to the sum of $a ^{ 2}$, $b ^{ 2}$, $c ^{ 2}$ and $d ^{ 2}$.

Thm19. Let $n$ be a natural number. Then there exist elements $a$ and $b$ of $\Natural$, such that there exists a natural number $c$, such that there exists an element $d$ of $\Natural$, such that $n$ is equal to the sum of $a ^{ 2}+ b ^{ 2}$, the square of $c$ and $d ^{ 2}$.

Thm19. Let $n$ be a natural number. Then there exist elements $a$ and $b$ of $\Natural$, such that there exists a natural number $c$, such that there exists an element $d$ of $\Natural$, such that $n$ is equal to the sum of $a ^{ 2}$, $b ^{ 2}$, $c ^{ 2}$ and $d ^{ 2}$.

Thm19. Let $n$ be a natural number. Then there exists an element $a$ of $\Natural$, such that there exists a natural number $b$, such that there exist elements $c$ and $d$ of $\Natural$, such that $n$ is equal to the sum of $a ^{ 2}+ b ^{ 2}$, the square of $c$ and $d ^{ 2}$.

Thm19. Let $n$ be a natural number. Then there exists an element $a$ of $\Natural$, such that there exists a natural number $b$, such that there exist elements $c$ and $d$ of $\Natural$, such that $n$ is equal to the sum of $a ^{ 2}$, $b ^{ 2}$, $c ^{ 2}$ and $d ^{ 2}$.

Thm19. Let $n$ be a natural number. Then there exist natural numbers $a$ and $b$, such that there exists an element $c$ of $\Natural$, such that there exists a natural number $d$, such that $n$ is equal to the sum of the square of $a$, the square of $b$, $c ^{ 2}$ and $d ^{ 2}$.

Thm19. Let $n$ be a natural number. Then there exist natural numbers $a$ and $b$, such that there exists an element $c$ of $\Natural$, such that there exists a natural number $d$, such that $n$ is equal to the sum of the square of $a$, $b ^{ 2}$, the square of $c$ and $d ^{ 2}$.

Thm19. Let $n$ be a natural number. Then there exist natural numbers $a$ and $b$, such that there exists an element $c$ of $\Natural$, such that there exists a natural number $d$, such that $n$ is equal to the sum of $a ^{ 2}$, the square of $b$, $c ^{ 2}$ and the square of $d$.

Thm19. Let $n$ be a natural number. Then there exist natural numbers $a$ and $b$, such that there exists an element $c$ of $\Natural$, such that there exists a natural number $d$, such that $n$ is equal to the sum of $a ^{ 2}$, $b ^{ 2}$, the square of $c$ and the square of $d$.

Thm19. Let $n$ be a natural number. Then there exists a natural number $a$, such that there exist elements $b$ and $c$ of $\Natural$, such that there exists a natural number $d$, such that $n$ is equal to the sum of the square of $a$, $b ^{ 2}$, $c ^{ 2}$ and the square of $d$.

Thm19. Let $n$ be a natural number. Then there exists a natural number $a$, such that there exists an element $b$ of $\Natural$, such that there exist natural numbers $c$ and $d$, such that $n$ is equal to the sum of the square of $a$, the square of $b$, $c ^{ 2}$ and $d ^{ 2}$.

Thm19. Let $n$ be a natural number. Then there exists a natural number $a$, such that there exists an element $b$ of $\Natural$, such that there exist natural numbers $c$ and $d$, such that $n$ is equal to the sum of the square of $a$, $b ^{ 2}$, the square of $c$ and $d ^{ 2}$.

Thm19. Let $n$ be a natural number. Then there exists a natural number $a$, such that there exists an element $b$ of $\Natural$, such that there exist natural numbers $c$ and $d$, such that $n$ is equal to the sum of $a ^{ 2}$, the square of $b$, $c ^{ 2}$ and the square of $d$.

Thm19. Let $n$ be a natural number. Then there exists a natural number $a$, such that there exists an element $b$ of $\Natural$, such that there exist natural numbers $c$ and $d$, such that $n$ is equal to the sum of $a ^{ 2}$, $b ^{ 2}$, the square of $c$ and the square of $d$.

Thm19. Let $n$ be an element of $\Natural$. Then there exist natural numbers $a$ and $b$, such that there exists an element $c$ of $\Natural$, such that there exists a natural number $d$, such that $n$ is equal to the sum of $a ^{ 2}+ b ^{ 2}$, the square of $c$ and $d ^{ 2}$.

Thm19. Let $n$ be an element of $\Natural$. Then there exist natural numbers $a$ and $b$, such that there exists an element $c$ of $\Natural$, such that there exists a natural number $d$, such that $n$ is equal to the sum of $a ^{ 2}$, $b ^{ 2}$, $c ^{ 2}$ and $d ^{ 2}$.

Thm19. Let $n$ be an element of $\Natural$. Then there exists a natural number $a$, such that there exist elements $b$ and $c$ of $\Natural$, such that there exists a natural number $d$, such that $n$ is equal to the sum of $a ^{ 2}+ b ^{ 2}$, $c ^{ 2}$ and the square of $d$.

Thm19. Let $n$ be an element of $\Natural$. Then there exists a natural number $a$, such that there exists an element $b$ of $\Natural$, such that there exist natural numbers $c$ and $d$, such that $n$ is equal to the sum of $a ^{ 2}+ b ^{ 2}$, the square of $c$ and $d ^{ 2}$.

Thm19. Let $n$ be an element of $\Natural$. Then there exists a natural number $a$, such that there exists an element $b$ of $\Natural$, such that there exist natural numbers $c$ and $d$, such that $n$ is equal to the sum of $a ^{ 2}$, $b ^{ 2}$, $c ^{ 2}$ and $d ^{ 2}$.

Thm19. Let $n$ be a natural number. Then there exist elements $a$ and $b$ of $\Natural$, such that there exists a natural number $c$, such that there exists an element $d$ of $\Natural$, such that $n$ is equal to the sum of $a ^{ 2}+ b ^{ 2}$, $c ^{ 2}$ and the square of $d$.

Thm19. Let $n$ be a natural number. Then there exists an element $a$ of $\Natural$, such that there exist natural numbers $b$ and $c$, such that there exists an element $d$ of $\Natural$, such that $n$ is equal to the sum of $a ^{ 2}+ b ^{ 2}$, the square of $c$ and $d ^{ 2}$.

Thm19. Let $n$ be a natural number. Then there exists an element $a$ of $\Natural$, such that there exist natural numbers $b$ and $c$, such that there exists an element $d$ of $\Natural$, such that $n$ is equal to the sum of $a ^{ 2}$, $b ^{ 2}$, $c ^{ 2}$ and $d ^{ 2}$.

Thm19. Let $n$ be a natural number. Then there exists an element $a$ of $\Natural$, such that there exists a natural number $b$, such that there exist elements $c$ and $d$ of $\Natural$, such that $n$ is equal to the sum of $a ^{ 2}+ b ^{ 2}$, $c ^{ 2}$ and the square of $d$.

Thm19. Let $n$ be a natural number. Then there exist natural numbers $a$ and $b$, such that there exists an element $c$ of $\Natural$, such that there exists a natural number $d$, such that $n$ is equal to the sum of the square of $a$, $b ^{ 2}$, $c ^{ 2}$ and the square of $d$.

Thm19. Let $n$ be a natural number. Then there exists a natural number $a$, such that there exists an element $b$ of $\Natural$, such that there exist natural numbers $c$ and $d$, such that $n$ is equal to the sum of the square of $a$, $b ^{ 2}$, $c ^{ 2}$ and the square of $d$.

Thm19. Let $n$ be an element of $\Natural$. Then there exist elements $a$ and $b$ of $\Natural$, such that there exists a natural number $c$, such that there exists an element $d$ of $\Natural$, such that $n$ is equal to the sum of $a ^{ 2}+ b ^{ 2}+ c ^{ 2}$ and $d ^{ 2}$.

Thm19. Let $n$ be an element of $\Natural$. Then there exists an element $a$ of $\Natural$, such that there exists a natural number $b$, such that there exist elements $c$ and $d$ of $\Natural$, such that $n$ is equal to the sum of $a ^{ 2}+ b ^{ 2}+ c ^{ 2}$ and $d ^{ 2}$.

Thm19. Let $n$ be an element of $\Natural$. Then there exist natural numbers $a$ and $b$, such that there exists an element $c$ of $\Natural$, such that there exists a natural number $d$, such that $n$ is equal to the sum of $a ^{ 2}+ b ^{ 2}$, $c ^{ 2}$ and the square of $d$.

Thm19. Let $n$ be an element of $\Natural$. Then there exists a natural number $a$, such that there exists an element $b$ of $\Natural$, such that there exist natural numbers $c$ and $d$, such that $n$ is equal to the sum of $a ^{ 2}+ b ^{ 2}$, $c ^{ 2}$ and the square of $d$.

Thm19. Let $n$ be a natural number. Then there exists an element $a$ of $\Natural$, such that there exist natural numbers $b$ and $c$, such that there exists an element $d$ of $\Natural$, such that $n$ is equal to the sum of $a ^{ 2}+ b ^{ 2}$, $c ^{ 2}$ and the square of $d$.

Thm19. Let $n$ be an element of $\Natural$. Then there exists an element $a$ of $\Natural$, such that there exist natural numbers $b$ and $c$, such that there exists an element $d$ of $\Natural$, such that $n$ is equal to the sum of $a ^{ 2}+ b ^{ 2}+ c ^{ 2}$ and $d ^{ 2}$.

Thm19. Let $n$ be a natural number. Then there exists an element $a$ of $\Natural$, such that there exists a natural number $b$, such that there exists an element $c$ of $\Natural$, such that there exists a natural number $d$, such that $n = a ^{ 2}+ b ^{ 2}+ c ^{ 2}+ d ^{ 2}$.

Thm19. Let $n$ be a natural number. Then there exists a natural number $a$, such that there exist elements $b$ and $c$ of $\Natural$, such that there exists a natural number $d$, such that $n$ is equal to the sum of the square of $a$, the square of $b$, the square of $c$ and $d ^{ 2}$.

Thm19. Let $n$ be a natural number. Then there exists a natural number $a$, such that there exist elements $b$ and $c$ of $\Natural$, such that there exists a natural number $d$, such that $n$ is equal to the sum of $a ^{ 2}$, the square of $b$, the square of $c$ and the square of $d$.

Thm19. Let $n$ be a natural number. Then there exists a natural number $a$, such that there exists an element $b$ of $\Natural$, such that there exists a natural number $c$, such that there exists an element $d$ of $\Natural$, such that $n = a ^{ 2}+ b ^{ 2}+ c ^{ 2}+ d ^{ 2}$.

Thm19. Let $n$ be an element of $\Natural$. Then there exists a natural number $a$, such that there exist elements $b$ and $c$ of $\Natural$, such that there exists a natural number $d$, such that $n$ is equal to the sum of $a ^{ 2}$, the square of $b$, $c ^{ 2}$ and $d ^{ 2}$.

Thm19. Let $n$ be an element of $\Natural$. Then there exists a natural number $a$, such that there exist elements $b$ and $c$ of $\Natural$, such that there exists a natural number $d$, such that $n$ is equal to the sum of $a ^{ 2}$, $b ^{ 2}$, the square of $c$ and $d ^{ 2}$.

Thm19. Let $n$ be a natural number. Then there exist elements $a$ and $b$ of $\Natural$, such that there exists a natural number $c$, such that there exists an element $d$ of $\Natural$, such that $n$ is equal to the sum of $a ^{ 2}$, the square of $b$, $c ^{ 2}$ and $d ^{ 2}$.

Thm19. Let $n$ be a natural number. Then there exist elements $a$ and $b$ of $\Natural$, such that there exists a natural number $c$, such that there exists an element $d$ of $\Natural$, such that $n$ is equal to the sum of $a ^{ 2}$, $b ^{ 2}$, the square of $c$ and $d ^{ 2}$.

Thm19. Let $n$ be a natural number. Then there exists an element $a$ of $\Natural$, such that there exists a natural number $b$, such that there exist elements $c$ and $d$ of $\Natural$, such that $n$ is equal to the sum of $a ^{ 2}$, the square of $b$, $c ^{ 2}$ and $d ^{ 2}$.

Thm19. Let $n$ be a natural number. Then there exists an element $a$ of $\Natural$, such that there exists a natural number $b$, such that there exist elements $c$ and $d$ of $\Natural$, such that $n$ is equal to the sum of $a ^{ 2}$, $b ^{ 2}$, the square of $c$ and $d ^{ 2}$.

Thm19. Let $n$ be a natural number. Then there exist natural numbers $a$ and $b$, such that there exists an element $c$ of $\Natural$, such that there exists a natural number $d$, such that $n$ is equal to the sum of the square of $a$, the square of $b$, the square of $c$ and $d ^{ 2}$.

Thm19. Let $n$ be a natural number. Then there exist natural numbers $a$ and $b$, such that there exists an element $c$ of $\Natural$, such that there exists a natural number $d$, such that $n$ is equal to the sum of $a ^{ 2}$, the square of $b$, the square of $c$ and the square of $d$.

Thm19. Let $n$ be a natural number. Then there exists a natural number $a$, such that there exist elements $b$ and $c$ of $\Natural$, such that there exists a natural number $d$, such that $n$ is equal to the sum of the square of $a$, the square of $b$, $c ^{ 2}$ and the square of $d$.

Thm19. Let $n$ be a natural number. Then there exists a natural number $a$, such that there exist elements $b$ and $c$ of $\Natural$, such that there exists a natural number $d$, such that $n$ is equal to the sum of the square of $a$, $b ^{ 2}$, the square of $c$ and the square of $d$.

Thm19. Let $n$ be a natural number. Then there exists a natural number $a$, such that there exists an element $b$ of $\Natural$, such that there exist natural numbers $c$ and $d$, such that $n$ is equal to the sum of the square of $a$, the square of $b$, the square of $c$ and $d ^{ 2}$.

Thm19. Let $n$ be a natural number. Then there exists a natural number $a$, such that there exists an element $b$ of $\Natural$, such that there exist natural numbers $c$ and $d$, such that $n$ is equal to the sum of $a ^{ 2}$, the square of $b$, the square of $c$ and the square of $d$.

Thm19. Let $n$ be an element of $\Natural$. Then there exist natural numbers $a$ and $b$, such that there exists an element $c$ of $\Natural$, such that there exists a natural number $d$, such that $n$ is equal to the sum of $a ^{ 2}$, the square of $b$, $c ^{ 2}$ and $d ^{ 2}$.

Thm19. Let $n$ be an element of $\Natural$. Then there exist natural numbers $a$ and $b$, such that there exists an element $c$ of $\Natural$, such that there exists a natural number $d$, such that $n$ is equal to the sum of $a ^{ 2}$, $b ^{ 2}$, the square of $c$ and $d ^{ 2}$.

Thm19. Let $n$ be an element of $\Natural$. Then there exists a natural number $a$, such that there exist elements $b$ and $c$ of $\Natural$, such that there exists a natural number $d$, such that $n$ is equal to the sum of the square of $a$, $b ^{ 2}$, $c ^{ 2}$ and $d ^{ 2}$.

Thm19. Let $n$ be an element of $\Natural$. Then there exists a natural number $a$, such that there exist elements $b$ and $c$ of $\Natural$, such that there exists a natural number $d$, such that $n$ is equal to the sum of $a ^{ 2}+ b ^{ 2}$, the square of $c$ and the square of $d$.

Thm19. Let $n$ be an element of $\Natural$. Then there exists a natural number $a$, such that there exist elements $b$ and $c$ of $\Natural$, such that there exists a natural number $d$, such that $n$ is equal to the sum of $a ^{ 2}$, $b ^{ 2}$, $c ^{ 2}$ and the square of $d$.

Thm19. Let $n$ be an element of $\Natural$. Then there exists a natural number $a$, such that there exists an element $b$ of $\Natural$, such that there exist natural numbers $c$ and $d$, such that $n$ is equal to the sum of $a ^{ 2}$, the square of $b$, $c ^{ 2}$ and $d ^{ 2}$.

Thm19. Let $n$ be an element of $\Natural$. Then there exists a natural number $a$, such that there exists an element $b$ of $\Natural$, such that there exist natural numbers $c$ and $d$, such that $n$ is equal to the sum of $a ^{ 2}$, $b ^{ 2}$, the square of $c$ and $d ^{ 2}$.

Thm19. Let $n$ be a natural number. Then there exist elements $a$ and $b$ of $\Natural$, such that there exists a natural number $c$, such that there exists an element $d$ of $\Natural$, such that $n$ is equal to the sum of the square of $a$, $b ^{ 2}$, $c ^{ 2}$ and $d ^{ 2}$.

Thm19. Let $n$ be a natural number. Then there exist elements $a$ and $b$ of $\Natural$, such that there exists a natural number $c$, such that there exists an element $d$ of $\Natural$, such that $n$ is equal to the sum of $a ^{ 2}+ b ^{ 2}$, the square of $c$ and the square of $d$.

Thm19. Let $n$ be a natural number. Then there exist elements $a$ and $b$ of $\Natural$, such that there exists a natural number $c$, such that there exists an element $d$ of $\Natural$, such that $n$ is equal to the sum of $a ^{ 2}$, $b ^{ 2}$, $c ^{ 2}$ and the square of $d$.

Thm19. Let $n$ be a natural number. Then there exists an element $a$ of $\Natural$, such that there exist natural numbers $b$ and $c$, such that there exists an element $d$ of $\Natural$, such that $n$ is equal to the sum of $a ^{ 2}$, the square of $b$, $c ^{ 2}$ and $d ^{ 2}$.

Thm19. Let $n$ be a natural number. Then there exists an element $a$ of $\Natural$, such that there exist natural numbers $b$ and $c$, such that there exists an element $d$ of $\Natural$, such that $n$ is equal to the sum of $a ^{ 2}$, $b ^{ 2}$, the square of $c$ and $d ^{ 2}$.

Thm19. Let $n$ be a natural number. Then there exists an element $a$ of $\Natural$, such that there exists a natural number $b$, such that there exist elements $c$ and $d$ of $\Natural$, such that $n$ is equal to the sum of the square of $a$, $b ^{ 2}$, $c ^{ 2}$ and $d ^{ 2}$.

Thm19. Let $n$ be a natural number. Then there exists an element $a$ of $\Natural$, such that there exists a natural number $b$, such that there exist elements $c$ and $d$ of $\Natural$, such that $n$ is equal to the sum of $a ^{ 2}+ b ^{ 2}$, the square of $c$ and the square of $d$.

Thm19. Let $n$ be a natural number. Then there exists an element $a$ of $\Natural$, such that there exists a natural number $b$, such that there exist elements $c$ and $d$ of $\Natural$, such that $n$ is equal to the sum of $a ^{ 2}$, $b ^{ 2}$, $c ^{ 2}$ and the square of $d$.

Thm19. Let $n$ be a natural number. Then there exist natural numbers $a$ and $b$, such that there exists an element $c$ of $\Natural$, such that there exists a natural number $d$, such that $n$ is equal to the sum of the square of $a$, the square of $b$, $c ^{ 2}$ and the square of $d$.

Thm19. Let $n$ be a natural number. Then there exist natural numbers $a$ and $b$, such that there exists an element $c$ of $\Natural$, such that there exists a natural number $d$, such that $n$ is equal to the sum of the square of $a$, $b ^{ 2}$, the square of $c$ and the square of $d$.

Thm19. Let $n$ be a natural number. Then there exists a natural number $a$, such that there exists an element $b$ of $\Natural$, such that there exist natural numbers $c$ and $d$, such that $n$ is equal to the sum of the square of $a$, the square of $b$, $c ^{ 2}$ and the square of $d$.

Thm19. Let $n$ be a natural number. Then there exists a natural number $a$, such that there exists an element $b$ of $\Natural$, such that there exist natural numbers $c$ and $d$, such that $n$ is equal to the sum of the square of $a$, $b ^{ 2}$, the square of $c$ and the square of $d$.

Thm19. Let $n$ be an element of $\Natural$. Then there exist elements $a$ and $b$ of $\Natural$, such that there exists a natural number $c$, such that there exists an element $d$ of $\Natural$, such that $n$ is equal to the sum of $a ^{ 2}+ b ^{ 2}$, $c ^{ 2}$ and $d ^{ 2}$.

Thm19. Let $n$ be an element of $\Natural$. Then there exists an element $a$ of $\Natural$, such that there exists a natural number $b$, such that there exist elements $c$ and $d$ of $\Natural$, such that $n$ is equal to the sum of $a ^{ 2}+ b ^{ 2}$, $c ^{ 2}$ and $d ^{ 2}$.

Thm19. Let $n$ be an element of $\Natural$. Then there exist natural numbers $a$ and $b$, such that there exists an element $c$ of $\Natural$, such that there exists a natural number $d$, such that $n$ is equal to the sum of the square of $a$, $b ^{ 2}$, $c ^{ 2}$ and $d ^{ 2}$.

Thm19. Let $n$ be an element of $\Natural$. Then there exist natural numbers $a$ and $b$, such that there exists an element $c$ of $\Natural$, such that there exists a natural number $d$, such that $n$ is equal to the sum of $a ^{ 2}+ b ^{ 2}$, the square of $c$ and the square of $d$.

Thm19. Let $n$ be an element of $\Natural$. Then there exist natural numbers $a$ and $b$, such that there exists an element $c$ of $\Natural$, such that there exists a natural number $d$, such that $n$ is equal to the sum of $a ^{ 2}$, $b ^{ 2}$, $c ^{ 2}$ and the square of $d$.

Thm19. Let $n$ be an element of $\Natural$. Then there exists a natural number $a$, such that there exists an element $b$ of $\Natural$, such that there exist natural numbers $c$ and $d$, such that $n$ is equal to the sum of the square of $a$, $b ^{ 2}$, $c ^{ 2}$ and $d ^{ 2}$.

Thm19. Let $n$ be an element of $\Natural$. Then there exists a natural number $a$, such that there exists an element $b$ of $\Natural$, such that there exist natural numbers $c$ and $d$, such that $n$ is equal to the sum of $a ^{ 2}+ b ^{ 2}$, the square of $c$ and the square of $d$.

Thm19. Let $n$ be an element of $\Natural$. Then there exists a natural number $a$, such that there exists an element $b$ of $\Natural$, such that there exist natural numbers $c$ and $d$, such that $n$ is equal to the sum of $a ^{ 2}$, $b ^{ 2}$, $c ^{ 2}$ and the square of $d$.

Thm19. Let $n$ be a natural number. Then there exists an element $a$ of $\Natural$, such that there exist natural numbers $b$ and $c$, such that there exists an element $d$ of $\Natural$, such that $n$ is equal to the sum of the square of $a$, $b ^{ 2}$, $c ^{ 2}$ and $d ^{ 2}$.

Thm19. Let $n$ be a natural number. Then there exists an element $a$ of $\Natural$, such that there exist natural numbers $b$ and $c$, such that there exists an element $d$ of $\Natural$, such that $n$ is equal to the sum of $a ^{ 2}+ b ^{ 2}$, the square of $c$ and the square of $d$.

Thm19. Let $n$ be a natural number. Then there exists an element $a$ of $\Natural$, such that there exist natural numbers $b$ and $c$, such that there exists an element $d$ of $\Natural$, such that $n$ is equal to the sum of $a ^{ 2}$, $b ^{ 2}$, $c ^{ 2}$ and the square of $d$.

Thm19. Let $n$ be an element of $\Natural$. Then there exist elements $a$ and $b$ of $\Natural$, such that there exists a natural number $c$, such that there exists an element $d$ of $\Natural$, such that $n$ is equal to the sum of $a ^{ 2}+ b ^{ 2}+ c ^{ 2}$ and the square of $d$.

Thm19. Let $n$ be an element of $\Natural$. Then there exists an element $a$ of $\Natural$, such that there exist natural numbers $b$ and $c$, such that there exists an element $d$ of $\Natural$, such that $n$ is equal to the sum of $a ^{ 2}+ b ^{ 2}$, $c ^{ 2}$ and $d ^{ 2}$.

Thm19. Let $n$ be an element of $\Natural$. Then there exists an element $a$ of $\Natural$, such that there exists a natural number $b$, such that there exist elements $c$ and $d$ of $\Natural$, such that $n$ is equal to the sum of $a ^{ 2}+ b ^{ 2}+ c ^{ 2}$ and the square of $d$.

Thm19. Let $n$ be an element of $\Natural$. Then there exists an element $a$ of $\Natural$, such that there exist natural numbers $b$ and $c$, such that there exists an element $d$ of $\Natural$, such that $n$ is equal to the sum of $a ^{ 2}+ b ^{ 2}+ c ^{ 2}$ and the square of $d$.

Thm19. Let $n$ be an element of $\Natural$. Then there exists a natural number $a$, such that there exist elements $b$ and $c$ of $\Natural$, such that there exists a natural number $d$, such that $n$ is equal to the sum of $a ^{ 2}$, the square of $b$, the square of $c$ and $d ^{ 2}$.

Thm19. Let $n$ be a natural number. Then there exist elements $a$ and $b$ of $\Natural$, such that there exists a natural number $c$, such that there exists an element $d$ of $\Natural$, such that $n$ is equal to the sum of $a ^{ 2}$, the square of $b$, the square of $c$ and $d ^{ 2}$.

Thm19. Let $n$ be a natural number. Then there exists an element $a$ of $\Natural$, such that there exists a natural number $b$, such that there exist elements $c$ and $d$ of $\Natural$, such that $n$ is equal to the sum of $a ^{ 2}$, the square of $b$, the square of $c$ and $d ^{ 2}$.

Thm19. Let $n$ be a natural number. Then there exists a natural number $a$, such that there exist elements $b$ and $c$ of $\Natural$, such that there exists a natural number $d$, such that $n$ is equal to the sum of the square of $a$, the square of $b$, the square of $c$ and the square of $d$.

Thm19. Let $n$ be an element of $\Natural$. Then there exist natural numbers $a$ and $b$, such that there exists an element $c$ of $\Natural$, such that there exists a natural number $d$, such that $n$ is equal to the sum of $a ^{ 2}$, the square of $b$, the square of $c$ and $d ^{ 2}$.

Thm19. Let $n$ be an element of $\Natural$. Then there exists a natural number $a$, such that there exist elements $b$ and $c$ of $\Natural$, such that there exists a natural number $d$, such that $n$ is equal to the sum of the square of $a$, the square of $b$, $c ^{ 2}$ and $d ^{ 2}$.

Thm19. Let $n$ be an element of $\Natural$. Then there exists a natural number $a$, such that there exist elements $b$ and $c$ of $\Natural$, such that there exists a natural number $d$, such that $n$ is equal to the sum of the square of $a$, $b ^{ 2}$, the square of $c$ and $d ^{ 2}$.

Thm19. Let $n$ be an element of $\Natural$. Then there exists a natural number $a$, such that there exist elements $b$ and $c$ of $\Natural$, such that there exists a natural number $d$, such that $n$ is equal to the sum of $a ^{ 2}$, the square of $b$, $c ^{ 2}$ and the square of $d$.

Thm19. Let $n$ be an element of $\Natural$. Then there exists a natural number $a$, such that there exist elements $b$ and $c$ of $\Natural$, such that there exists a natural number $d$, such that $n$ is equal to the sum of $a ^{ 2}$, $b ^{ 2}$, the square of $c$ and the square of $d$.

Thm19. Let $n$ be an element of $\Natural$. Then there exists a natural number $a$, such that there exists an element $b$ of $\Natural$, such that there exist natural numbers $c$ and $d$, such that $n$ is equal to the sum of $a ^{ 2}$, the square of $b$, the square of $c$ and $d ^{ 2}$.

Thm19. Let $n$ be a natural number. Then there exist elements $a$ and $b$ of $\Natural$, such that there exists a natural number $c$, such that there exists an element $d$ of $\Natural$, such that $n$ is equal to the sum of the square of $a$, the square of $b$, $c ^{ 2}$ and $d ^{ 2}$.

Thm19. Let $n$ be a natural number. Then there exist elements $a$ and $b$ of $\Natural$, such that there exists a natural number $c$, such that there exists an element $d$ of $\Natural$, such that $n$ is equal to the sum of the square of $a$, $b ^{ 2}$, the square of $c$ and $d ^{ 2}$.

Thm19. Let $n$ be a natural number. Then there exist elements $a$ and $b$ of $\Natural$, such that there exists a natural number $c$, such that there exists an element $d$ of $\Natural$, such that $n$ is equal to the sum of $a ^{ 2}$, the square of $b$, $c ^{ 2}$ and the square of $d$.

Thm19. Let $n$ be a natural number. Then there exist elements $a$ and $b$ of $\Natural$, such that there exists a natural number $c$, such that there exists an element $d$ of $\Natural$, such that $n$ is equal to the sum of $a ^{ 2}$, $b ^{ 2}$, the square of $c$ and the square of $d$.

Thm19. Let $n$ be a natural number. Then there exists an element $a$ of $\Natural$, such that there exist natural numbers $b$ and $c$, such that there exists an element $d$ of $\Natural$, such that $n$ is equal to the sum of $a ^{ 2}$, the square of $b$, the square of $c$ and $d ^{ 2}$.

Thm19. Let $n$ be a natural number. Then there exists an element $a$ of $\Natural$, such that there exists a natural number $b$, such that there exist elements $c$ and $d$ of $\Natural$, such that $n$ is equal to the sum of the square of $a$, the square of $b$, $c ^{ 2}$ and $d ^{ 2}$.

Thm19. Let $n$ be a natural number. Then there exists an element $a$ of $\Natural$, such that there exists a natural number $b$, such that there exist elements $c$ and $d$ of $\Natural$, such that $n$ is equal to the sum of the square of $a$, $b ^{ 2}$, the square of $c$ and $d ^{ 2}$.

Thm19. Let $n$ be a natural number. Then there exists an element $a$ of $\Natural$, such that there exists a natural number $b$, such that there exist elements $c$ and $d$ of $\Natural$, such that $n$ is equal to the sum of $a ^{ 2}$, the square of $b$, $c ^{ 2}$ and the square of $d$.

Thm19. Let $n$ be a natural number. Then there exists an element $a$ of $\Natural$, such that there exists a natural number $b$, such that there exist elements $c$ and $d$ of $\Natural$, such that $n$ is equal to the sum of $a ^{ 2}$, $b ^{ 2}$, the square of $c$ and the square of $d$.

Thm19. Let $n$ be a natural number. Then there exist natural numbers $a$ and $b$, such that there exists an element $c$ of $\Natural$, such that there exists a natural number $d$, such that $n$ is equal to the sum of the square of $a$, the square of $b$, the square of $c$ and the square of $d$.

Thm19. Let $n$ be a natural number. Then there exists a natural number $a$, such that there exists an element $b$ of $\Natural$, such that there exist natural numbers $c$ and $d$, such that $n$ is equal to the sum of the square of $a$, the square of $b$, the square of $c$ and the square of $d$.

Thm19. Let $n$ be an element of $\Natural$. Then there exist elements $a$ and $b$ of $\Natural$, such that there exists a natural number $c$, such that there exists an element $d$ of $\Natural$, such that $n$ is equal to the sum of $a ^{ 2}+ b ^{ 2}$, the square of $c$ and $d ^{ 2}$.

Thm19. Let $n$ be an element of $\Natural$. Then there exist elements $a$ and $b$ of $\Natural$, such that there exists a natural number $c$, such that there exists an element $d$ of $\Natural$, such that $n$ is equal to the sum of $a ^{ 2}$, $b ^{ 2}$, $c ^{ 2}$ and $d ^{ 2}$.

Thm19. Let $n$ be an element of $\Natural$. Then there exists an element $a$ of $\Natural$, such that there exists a natural number $b$, such that there exist elements $c$ and $d$ of $\Natural$, such that $n$ is equal to the sum of $a ^{ 2}+ b ^{ 2}$, the square of $c$ and $d ^{ 2}$.

Thm19. Let $n$ be an element of $\Natural$. Then there exists an element $a$ of $\Natural$, such that there exists a natural number $b$, such that there exist elements $c$ and $d$ of $\Natural$, such that $n$ is equal to the sum of $a ^{ 2}$, $b ^{ 2}$, $c ^{ 2}$ and $d ^{ 2}$.

Thm19. Let $n$ be an element of $\Natural$. Then there exist natural numbers $a$ and $b$, such that there exists an element $c$ of $\Natural$, such that there exists a natural number $d$, such that $n$ is equal to the sum of the square of $a$, the square of $b$, $c ^{ 2}$ and $d ^{ 2}$.

Thm19. Let $n$ be an element of $\Natural$. Then there exist natural numbers $a$ and $b$, such that there exists an element $c$ of $\Natural$, such that there exists a natural number $d$, such that $n$ is equal to the sum of the square of $a$, $b ^{ 2}$, the square of $c$ and $d ^{ 2}$.

Thm19. Let $n$ be an element of $\Natural$. Then there exist natural numbers $a$ and $b$, such that there exists an element $c$ of $\Natural$, such that there exists a natural number $d$, such that $n$ is equal to the sum of $a ^{ 2}$, the square of $b$, $c ^{ 2}$ and the square of $d$.

Thm19. Let $n$ be an element of $\Natural$. Then there exist natural numbers $a$ and $b$, such that there exists an element $c$ of $\Natural$, such that there exists a natural number $d$, such that $n$ is equal to the sum of $a ^{ 2}$, $b ^{ 2}$, the square of $c$ and the square of $d$.

Thm19. Let $n$ be an element of $\Natural$. Then there exists a natural number $a$, such that there exist elements $b$ and $c$ of $\Natural$, such that there exists a natural number $d$, such that $n$ is equal to the sum of the square of $a$, $b ^{ 2}$, $c ^{ 2}$ and the square of $d$.

Thm19. Let $n$ be an element of $\Natural$. Then there exists a natural number $a$, such that there exists an element $b$ of $\Natural$, such that there exist natural numbers $c$ and $d$, such that $n$ is equal to the sum of the square of $a$, the square of $b$, $c ^{ 2}$ and $d ^{ 2}$.

Thm19. Let $n$ be an element of $\Natural$. Then there exists a natural number $a$, such that there exists an element $b$ of $\Natural$, such that there exist natural numbers $c$ and $d$, such that $n$ is equal to the sum of the square of $a$, $b ^{ 2}$, the square of $c$ and $d ^{ 2}$.

Thm19. Let $n$ be an element of $\Natural$. Then there exists a natural number $a$, such that there exists an element $b$ of $\Natural$, such that there exist natural numbers $c$ and $d$, such that $n$ is equal to the sum of $a ^{ 2}$, the square of $b$, $c ^{ 2}$ and the square of $d$.

Thm19. Let $n$ be an element of $\Natural$. Then there exists a natural number $a$, such that there exists an element $b$ of $\Natural$, such that there exist natural numbers $c$ and $d$, such that $n$ is equal to the sum of $a ^{ 2}$, $b ^{ 2}$, the square of $c$ and the square of $d$.

Thm19. Let $n$ be a natural number. Then there exist elements $a$ and $b$ of $\Natural$, such that there exists a natural number $c$, such that there exists an element $d$ of $\Natural$, such that $n$ is equal to the sum of the square of $a$, $b ^{ 2}$, $c ^{ 2}$ and the square of $d$.

Thm19. Let $n$ be a natural number. Then there exists an element $a$ of $\Natural$, such that there exist natural numbers $b$ and $c$, such that there exists an element $d$ of $\Natural$, such that $n$ is equal to the sum of the square of $a$, the square of $b$, $c ^{ 2}$ and $d ^{ 2}$.

Thm19. Let $n$ be a natural number. Then there exists an element $a$ of $\Natural$, such that there exist natural numbers $b$ and $c$, such that there exists an element $d$ of $\Natural$, such that $n$ is equal to the sum of the square of $a$, $b ^{ 2}$, the square of $c$ and $d ^{ 2}$.

Thm19. Let $n$ be a natural number. Then there exists an element $a$ of $\Natural$, such that there exist natural numbers $b$ and $c$, such that there exists an element $d$ of $\Natural$, such that $n$ is equal to the sum of $a ^{ 2}$, the square of $b$, $c ^{ 2}$ and the square of $d$.

Thm19. Let $n$ be a natural number. Then there exists an element $a$ of $\Natural$, such that there exist natural numbers $b$ and $c$, such that there exists an element $d$ of $\Natural$, such that $n$ is equal to the sum of $a ^{ 2}$, $b ^{ 2}$, the square of $c$ and the square of $d$.

Thm19. Let $n$ be a natural number. Then there exists an element $a$ of $\Natural$, such that there exists a natural number $b$, such that there exist elements $c$ and $d$ of $\Natural$, such that $n$ is equal to the sum of the square of $a$, $b ^{ 2}$, $c ^{ 2}$ and the square of $d$.

Thm19. Let $n$ be an element of $\Natural$. Then there exist elements $a$ and $b$ of $\Natural$, such that there exists a natural number $c$, such that there exists an element $d$ of $\Natural$, such that $n$ is equal to the sum of $a ^{ 2}+ b ^{ 2}$, $c ^{ 2}$ and the square of $d$.

Thm19. Let $n$ be an element of $\Natural$. Then there exists an element $a$ of $\Natural$, such that there exist natural numbers $b$ and $c$, such that there exists an element $d$ of $\Natural$, such that $n$ is equal to the sum of $a ^{ 2}+ b ^{ 2}$, the square of $c$ and $d ^{ 2}$.

Thm19. Let $n$ be an element of $\Natural$. Then there exists an element $a$ of $\Natural$, such that there exist natural numbers $b$ and $c$, such that there exists an element $d$ of $\Natural$, such that $n$ is equal to the sum of $a ^{ 2}$, $b ^{ 2}$, $c ^{ 2}$ and $d ^{ 2}$.

Thm19. Let $n$ be an element of $\Natural$. Then there exists an element $a$ of $\Natural$, such that there exists a natural number $b$, such that there exist elements $c$ and $d$ of $\Natural$, such that $n$ is equal to the sum of $a ^{ 2}+ b ^{ 2}$, $c ^{ 2}$ and the square of $d$.

Thm19. Let $n$ be an element of $\Natural$. Then there exist natural numbers $a$ and $b$, such that there exists an element $c$ of $\Natural$, such that there exists a natural number $d$, such that $n$ is equal to the sum of the square of $a$, $b ^{ 2}$, $c ^{ 2}$ and the square of $d$.

Thm19. Let $n$ be an element of $\Natural$. Then there exists a natural number $a$, such that there exists an element $b$ of $\Natural$, such that there exist natural numbers $c$ and $d$, such that $n$ is equal to the sum of the square of $a$, $b ^{ 2}$, $c ^{ 2}$ and the square of $d$.

Thm19. Let $n$ be a natural number. Then there exists an element $a$ of $\Natural$, such that there exist natural numbers $b$ and $c$, such that there exists an element $d$ of $\Natural$, such that $n$ is equal to the sum of the square of $a$, $b ^{ 2}$, $c ^{ 2}$ and the square of $d$.

Thm19. Let $n$ be an element of $\Natural$. Then there exists an element $a$ of $\Natural$, such that there exist natural numbers $b$ and $c$, such that there exists an element $d$ of $\Natural$, such that $n$ is equal to the sum of $a ^{ 2}+ b ^{ 2}$, $c ^{ 2}$ and the square of $d$.

Thm19. Let $n$ be an element of $\Natural$. Then there exists an element $a$ of $\Natural$, such that there exists a natural number $b$, such that there exists an element $c$ of $\Natural$, such that there exists a natural number $d$, such that $n = a ^{ 2}+ b ^{ 2}+ c ^{ 2}+ d ^{ 2}$.

Thm19. Let $n$ be an element of $\Natural$. Then there exists a natural number $a$, such that there exist elements $b$ and $c$ of $\Natural$, such that there exists a natural number $d$, such that $n$ is equal to the sum of the square of $a$, the square of $b$, the square of $c$ and $d ^{ 2}$.

Thm19. Let $n$ be an element of $\Natural$. Then there exists a natural number $a$, such that there exist elements $b$ and $c$ of $\Natural$, such that there exists a natural number $d$, such that $n$ is equal to the sum of $a ^{ 2}$, the square of $b$, the square of $c$ and the square of $d$.

Thm19. Let $n$ be an element of $\Natural$. Then there exists a natural number $a$, such that there exists an element $b$ of $\Natural$, such that there exists a natural number $c$, such that there exists an element $d$ of $\Natural$, such that $n = a ^{ 2}+ b ^{ 2}+ c ^{ 2}+ d ^{ 2}$.

Thm19. Let $n$ be a natural number. Then there exist elements $a$ and $b$ of $\Natural$, such that there exists a natural number $c$, such that there exists an element $d$ of $\Natural$, such that $n$ is equal to the sum of the square of $a$, the square of $b$, the square of $c$ and $d ^{ 2}$.

Thm19. Let $n$ be a natural number. Then there exist elements $a$ and $b$ of $\Natural$, such that there exists a natural number $c$, such that there exists an element $d$ of $\Natural$, such that $n$ is equal to the sum of $a ^{ 2}$, the square of $b$, the square of $c$ and the square of $d$.

Thm19. Let $n$ be a natural number. Then there exists an element $a$ of $\Natural$, such that there exists a natural number $b$, such that there exist elements $c$ and $d$ of $\Natural$, such that $n$ is equal to the sum of the square of $a$, the square of $b$, the square of $c$ and $d ^{ 2}$.

Thm19. Let $n$ be a natural number. Then there exists an element $a$ of $\Natural$, such that there exists a natural number $b$, such that there exist elements $c$ and $d$ of $\Natural$, such that $n$ is equal to the sum of $a ^{ 2}$, the square of $b$, the square of $c$ and the square of $d$.

Thm19. Let $n$ be an element of $\Natural$. Then there exist elements $a$ and $b$ of $\Natural$, such that there exists a natural number $c$, such that there exists an element $d$ of $\Natural$, such that $n$ is equal to the sum of $a ^{ 2}$, the square of $b$, $c ^{ 2}$ and $d ^{ 2}$.

Thm19. Let $n$ be an element of $\Natural$. Then there exist elements $a$ and $b$ of $\Natural$, such that there exists a natural number $c$, such that there exists an element $d$ of $\Natural$, such that $n$ is equal to the sum of $a ^{ 2}$, $b ^{ 2}$, the square of $c$ and $d ^{ 2}$.

Thm19. Let $n$ be an element of $\Natural$. Then there exists an element $a$ of $\Natural$, such that there exists a natural number $b$, such that there exist elements $c$ and $d$ of $\Natural$, such that $n$ is equal to the sum of $a ^{ 2}$, the square of $b$, $c ^{ 2}$ and $d ^{ 2}$.

Thm19. Let $n$ be an element of $\Natural$. Then there exists an element $a$ of $\Natural$, such that there exists a natural number $b$, such that there exist elements $c$ and $d$ of $\Natural$, such that $n$ is equal to the sum of $a ^{ 2}$, $b ^{ 2}$, the square of $c$ and $d ^{ 2}$.

Thm19. Let $n$ be an element of $\Natural$. Then there exist natural numbers $a$ and $b$, such that there exists an element $c$ of $\Natural$, such that there exists a natural number $d$, such that $n$ is equal to the sum of the square of $a$, the square of $b$, the square of $c$ and $d ^{ 2}$.

Thm19. Let $n$ be an element of $\Natural$. Then there exist natural numbers $a$ and $b$, such that there exists an element $c$ of $\Natural$, such that there exists a natural number $d$, such that $n$ is equal to the sum of $a ^{ 2}$, the square of $b$, the square of $c$ and the square of $d$.

Thm19. Let $n$ be an element of $\Natural$. Then there exists a natural number $a$, such that there exist elements $b$ and $c$ of $\Natural$, such that there exists a natural number $d$, such that $n$ is equal to the sum of the square of $a$, the square of $b$, $c ^{ 2}$ and the square of $d$.

Thm19. Let $n$ be an element of $\Natural$. Then there exists a natural number $a$, such that there exist elements $b$ and $c$ of $\Natural$, such that there exists a natural number $d$, such that $n$ is equal to the sum of the square of $a$, $b ^{ 2}$, the square of $c$ and the square of $d$.

Thm19. Let $n$ be an element of $\Natural$. Then there exists a natural number $a$, such that there exists an element $b$ of $\Natural$, such that there exist natural numbers $c$ and $d$, such that $n$ is equal to the sum of the square of $a$, the square of $b$, the square of $c$ and $d ^{ 2}$.

Thm19. Let $n$ be an element of $\Natural$. Then there exists a natural number $a$, such that there exists an element $b$ of $\Natural$, such that there exist natural numbers $c$ and $d$, such that $n$ is equal to the sum of $a ^{ 2}$, the square of $b$, the square of $c$ and the square of $d$.

Thm19. Let $n$ be a natural number. Then there exist elements $a$ and $b$ of $\Natural$, such that there exists a natural number $c$, such that there exists an element $d$ of $\Natural$, such that $n$ is equal to the sum of the square of $a$, the square of $b$, $c ^{ 2}$ and the square of $d$.

Thm19. Let $n$ be a natural number. Then there exist elements $a$ and $b$ of $\Natural$, such that there exists a natural number $c$, such that there exists an element $d$ of $\Natural$, such that $n$ is equal to the sum of the square of $a$, $b ^{ 2}$, the square of $c$ and the square of $d$.

Thm19. Let $n$ be a natural number. Then there exists an element $a$ of $\Natural$, such that there exist natural numbers $b$ and $c$, such that there exists an element $d$ of $\Natural$, such that $n$ is equal to the sum of the square of $a$, the square of $b$, the square of $c$ and $d ^{ 2}$.

Thm19. Let $n$ be a natural number. Then there exists an element $a$ of $\Natural$, such that there exist natural numbers $b$ and $c$, such that there exists an element $d$ of $\Natural$, such that $n$ is equal to the sum of $a ^{ 2}$, the square of $b$, the square of $c$ and the square of $d$.

Thm19. Let $n$ be a natural number. Then there exists an element $a$ of $\Natural$, such that there exists a natural number $b$, such that there exist elements $c$ and $d$ of $\Natural$, such that $n$ is equal to the sum of the square of $a$, the square of $b$, $c ^{ 2}$ and the square of $d$.

Thm19. Let $n$ be a natural number. Then there exists an element $a$ of $\Natural$, such that there exists a natural number $b$, such that there exist elements $c$ and $d$ of $\Natural$, such that $n$ is equal to the sum of the square of $a$, $b ^{ 2}$, the square of $c$ and the square of $d$.

Thm19. Let $n$ be a natural number. Then there exists an element $a$ of $\Natural$, such that there exists a natural number $b$, such that there exists an element $c$ of $\Natural$, such that there exists a natural number $d$, such that $n$ is equal to $a ^{ 2}+ b ^{ 2}+ c ^{ 2}+ d ^{ 2}$.

Thm19. Let $n$ be a natural number. Then there exists a natural number $a$, such that there exists an element $b$ of $\Natural$, such that there exists a natural number $c$, such that there exists an element $d$ of $\Natural$, such that $n$ is equal to $a ^{ 2}+ b ^{ 2}+ c ^{ 2}+ d ^{ 2}$.

Thm19. Let $n$ be an element of $\Natural$. Then there exist elements $a$ and $b$ of $\Natural$, such that there exists a natural number $c$, such that there exists an element $d$ of $\Natural$, such that $n$ is equal to the sum of the square of $a$, $b ^{ 2}$, $c ^{ 2}$ and $d ^{ 2}$.

Thm19. Let $n$ be an element of $\Natural$. Then there exist elements $a$ and $b$ of $\Natural$, such that there exists a natural number $c$, such that there exists an element $d$ of $\Natural$, such that $n$ is equal to the sum of $a ^{ 2}+ b ^{ 2}$, the square of $c$ and the square of $d$.

Thm19. Let $n$ be an element of $\Natural$. Then there exist elements $a$ and $b$ of $\Natural$, such that there exists a natural number $c$, such that there exists an element $d$ of $\Natural$, such that $n$ is equal to the sum of $a ^{ 2}$, $b ^{ 2}$, $c ^{ 2}$ and the square of $d$.

Thm19. Let $n$ be an element of $\Natural$. Then there exists an element $a$ of $\Natural$, such that there exist natural numbers $b$ and $c$, such that there exists an element $d$ of $\Natural$, such that $n$ is equal to the sum of $a ^{ 2}$, the square of $b$, $c ^{ 2}$ and $d ^{ 2}$.

Thm19. Let $n$ be an element of $\Natural$. Then there exists an element $a$ of $\Natural$, such that there exist natural numbers $b$ and $c$, such that there exists an element $d$ of $\Natural$, such that $n$ is equal to the sum of $a ^{ 2}$, $b ^{ 2}$, the square of $c$ and $d ^{ 2}$.

Thm19. Let $n$ be an element of $\Natural$. Then there exists an element $a$ of $\Natural$, such that there exists a natural number $b$, such that there exist elements $c$ and $d$ of $\Natural$, such that $n$ is equal to the sum of the square of $a$, $b ^{ 2}$, $c ^{ 2}$ and $d ^{ 2}$.

Thm19. Let $n$ be an element of $\Natural$. Then there exists an element $a$ of $\Natural$, such that there exists a natural number $b$, such that there exist elements $c$ and $d$ of $\Natural$, such that $n$ is equal to the sum of $a ^{ 2}+ b ^{ 2}$, the square of $c$ and the square of $d$.

Thm19. Let $n$ be an element of $\Natural$. Then there exists an element $a$ of $\Natural$, such that there exists a natural number $b$, such that there exist elements $c$ and $d$ of $\Natural$, such that $n$ is equal to the sum of $a ^{ 2}$, $b ^{ 2}$, $c ^{ 2}$ and the square of $d$.

Thm19. Let $n$ be an element of $\Natural$. Then there exist natural numbers $a$ and $b$, such that there exists an element $c$ of $\Natural$, such that there exists a natural number $d$, such that $n$ is equal to the sum of the square of $a$, the square of $b$, $c ^{ 2}$ and the square of $d$.

Thm19. Let $n$ be an element of $\Natural$. Then there exist natural numbers $a$ and $b$, such that there exists an element $c$ of $\Natural$, such that there exists a natural number $d$, such that $n$ is equal to the sum of the square of $a$, $b ^{ 2}$, the square of $c$ and the square of $d$.

Thm19. Let $n$ be an element of $\Natural$. Then there exists a natural number $a$, such that there exists an element $b$ of $\Natural$, such that there exist natural numbers $c$ and $d$, such that $n$ is equal to the sum of the square of $a$, the square of $b$, $c ^{ 2}$ and the square of $d$.

Thm19. Let $n$ be an element of $\Natural$. Then there exists a natural number $a$, such that there exists an element $b$ of $\Natural$, such that there exist natural numbers $c$ and $d$, such that $n$ is equal to the sum of the square of $a$, $b ^{ 2}$, the square of $c$ and the square of $d$.

Thm19. Let $n$ be a natural number. Then there exists an element $a$ of $\Natural$, such that there exist natural numbers $b$ and $c$, such that there exists an element $d$ of $\Natural$, such that $n$ is equal to the sum of the square of $a$, the square of $b$, $c ^{ 2}$ and the square of $d$.

Thm19. Let $n$ be a natural number. Then there exists an element $a$ of $\Natural$, such that there exist natural numbers $b$ and $c$, such that there exists an element $d$ of $\Natural$, such that $n$ is equal to the sum of the square of $a$, $b ^{ 2}$, the square of $c$ and the square of $d$.

Thm19. Let $n$ be an element of $\Natural$. Then there exists an element $a$ of $\Natural$, such that there exist natural numbers $b$ and $c$, such that there exists an element $d$ of $\Natural$, such that $n$ is equal to the sum of the square of $a$, $b ^{ 2}$, $c ^{ 2}$ and $d ^{ 2}$.

Thm19. Let $n$ be an element of $\Natural$. Then there exists an element $a$ of $\Natural$, such that there exist natural numbers $b$ and $c$, such that there exists an element $d$ of $\Natural$, such that $n$ is equal to the sum of $a ^{ 2}+ b ^{ 2}$, the square of $c$ and the square of $d$.

Thm19. Let $n$ be an element of $\Natural$. Then there exists an element $a$ of $\Natural$, such that there exist natural numbers $b$ and $c$, such that there exists an element $d$ of $\Natural$, such that $n$ is equal to the sum of $a ^{ 2}$, $b ^{ 2}$, $c ^{ 2}$ and the square of $d$.

Thm19. Let $n$ be an element of $\Natural$. Then there exist elements $a$ and $b$ of $\Natural$, such that there exists a natural number $c$, such that there exists an element $d$ of $\Natural$, such that $n$ is equal to the sum of $a ^{ 2}$, the square of $b$, the square of $c$ and $d ^{ 2}$.

Thm19. Let $n$ be an element of $\Natural$. Then there exists an element $a$ of $\Natural$, such that there exists a natural number $b$, such that there exist elements $c$ and $d$ of $\Natural$, such that $n$ is equal to the sum of $a ^{ 2}$, the square of $b$, the square of $c$ and $d ^{ 2}$.

Thm19. Let $n$ be an element of $\Natural$. Then there exists a natural number $a$, such that there exist elements $b$ and $c$ of $\Natural$, such that there exists a natural number $d$, such that $n$ is equal to the sum of the square of $a$, the square of $b$, the square of $c$ and the square of $d$.

Thm19. Let $n$ be a natural number. Then there exist elements $a$ and $b$ of $\Natural$, such that there exists a natural number $c$, such that there exists an element $d$ of $\Natural$, such that $n$ is equal to the sum of the square of $a$, the square of $b$, the square of $c$ and the square of $d$.

Thm19. Let $n$ be a natural number. Then there exists an element $a$ of $\Natural$, such that there exists a natural number $b$, such that there exist elements $c$ and $d$ of $\Natural$, such that $n$ is equal to the sum of the square of $a$, the square of $b$, the square of $c$ and the square of $d$.

Thm19. Let $n$ be an element of $\Natural$. Then there exist elements $a$ and $b$ of $\Natural$, such that there exists a natural number $c$, such that there exists an element $d$ of $\Natural$, such that $n$ is equal to the sum of the square of $a$, the square of $b$, $c ^{ 2}$ and $d ^{ 2}$.

Thm19. Let $n$ be an element of $\Natural$. Then there exist elements $a$ and $b$ of $\Natural$, such that there exists a natural number $c$, such that there exists an element $d$ of $\Natural$, such that $n$ is equal to the sum of the square of $a$, $b ^{ 2}$, the square of $c$ and $d ^{ 2}$.

Thm19. Let $n$ be an element of $\Natural$. Then there exist elements $a$ and $b$ of $\Natural$, such that there exists a natural number $c$, such that there exists an element $d$ of $\Natural$, such that $n$ is equal to the sum of $a ^{ 2}$, the square of $b$, $c ^{ 2}$ and the square of $d$.

Thm19. Let $n$ be an element of $\Natural$. Then there exist elements $a$ and $b$ of $\Natural$, such that there exists a natural number $c$, such that there exists an element $d$ of $\Natural$, such that $n$ is equal to the sum of $a ^{ 2}$, $b ^{ 2}$, the square of $c$ and the square of $d$.

Thm19. Let $n$ be an element of $\Natural$. Then there exists an element $a$ of $\Natural$, such that there exist natural numbers $b$ and $c$, such that there exists an element $d$ of $\Natural$, such that $n$ is equal to the sum of $a ^{ 2}$, the square of $b$, the square of $c$ and $d ^{ 2}$.

Thm19. Let $n$ be an element of $\Natural$. Then there exists an element $a$ of $\Natural$, such that there exists a natural number $b$, such that there exist elements $c$ and $d$ of $\Natural$, such that $n$ is equal to the sum of the square of $a$, the square of $b$, $c ^{ 2}$ and $d ^{ 2}$.

Thm19. Let $n$ be an element of $\Natural$. Then there exists an element $a$ of $\Natural$, such that there exists a natural number $b$, such that there exist elements $c$ and $d$ of $\Natural$, such that $n$ is equal to the sum of the square of $a$, $b ^{ 2}$, the square of $c$ and $d ^{ 2}$.

Thm19. Let $n$ be an element of $\Natural$. Then there exists an element $a$ of $\Natural$, such that there exists a natural number $b$, such that there exist elements $c$ and $d$ of $\Natural$, such that $n$ is equal to the sum of $a ^{ 2}$, the square of $b$, $c ^{ 2}$ and the square of $d$.

Thm19. Let $n$ be an element of $\Natural$. Then there exists an element $a$ of $\Natural$, such that there exists a natural number $b$, such that there exist elements $c$ and $d$ of $\Natural$, such that $n$ is equal to the sum of $a ^{ 2}$, $b ^{ 2}$, the square of $c$ and the square of $d$.

Thm19. Let $n$ be an element of $\Natural$. Then there exist natural numbers $a$ and $b$, such that there exists an element $c$ of $\Natural$, such that there exists a natural number $d$, such that $n$ is equal to the sum of the square of $a$, the square of $b$, the square of $c$ and the square of $d$.

Thm19. Let $n$ be an element of $\Natural$. Then there exists a natural number $a$, such that there exists an element $b$ of $\Natural$, such that there exist natural numbers $c$ and $d$, such that $n$ is equal to the sum of the square of $a$, the square of $b$, the square of $c$ and the square of $d$.

Thm19. Let $n$ be a natural number. Then there exists an element $a$ of $\Natural$, such that there exist natural numbers $b$ and $c$, such that there exists an element $d$ of $\Natural$, such that $n$ is equal to the sum of the square of $a$, the square of $b$, the square of $c$ and the square of $d$.

Thm19. Let $n$ be an element of $\Natural$. Then there exist elements $a$ and $b$ of $\Natural$, such that there exists a natural number $c$, such that there exists an element $d$ of $\Natural$, such that $n$ is equal to the sum of the square of $a$, $b ^{ 2}$, $c ^{ 2}$ and the square of $d$.

Thm19. Let $n$ be an element of $\Natural$. Then there exists an element $a$ of $\Natural$, such that there exist natural numbers $b$ and $c$, such that there exists an element $d$ of $\Natural$, such that $n$ is equal to the sum of the square of $a$, the square of $b$, $c ^{ 2}$ and $d ^{ 2}$.

Thm19. Let $n$ be an element of $\Natural$. Then there exists an element $a$ of $\Natural$, such that there exist natural numbers $b$ and $c$, such that there exists an element $d$ of $\Natural$, such that $n$ is equal to the sum of the square of $a$, $b ^{ 2}$, the square of $c$ and $d ^{ 2}$.

Thm19. Let $n$ be an element of $\Natural$. Then there exists an element $a$ of $\Natural$, such that there exist natural numbers $b$ and $c$, such that there exists an element $d$ of $\Natural$, such that $n$ is equal to the sum of $a ^{ 2}$, the square of $b$, $c ^{ 2}$ and the square of $d$.

Thm19. Let $n$ be an element of $\Natural$. Then there exists an element $a$ of $\Natural$, such that there exist natural numbers $b$ and $c$, such that there exists an element $d$ of $\Natural$, such that $n$ is equal to the sum of $a ^{ 2}$, $b ^{ 2}$, the square of $c$ and the square of $d$.

Thm19. Let $n$ be an element of $\Natural$. Then there exists an element $a$ of $\Natural$, such that there exists a natural number $b$, such that there exist elements $c$ and $d$ of $\Natural$, such that $n$ is equal to the sum of the square of $a$, $b ^{ 2}$, $c ^{ 2}$ and the square of $d$.

Thm19. Let $n$ be an element of $\Natural$. Then there exists an element $a$ of $\Natural$, such that there exist natural numbers $b$ and $c$, such that there exists an element $d$ of $\Natural$, such that $n$ is equal to the sum of the square of $a$, $b ^{ 2}$, $c ^{ 2}$ and the square of $d$.

Thm19. Let $n$ be an element of $\Natural$. Then there exist elements $a$ and $b$ of $\Natural$, such that there exists a natural number $c$, such that there exists an element $d$ of $\Natural$, such that $n$ is equal to the sum of the square of $a$, the square of $b$, the square of $c$ and $d ^{ 2}$.

Thm19. Let $n$ be an element of $\Natural$. Then there exist elements $a$ and $b$ of $\Natural$, such that there exists a natural number $c$, such that there exists an element $d$ of $\Natural$, such that $n$ is equal to the sum of $a ^{ 2}$, the square of $b$, the square of $c$ and the square of $d$.

Thm19. Let $n$ be an element of $\Natural$. Then there exists an element $a$ of $\Natural$, such that there exists a natural number $b$, such that there exist elements $c$ and $d$ of $\Natural$, such that $n$ is equal to the sum of the square of $a$, the square of $b$, the square of $c$ and $d ^{ 2}$.

Thm19. Let $n$ be an element of $\Natural$. Then there exists an element $a$ of $\Natural$, such that there exists a natural number $b$, such that there exist elements $c$ and $d$ of $\Natural$, such that $n$ is equal to the sum of $a ^{ 2}$, the square of $b$, the square of $c$ and the square of $d$.

Thm19. Let $n$ be an element of $\Natural$. Then there exist elements $a$ and $b$ of $\Natural$, such that there exists a natural number $c$, such that there exists an element $d$ of $\Natural$, such that $n$ is equal to the sum of the square of $a$, the square of $b$, $c ^{ 2}$ and the square of $d$.

Thm19. Let $n$ be an element of $\Natural$. Then there exist elements $a$ and $b$ of $\Natural$, such that there exists a natural number $c$, such that there exists an element $d$ of $\Natural$, such that $n$ is equal to the sum of the square of $a$, $b ^{ 2}$, the square of $c$ and the square of $d$.

Thm19. Let $n$ be an element of $\Natural$. Then there exists an element $a$ of $\Natural$, such that there exist natural numbers $b$ and $c$, such that there exists an element $d$ of $\Natural$, such that $n$ is equal to the sum of the square of $a$, the square of $b$, the square of $c$ and $d ^{ 2}$.

Thm19. Let $n$ be an element of $\Natural$. Then there exists an element $a$ of $\Natural$, such that there exist natural numbers $b$ and $c$, such that there exists an element $d$ of $\Natural$, such that $n$ is equal to the sum of $a ^{ 2}$, the square of $b$, the square of $c$ and the square of $d$.

Thm19. Let $n$ be an element of $\Natural$. Then there exists an element $a$ of $\Natural$, such that there exists a natural number $b$, such that there exist elements $c$ and $d$ of $\Natural$, such that $n$ is equal to the sum of the square of $a$, the square of $b$, $c ^{ 2}$ and the square of $d$.

Thm19. Let $n$ be an element of $\Natural$. Then there exists an element $a$ of $\Natural$, such that there exists a natural number $b$, such that there exist elements $c$ and $d$ of $\Natural$, such that $n$ is equal to the sum of the square of $a$, $b ^{ 2}$, the square of $c$ and the square of $d$.

Thm19. Let $n$ be an element of $\Natural$. Then there exists an element $a$ of $\Natural$, such that there exists a natural number $b$, such that there exists an element $c$ of $\Natural$, such that there exists a natural number $d$, such that $n$ is equal to $a ^{ 2}+ b ^{ 2}+ c ^{ 2}+ d ^{ 2}$.

Thm19. Let $n$ be an element of $\Natural$. Then there exists a natural number $a$, such that there exists an element $b$ of $\Natural$, such that there exists a natural number $c$, such that there exists an element $d$ of $\Natural$, such that $n$ is equal to $a ^{ 2}+ b ^{ 2}+ c ^{ 2}+ d ^{ 2}$.

Thm19. Let $n$ be an element of $\Natural$. Then there exists an element $a$ of $\Natural$, such that there exist natural numbers $b$ and $c$, such that there exists an element $d$ of $\Natural$, such that $n$ is equal to the sum of the square of $a$, the square of $b$, $c ^{ 2}$ and the square of $d$.

Thm19. Let $n$ be an element of $\Natural$. Then there exists an element $a$ of $\Natural$, such that there exist natural numbers $b$ and $c$, such that there exists an element $d$ of $\Natural$, such that $n$ is equal to the sum of the square of $a$, $b ^{ 2}$, the square of $c$ and the square of $d$.

Thm19. Let $n$ be an element of $\Natural$. Then there exist elements $a$ and $b$ of $\Natural$, such that there exists a natural number $c$, such that there exists an element $d$ of $\Natural$, such that $n$ is equal to the sum of the square of $a$, the square of $b$, the square of $c$ and the square of $d$.

Thm19. Let $n$ be an element of $\Natural$. Then there exists an element $a$ of $\Natural$, such that there exists a natural number $b$, such that there exist elements $c$ and $d$ of $\Natural$, such that $n$ is equal to the sum of the square of $a$, the square of $b$, the square of $c$ and the square of $d$.

Thm19. Let $n$ be an element of $\Natural$. Then there exists an element $a$ of $\Natural$, such that there exist natural numbers $b$ and $c$, such that there exists an element $d$ of $\Natural$, such that $n$ is equal to the sum of the square of $a$, the square of $b$, the square of $c$ and the square of $d$.

Thm19. Let $n$ be a natural number. Then there exists an element $a$ of $\Natural$, such that there exists a natural number $b$, such that there exists an element $c$ of $\Natural$, such that there exists a natural number $d$, such that $n$ is equal to the sum of $a ^{ 2}+ b ^{ 2}+ c ^{ 2}$ and $d ^{ 2}$.

Thm19. Let $n$ be a natural number. Then there exists a natural number $a$, such that there exists an element $b$ of $\Natural$, such that there exists a natural number $c$, such that there exists an element $d$ of $\Natural$, such that $n$ is equal to the sum of $a ^{ 2}+ b ^{ 2}+ c ^{ 2}$ and $d ^{ 2}$.

Thm19. Let $n$ be a natural number. Then there exists an element $a$ of $\Natural$, such that there exists a natural number $b$, such that there exists an element $c$ of $\Natural$, such that there exists a natural number $d$, such that $n$ is equal to the sum of $a ^{ 2}+ b ^{ 2}$, $c ^{ 2}$ and $d ^{ 2}$.

Thm19. Let $n$ be a natural number. Then there exists a natural number $a$, such that there exists an element $b$ of $\Natural$, such that there exists a natural number $c$, such that there exists an element $d$ of $\Natural$, such that $n$ is equal to the sum of $a ^{ 2}+ b ^{ 2}$, $c ^{ 2}$ and $d ^{ 2}$.

Thm19. Let $n$ be a natural number. Then there exists an element $a$ of $\Natural$, such that there exists a natural number $b$, such that there exists an element $c$ of $\Natural$, such that there exists a natural number $d$, such that $n$ is equal to the sum of $a ^{ 2}+ b ^{ 2}+ c ^{ 2}$ and the square of $d$.

Thm19. Let $n$ be a natural number. Then there exists a natural number $a$, such that there exists an element $b$ of $\Natural$, such that there exists a natural number $c$, such that there exists an element $d$ of $\Natural$, such that $n$ is equal to the sum of $a ^{ 2}+ b ^{ 2}+ c ^{ 2}$ and the square of $d$.

Thm19. Let $n$ be a natural number. Then there exists an element $a$ of $\Natural$, such that there exists a natural number $b$, such that there exists an element $c$ of $\Natural$, such that there exists a natural number $d$, such that $n$ is equal to the sum of $a ^{ 2}+ b ^{ 2}$, the square of $c$ and $d ^{ 2}$.

Thm19. Let $n$ be a natural number. Then there exists an element $a$ of $\Natural$, such that there exists a natural number $b$, such that there exists an element $c$ of $\Natural$, such that there exists a natural number $d$, such that $n$ is equal to the sum of $a ^{ 2}$, $b ^{ 2}$, $c ^{ 2}$ and $d ^{ 2}$.

Thm19. Let $n$ be a natural number. Then there exists a natural number $a$, such that there exists an element $b$ of $\Natural$, such that there exists a natural number $c$, such that there exists an element $d$ of $\Natural$, such that $n$ is equal to the sum of $a ^{ 2}+ b ^{ 2}$, the square of $c$ and $d ^{ 2}$.

Thm19. Let $n$ be a natural number. Then there exists a natural number $a$, such that there exists an element $b$ of $\Natural$, such that there exists a natural number $c$, such that there exists an element $d$ of $\Natural$, such that $n$ is equal to the sum of $a ^{ 2}$, $b ^{ 2}$, $c ^{ 2}$ and $d ^{ 2}$.

Thm19. Let $n$ be a natural number. Then there exists an element $a$ of $\Natural$, such that there exists a natural number $b$, such that there exists an element $c$ of $\Natural$, such that there exists a natural number $d$, such that $n$ is equal to the sum of $a ^{ 2}+ b ^{ 2}$, $c ^{ 2}$ and the square of $d$.

Thm19. Let $n$ be a natural number. Then there exists a natural number $a$, such that there exists an element $b$ of $\Natural$, such that there exists a natural number $c$, such that there exists an element $d$ of $\Natural$, such that $n$ is equal to the sum of $a ^{ 2}+ b ^{ 2}$, $c ^{ 2}$ and the square of $d$.

Thm19. Let $n$ be an element of $\Natural$. Then there exists an element $a$ of $\Natural$, such that there exists a natural number $b$, such that there exists an element $c$ of $\Natural$, such that there exists a natural number $d$, such that $n$ is equal to the sum of $a ^{ 2}+ b ^{ 2}+ c ^{ 2}$ and $d ^{ 2}$.

Thm19. Let $n$ be an element of $\Natural$. Then there exists a natural number $a$, such that there exists an element $b$ of $\Natural$, such that there exists a natural number $c$, such that there exists an element $d$ of $\Natural$, such that $n$ is equal to the sum of $a ^{ 2}+ b ^{ 2}+ c ^{ 2}$ and $d ^{ 2}$.

Thm19. Let $n$ be a natural number. Then there exists an element $a$ of $\Natural$, such that there exists a natural number $b$, such that there exists an element $c$ of $\Natural$, such that there exists a natural number $d$, such that $n$ is equal to the sum of $a ^{ 2}$, the square of $b$, $c ^{ 2}$ and $d ^{ 2}$.

Thm19. Let $n$ be a natural number. Then there exists an element $a$ of $\Natural$, such that there exists a natural number $b$, such that there exists an element $c$ of $\Natural$, such that there exists a natural number $d$, such that $n$ is equal to the sum of $a ^{ 2}$, $b ^{ 2}$, the square of $c$ and $d ^{ 2}$.

Thm19. Let $n$ be a natural number. Then there exists a natural number $a$, such that there exists an element $b$ of $\Natural$, such that there exists a natural number $c$, such that there exists an element $d$ of $\Natural$, such that $n$ is equal to the sum of $a ^{ 2}$, the square of $b$, $c ^{ 2}$ and $d ^{ 2}$.

Thm19. Let $n$ be a natural number. Then there exists a natural number $a$, such that there exists an element $b$ of $\Natural$, such that there exists a natural number $c$, such that there exists an element $d$ of $\Natural$, such that $n$ is equal to the sum of $a ^{ 2}$, $b ^{ 2}$, the square of $c$ and $d ^{ 2}$.

Thm19. Let $n$ be a natural number. Then there exists an element $a$ of $\Natural$, such that there exists a natural number $b$, such that there exists an element $c$ of $\Natural$, such that there exists a natural number $d$, such that $n$ is equal to the sum of the square of $a$, $b ^{ 2}$, $c ^{ 2}$ and $d ^{ 2}$.

Thm19. Let $n$ be a natural number. Then there exists an element $a$ of $\Natural$, such that there exists a natural number $b$, such that there exists an element $c$ of $\Natural$, such that there exists a natural number $d$, such that $n$ is equal to the sum of $a ^{ 2}+ b ^{ 2}$, the square of $c$ and the square of $d$.

Thm19. Let $n$ be a natural number. Then there exists an element $a$ of $\Natural$, such that there exists a natural number $b$, such that there exists an element $c$ of $\Natural$, such that there exists a natural number $d$, such that $n$ is equal to the sum of $a ^{ 2}$, $b ^{ 2}$, $c ^{ 2}$ and the square of $d$.

Thm19. Let $n$ be a natural number. Then there exists a natural number $a$, such that there exists an element $b$ of $\Natural$, such that there exists a natural number $c$, such that there exists an element $d$ of $\Natural$, such that $n$ is equal to the sum of the square of $a$, $b ^{ 2}$, $c ^{ 2}$ and $d ^{ 2}$.

Thm19. Let $n$ be a natural number. Then there exists a natural number $a$, such that there exists an element $b$ of $\Natural$, such that there exists a natural number $c$, such that there exists an element $d$ of $\Natural$, such that $n$ is equal to the sum of $a ^{ 2}+ b ^{ 2}$, the square of $c$ and the square of $d$.

Thm19. Let $n$ be a natural number. Then there exists a natural number $a$, such that there exists an element $b$ of $\Natural$, such that there exists a natural number $c$, such that there exists an element $d$ of $\Natural$, such that $n$ is equal to the sum of $a ^{ 2}$, $b ^{ 2}$, $c ^{ 2}$ and the square of $d$.

Thm19. Let $n$ be an element of $\Natural$. Then there exists an element $a$ of $\Natural$, such that there exists a natural number $b$, such that there exists an element $c$ of $\Natural$, such that there exists a natural number $d$, such that $n$ is equal to the sum of $a ^{ 2}+ b ^{ 2}$, $c ^{ 2}$ and $d ^{ 2}$.

Thm19. Let $n$ be an element of $\Natural$. Then there exists a natural number $a$, such that there exists an element $b$ of $\Natural$, such that there exists a natural number $c$, such that there exists an element $d$ of $\Natural$, such that $n$ is equal to the sum of $a ^{ 2}+ b ^{ 2}$, $c ^{ 2}$ and $d ^{ 2}$.

Thm19. Let $n$ be an element of $\Natural$. Then there exists an element $a$ of $\Natural$, such that there exists a natural number $b$, such that there exists an element $c$ of $\Natural$, such that there exists a natural number $d$, such that $n$ is equal to the sum of $a ^{ 2}+ b ^{ 2}+ c ^{ 2}$ and the square of $d$.

Thm19. Let $n$ be an element of $\Natural$. Then there exists a natural number $a$, such that there exists an element $b$ of $\Natural$, such that there exists a natural number $c$, such that there exists an element $d$ of $\Natural$, such that $n$ is equal to the sum of $a ^{ 2}+ b ^{ 2}+ c ^{ 2}$ and the square of $d$.

Thm19. Let $n$ be a natural number. Then there exists an element $a$ of $\Natural$, such that there exists a natural number $b$, such that there exists an element $c$ of $\Natural$, such that there exists a natural number $d$, such that $n$ is equal to the sum of $a ^{ 2}$, the square of $b$, the square of $c$ and $d ^{ 2}$.

Thm19. Let $n$ be a natural number. Then there exists a natural number $a$, such that there exists an element $b$ of $\Natural$, such that there exists a natural number $c$, such that there exists an element $d$ of $\Natural$, such that $n$ is equal to the sum of $a ^{ 2}$, the square of $b$, the square of $c$ and $d ^{ 2}$.

Thm19. Let $n$ be a natural number. Then there exists an element $a$ of $\Natural$, such that there exists a natural number $b$, such that there exists an element $c$ of $\Natural$, such that there exists a natural number $d$, such that $n$ is equal to the sum of the square of $a$, the square of $b$, $c ^{ 2}$ and $d ^{ 2}$.

Thm19. Let $n$ be a natural number. Then there exists an element $a$ of $\Natural$, such that there exists a natural number $b$, such that there exists an element $c$ of $\Natural$, such that there exists a natural number $d$, such that $n$ is equal to the sum of the square of $a$, $b ^{ 2}$, the square of $c$ and $d ^{ 2}$.

Thm19. Let $n$ be a natural number. Then there exists an element $a$ of $\Natural$, such that there exists a natural number $b$, such that there exists an element $c$ of $\Natural$, such that there exists a natural number $d$, such that $n$ is equal to the sum of $a ^{ 2}$, the square of $b$, $c ^{ 2}$ and the square of $d$.

Thm19. Let $n$ be a natural number. Then there exists an element $a$ of $\Natural$, such that there exists a natural number $b$, such that there exists an element $c$ of $\Natural$, such that there exists a natural number $d$, such that $n$ is equal to the sum of $a ^{ 2}$, $b ^{ 2}$, the square of $c$ and the square of $d$.

Thm19. Let $n$ be a natural number. Then there exists a natural number $a$, such that there exists an element $b$ of $\Natural$, such that there exists a natural number $c$, such that there exists an element $d$ of $\Natural$, such that $n$ is equal to the sum of the square of $a$, the square of $b$, $c ^{ 2}$ and $d ^{ 2}$.

Thm19. Let $n$ be a natural number. Then there exists a natural number $a$, such that there exists an element $b$ of $\Natural$, such that there exists a natural number $c$, such that there exists an element $d$ of $\Natural$, such that $n$ is equal to the sum of the square of $a$, $b ^{ 2}$, the square of $c$ and $d ^{ 2}$.

Thm19. Let $n$ be a natural number. Then there exists a natural number $a$, such that there exists an element $b$ of $\Natural$, such that there exists a natural number $c$, such that there exists an element $d$ of $\Natural$, such that $n$ is equal to the sum of $a ^{ 2}$, the square of $b$, $c ^{ 2}$ and the square of $d$.

Thm19. Let $n$ be a natural number. Then there exists a natural number $a$, such that there exists an element $b$ of $\Natural$, such that there exists a natural number $c$, such that there exists an element $d$ of $\Natural$, such that $n$ is equal to the sum of $a ^{ 2}$, $b ^{ 2}$, the square of $c$ and the square of $d$.

Thm19. Let $n$ be an element of $\Natural$. Then there exists an element $a$ of $\Natural$, such that there exists a natural number $b$, such that there exists an element $c$ of $\Natural$, such that there exists a natural number $d$, such that $n$ is equal to the sum of $a ^{ 2}+ b ^{ 2}$, the square of $c$ and $d ^{ 2}$.

Thm19. Let $n$ be an element of $\Natural$. Then there exists an element $a$ of $\Natural$, such that there exists a natural number $b$, such that there exists an element $c$ of $\Natural$, such that there exists a natural number $d$, such that $n$ is equal to the sum of $a ^{ 2}$, $b ^{ 2}$, $c ^{ 2}$ and $d ^{ 2}$.

Thm19. Let $n$ be an element of $\Natural$. Then there exists a natural number $a$, such that there exists an element $b$ of $\Natural$, such that there exists a natural number $c$, such that there exists an element $d$ of $\Natural$, such that $n$ is equal to the sum of $a ^{ 2}+ b ^{ 2}$, the square of $c$ and $d ^{ 2}$.

Thm19. Let $n$ be an element of $\Natural$. Then there exists a natural number $a$, such that there exists an element $b$ of $\Natural$, such that there exists a natural number $c$, such that there exists an element $d$ of $\Natural$, such that $n$ is equal to the sum of $a ^{ 2}$, $b ^{ 2}$, $c ^{ 2}$ and $d ^{ 2}$.

Thm19. Let $n$ be a natural number. Then there exists an element $a$ of $\Natural$, such that there exists a natural number $b$, such that there exists an element $c$ of $\Natural$, such that there exists a natural number $d$, such that $n$ is equal to the sum of the square of $a$, $b ^{ 2}$, $c ^{ 2}$ and the square of $d$.

Thm19. Let $n$ be a natural number. Then there exists a natural number $a$, such that there exists an element $b$ of $\Natural$, such that there exists a natural number $c$, such that there exists an element $d$ of $\Natural$, such that $n$ is equal to the sum of the square of $a$, $b ^{ 2}$, $c ^{ 2}$ and the square of $d$.

Thm19. Let $n$ be an element of $\Natural$. Then there exists an element $a$ of $\Natural$, such that there exists a natural number $b$, such that there exists an element $c$ of $\Natural$, such that there exists a natural number $d$, such that $n$ is equal to the sum of $a ^{ 2}+ b ^{ 2}$, $c ^{ 2}$ and the square of $d$.

Thm19. Let $n$ be an element of $\Natural$. Then there exists a natural number $a$, such that there exists an element $b$ of $\Natural$, such that there exists a natural number $c$, such that there exists an element $d$ of $\Natural$, such that $n$ is equal to the sum of $a ^{ 2}+ b ^{ 2}$, $c ^{ 2}$ and the square of $d$.

Thm19. Let $n$ be a natural number. Then there exists an element $a$ of $\Natural$, such that there exists a natural number $b$, such that there exists an element $c$ of $\Natural$, such that there exists a natural number $d$, such that $n$ is equal to the sum of the square of $a$, the square of $b$, the square of $c$ and $d ^{ 2}$.

Thm19. Let $n$ be a natural number. Then there exists an element $a$ of $\Natural$, such that there exists a natural number $b$, such that there exists an element $c$ of $\Natural$, such that there exists a natural number $d$, such that $n$ is equal to the sum of $a ^{ 2}$, the square of $b$, the square of $c$ and the square of $d$.

Thm19. Let $n$ be a natural number. Then there exists a natural number $a$, such that there exists an element $b$ of $\Natural$, such that there exists a natural number $c$, such that there exists an element $d$ of $\Natural$, such that $n$ is equal to the sum of the square of $a$, the square of $b$, the square of $c$ and $d ^{ 2}$.

Thm19. Let $n$ be a natural number. Then there exists a natural number $a$, such that there exists an element $b$ of $\Natural$, such that there exists a natural number $c$, such that there exists an element $d$ of $\Natural$, such that $n$ is equal to the sum of $a ^{ 2}$, the square of $b$, the square of $c$ and the square of $d$.

Thm19. Let $n$ be an element of $\Natural$. Then there exists an element $a$ of $\Natural$, such that there exists a natural number $b$, such that there exists an element $c$ of $\Natural$, such that there exists a natural number $d$, such that $n$ is equal to the sum of $a ^{ 2}$, the square of $b$, $c ^{ 2}$ and $d ^{ 2}$.

Thm19. Let $n$ be an element of $\Natural$. Then there exists an element $a$ of $\Natural$, such that there exists a natural number $b$, such that there exists an element $c$ of $\Natural$, such that there exists a natural number $d$, such that $n$ is equal to the sum of $a ^{ 2}$, $b ^{ 2}$, the square of $c$ and $d ^{ 2}$.

Thm19. Let $n$ be an element of $\Natural$. Then there exists a natural number $a$, such that there exists an element $b$ of $\Natural$, such that there exists a natural number $c$, such that there exists an element $d$ of $\Natural$, such that $n$ is equal to the sum of $a ^{ 2}$, the square of $b$, $c ^{ 2}$ and $d ^{ 2}$.

Thm19. Let $n$ be an element of $\Natural$. Then there exists a natural number $a$, such that there exists an element $b$ of $\Natural$, such that there exists a natural number $c$, such that there exists an element $d$ of $\Natural$, such that $n$ is equal to the sum of $a ^{ 2}$, $b ^{ 2}$, the square of $c$ and $d ^{ 2}$.

Thm19. Let $n$ be a natural number. Then there exists an element $a$ of $\Natural$, such that there exists a natural number $b$, such that there exists an element $c$ of $\Natural$, such that there exists a natural number $d$, such that $n$ is equal to the sum of the square of $a$, the square of $b$, $c ^{ 2}$ and the square of $d$.

Thm19. Let $n$ be a natural number. Then there exists an element $a$ of $\Natural$, such that there exists a natural number $b$, such that there exists an element $c$ of $\Natural$, such that there exists a natural number $d$, such that $n$ is equal to the sum of the square of $a$, $b ^{ 2}$, the square of $c$ and the square of $d$.

Thm19. Let $n$ be a natural number. Then there exists a natural number $a$, such that there exists an element $b$ of $\Natural$, such that there exists a natural number $c$, such that there exists an element $d$ of $\Natural$, such that $n$ is equal to the sum of the square of $a$, the square of $b$, $c ^{ 2}$ and the square of $d$.

Thm19. Let $n$ be a natural number. Then there exists a natural number $a$, such that there exists an element $b$ of $\Natural$, such that there exists a natural number $c$, such that there exists an element $d$ of $\Natural$, such that $n$ is equal to the sum of the square of $a$, $b ^{ 2}$, the square of $c$ and the square of $d$.

Thm19. Let $n$ be an element of $\Natural$. Then there exists an element $a$ of $\Natural$, such that there exists a natural number $b$, such that there exists an element $c$ of $\Natural$, such that there exists a natural number $d$, such that $n$ is equal to the sum of the square of $a$, $b ^{ 2}$, $c ^{ 2}$ and $d ^{ 2}$.

Thm19. Let $n$ be an element of $\Natural$. Then there exists an element $a$ of $\Natural$, such that there exists a natural number $b$, such that there exists an element $c$ of $\Natural$, such that there exists a natural number $d$, such that $n$ is equal to the sum of $a ^{ 2}+ b ^{ 2}$, the square of $c$ and the square of $d$.

Thm19. Let $n$ be an element of $\Natural$. Then there exists an element $a$ of $\Natural$, such that there exists a natural number $b$, such that there exists an element $c$ of $\Natural$, such that there exists a natural number $d$, such that $n$ is equal to the sum of $a ^{ 2}$, $b ^{ 2}$, $c ^{ 2}$ and the square of $d$.

Thm19. Let $n$ be an element of $\Natural$. Then there exists a natural number $a$, such that there exists an element $b$ of $\Natural$, such that there exists a natural number $c$, such that there exists an element $d$ of $\Natural$, such that $n$ is equal to the sum of the square of $a$, $b ^{ 2}$, $c ^{ 2}$ and $d ^{ 2}$.

Thm19. Let $n$ be an element of $\Natural$. Then there exists a natural number $a$, such that there exists an element $b$ of $\Natural$, such that there exists a natural number $c$, such that there exists an element $d$ of $\Natural$, such that $n$ is equal to the sum of $a ^{ 2}+ b ^{ 2}$, the square of $c$ and the square of $d$.

Thm19. Let $n$ be an element of $\Natural$. Then there exists a natural number $a$, such that there exists an element $b$ of $\Natural$, such that there exists a natural number $c$, such that there exists an element $d$ of $\Natural$, such that $n$ is equal to the sum of $a ^{ 2}$, $b ^{ 2}$, $c ^{ 2}$ and the square of $d$.

Thm19. Let $n$ be an element of $\Natural$. Then there exists an element $a$ of $\Natural$, such that there exists a natural number $b$, such that there exists an element $c$ of $\Natural$, such that there exists a natural number $d$, such that $n$ is equal to the sum of $a ^{ 2}$, the square of $b$, the square of $c$ and $d ^{ 2}$.

Thm19. Let $n$ be an element of $\Natural$. Then there exists a natural number $a$, such that there exists an element $b$ of $\Natural$, such that there exists a natural number $c$, such that there exists an element $d$ of $\Natural$, such that $n$ is equal to the sum of $a ^{ 2}$, the square of $b$, the square of $c$ and $d ^{ 2}$.

Thm19. Let $n$ be a natural number. Then there exists an element $a$ of $\Natural$, such that there exists a natural number $b$, such that there exists an element $c$ of $\Natural$, such that there exists a natural number $d$, such that $n$ is equal to the sum of the square of $a$, the square of $b$, the square of $c$ and the square of $d$.

Thm19. Let $n$ be a natural number. Then there exists a natural number $a$, such that there exists an element $b$ of $\Natural$, such that there exists a natural number $c$, such that there exists an element $d$ of $\Natural$, such that $n$ is equal to the sum of the square of $a$, the square of $b$, the square of $c$ and the square of $d$.

Thm19. Let $n$ be an element of $\Natural$. Then there exists an element $a$ of $\Natural$, such that there exists a natural number $b$, such that there exists an element $c$ of $\Natural$, such that there exists a natural number $d$, such that $n$ is equal to the sum of the square of $a$, the square of $b$, $c ^{ 2}$ and $d ^{ 2}$.

Thm19. Let $n$ be an element of $\Natural$. Then there exists an element $a$ of $\Natural$, such that there exists a natural number $b$, such that there exists an element $c$ of $\Natural$, such that there exists a natural number $d$, such that $n$ is equal to the sum of the square of $a$, $b ^{ 2}$, the square of $c$ and $d ^{ 2}$.

Thm19. Let $n$ be an element of $\Natural$. Then there exists an element $a$ of $\Natural$, such that there exists a natural number $b$, such that there exists an element $c$ of $\Natural$, such that there exists a natural number $d$, such that $n$ is equal to the sum of $a ^{ 2}$, the square of $b$, $c ^{ 2}$ and the square of $d$.

Thm19. Let $n$ be an element of $\Natural$. Then there exists an element $a$ of $\Natural$, such that there exists a natural number $b$, such that there exists an element $c$ of $\Natural$, such that there exists a natural number $d$, such that $n$ is equal to the sum of $a ^{ 2}$, $b ^{ 2}$, the square of $c$ and the square of $d$.

Thm19. Let $n$ be an element of $\Natural$. Then there exists a natural number $a$, such that there exists an element $b$ of $\Natural$, such that there exists a natural number $c$, such that there exists an element $d$ of $\Natural$, such that $n$ is equal to the sum of the square of $a$, the square of $b$, $c ^{ 2}$ and $d ^{ 2}$.

Thm19. Let $n$ be an element of $\Natural$. Then there exists a natural number $a$, such that there exists an element $b$ of $\Natural$, such that there exists a natural number $c$, such that there exists an element $d$ of $\Natural$, such that $n$ is equal to the sum of the square of $a$, $b ^{ 2}$, the square of $c$ and $d ^{ 2}$.

Thm19. Let $n$ be an element of $\Natural$. Then there exists a natural number $a$, such that there exists an element $b$ of $\Natural$, such that there exists a natural number $c$, such that there exists an element $d$ of $\Natural$, such that $n$ is equal to the sum of $a ^{ 2}$, the square of $b$, $c ^{ 2}$ and the square of $d$.

Thm19. Let $n$ be an element of $\Natural$. Then there exists a natural number $a$, such that there exists an element $b$ of $\Natural$, such that there exists a natural number $c$, such that there exists an element $d$ of $\Natural$, such that $n$ is equal to the sum of $a ^{ 2}$, $b ^{ 2}$, the square of $c$ and the square of $d$.

Thm19. Let $n$ be an element of $\Natural$. Then there exists an element $a$ of $\Natural$, such that there exists a natural number $b$, such that there exists an element $c$ of $\Natural$, such that there exists a natural number $d$, such that $n$ is equal to the sum of the square of $a$, $b ^{ 2}$, $c ^{ 2}$ and the square of $d$.

Thm19. Let $n$ be an element of $\Natural$. Then there exists a natural number $a$, such that there exists an element $b$ of $\Natural$, such that there exists a natural number $c$, such that there exists an element $d$ of $\Natural$, such that $n$ is equal to the sum of the square of $a$, $b ^{ 2}$, $c ^{ 2}$ and the square of $d$.

Thm19. Let $n$ be an element of $\Natural$. Then there exists an element $a$ of $\Natural$, such that there exists a natural number $b$, such that there exists an element $c$ of $\Natural$, such that there exists a natural number $d$, such that $n$ is equal to the sum of the square of $a$, the square of $b$, the square of $c$ and $d ^{ 2}$.

Thm19. Let $n$ be an element of $\Natural$. Then there exists an element $a$ of $\Natural$, such that there exists a natural number $b$, such that there exists an element $c$ of $\Natural$, such that there exists a natural number $d$, such that $n$ is equal to the sum of $a ^{ 2}$, the square of $b$, the square of $c$ and the square of $d$.

Thm19. Let $n$ be an element of $\Natural$. Then there exists a natural number $a$, such that there exists an element $b$ of $\Natural$, such that there exists a natural number $c$, such that there exists an element $d$ of $\Natural$, such that $n$ is equal to the sum of the square of $a$, the square of $b$, the square of $c$ and $d ^{ 2}$.

Thm19. Let $n$ be an element of $\Natural$. Then there exists a natural number $a$, such that there exists an element $b$ of $\Natural$, such that there exists a natural number $c$, such that there exists an element $d$ of $\Natural$, such that $n$ is equal to the sum of $a ^{ 2}$, the square of $b$, the square of $c$ and the square of $d$.

Thm19. Let $n$ be an element of $\Natural$. Then there exists an element $a$ of $\Natural$, such that there exists a natural number $b$, such that there exists an element $c$ of $\Natural$, such that there exists a natural number $d$, such that $n$ is equal to the sum of the square of $a$, the square of $b$, $c ^{ 2}$ and the square of $d$.

Thm19. Let $n$ be an element of $\Natural$. Then there exists an element $a$ of $\Natural$, such that there exists a natural number $b$, such that there exists an element $c$ of $\Natural$, such that there exists a natural number $d$, such that $n$ is equal to the sum of the square of $a$, $b ^{ 2}$, the square of $c$ and the square of $d$.

Thm19. Let $n$ be an element of $\Natural$. Then there exists a natural number $a$, such that there exists an element $b$ of $\Natural$, such that there exists a natural number $c$, such that there exists an element $d$ of $\Natural$, such that $n$ is equal to the sum of the square of $a$, the square of $b$, $c ^{ 2}$ and the square of $d$.

Thm19. Let $n$ be an element of $\Natural$. Then there exists a natural number $a$, such that there exists an element $b$ of $\Natural$, such that there exists a natural number $c$, such that there exists an element $d$ of $\Natural$, such that $n$ is equal to the sum of the square of $a$, $b ^{ 2}$, the square of $c$ and the square of $d$.

Thm19. Let $n$ be an element of $\Natural$. Then there exists an element $a$ of $\Natural$, such that there exists a natural number $b$, such that there exists an element $c$ of $\Natural$, such that there exists a natural number $d$, such that $n$ is equal to the sum of the square of $a$, the square of $b$, the square of $c$ and the square of $d$.

Thm19. Let $n$ be an element of $\Natural$. Then there exists a natural number $a$, such that there exists an element $b$ of $\Natural$, such that there exists a natural number $c$, such that there exists an element $d$ of $\Natural$, such that $n$ is equal to the sum of the square of $a$, the square of $b$, the square of $c$ and the square of $d$.

Thm20a. Let $p$ be a natural number. Assume that $p$ is prime. Let $k$ be a natural number. Assume that $p = 4 \times k + 1$. Then there exist natural numbers $x$ and $y$, such that $p = x ^{ 2}+ y ^{ 2}$.

Thm20a. Let $p$ be a natural number. Assume that $p$ is prime. Let $k$ be a natural number. Assume that $p = 4 \times k + 1$. Then there exist elements $x$ and $y$ of $\Natural$, such that $p = x ^{ 2}+ y ^{ 2}$.

Thm20a. Let $p$ be an element of $\Natural$. Assume that $p$ is prime. Let $k$ be a natural number. Assume that $p = 4 \times k + 1$. Then there exist natural numbers $x$ and $y$, such that $p = x ^{ 2}+ y ^{ 2}$.

Thm20a. Let $p$ be a natural number. Assume that $p$ is prime. Let $k$ be an element of $\Natural$. Assume that $p = 4 \times k + 1$. Then there exist natural numbers $x$ and $y$, such that $p = x ^{ 2}+ y ^{ 2}$.

Thm20a. Let $p$ be a natural number. Assume that $p$ is prime. Let $k$ be a natural number. Assume that $p$ is equal to $4 \times k + 1$. Then there exist natural numbers $x$ and $y$, such that $p = x ^{ 2}+ y ^{ 2}$.

Thm20a. Let $p$ be a natural number. Assume that $p$ is prime. Let $k$ be a natural number. Assume that $p = 4 \times k + 1$. Then there exist natural numbers $x$ and $y$, such that $p$ is equal to $x ^{ 2}+ y ^{ 2}$.

Thm20a. Let $p$ be an element of $\Natural$. Assume that $p$ is prime. Let $k$ be a natural number. Assume that $p = 4 \times k + 1$. Then there exist elements $x$ and $y$ of $\Natural$, such that $p = x ^{ 2}+ y ^{ 2}$.

Thm20a. Let $p$ be a natural number. Assume that $p$ is prime. Let $k$ be an element of $\Natural$. Assume that $p = 4 \times k + 1$. Then there exist elements $x$ and $y$ of $\Natural$, such that $p = x ^{ 2}+ y ^{ 2}$.

Thm20a. Let $p$ be an element of $\Natural$. Assume that $p$ is prime. Let $k$ be an element of $\Natural$. Assume that $p = 4 \times k + 1$. Then there exist natural numbers $x$ and $y$, such that $p = x ^{ 2}+ y ^{ 2}$.

Thm20a. Let $p$ be a natural number. Assume that $p$ is prime. Let $k$ be a natural number. Assume that $p$ is equal to $4 \times k + 1$. Then there exist elements $x$ and $y$ of $\Natural$, such that $p = x ^{ 2}+ y ^{ 2}$.

Thm20a. Let $p$ be an element of $\Natural$. Assume that $p$ is prime. Let $k$ be a natural number. Assume that $p$ is equal to $4 \times k + 1$. Then there exist natural numbers $x$ and $y$, such that $p = x ^{ 2}+ y ^{ 2}$.

Thm20a. Let $p$ be a natural number. Assume that $p$ is prime. Let $k$ be an element of $\Natural$. Assume that $p$ is equal to $4 \times k + 1$. Then there exist natural numbers $x$ and $y$, such that $p = x ^{ 2}+ y ^{ 2}$.

Thm20a. Let $p$ be a natural number. Assume that $p$ is prime. Let $k$ be a natural number. Assume that $p = 4 \times k + 1$. Then there exist elements $x$ and $y$ of $\Natural$, such that $p$ is equal to $x ^{ 2}+ y ^{ 2}$.

Thm20a. Let $p$ be an element of $\Natural$. Assume that $p$ is prime. Let $k$ be a natural number. Assume that $p = 4 \times k + 1$. Then there exist natural numbers $x$ and $y$, such that $p$ is equal to $x ^{ 2}+ y ^{ 2}$.

Thm20a. Let $p$ be a natural number. Assume that $p$ is prime. Let $k$ be an element of $\Natural$. Assume that $p = 4 \times k + 1$. Then there exist natural numbers $x$ and $y$, such that $p$ is equal to $x ^{ 2}+ y ^{ 2}$.

Thm20a. Let $p$ be a natural number. Assume that $p$ is prime. Let $k$ be a natural number. Assume that $p$ is equal to $4 \times k + 1$. Then there exist natural numbers $x$ and $y$, such that $p$ is equal to $x ^{ 2}+ y ^{ 2}$.

Thm20a. Let $p$ be a natural number. Assume that $p$ is prime. Let $k$ be a natural number. Assume that $p$ is equal to the sum of $4 \times k$ and $1$. Then there exist natural numbers $x$ and $y$, such that $p = x ^{ 2}+ y ^{ 2}$.

Thm20a. Let $p$ be a natural number. Assume that $p$ is prime. Let $k$ be a natural number. Assume that $p = 4 \times k + 1$. Then there exist natural numbers $x$ and $y$, such that $p$ is equal to the sum of $x ^{ 2}$ and $y ^{ 2}$.

Thm20a. Let $p$ be an element of $\Natural$. Assume that $p$ is prime. Let $k$ be an element of $\Natural$. Assume that $p = 4 \times k + 1$. Then there exist elements $x$ and $y$ of $\Natural$, such that $p = x ^{ 2}+ y ^{ 2}$.

Thm20a. Let $p$ be an element of $\Natural$. Assume that $p$ is prime. Let $k$ be a natural number. Assume that $p$ is equal to $4 \times k + 1$. Then there exist elements $x$ and $y$ of $\Natural$, such that $p = x ^{ 2}+ y ^{ 2}$.

Thm20a. Let $p$ be a natural number. Assume that $p$ is prime. Let $k$ be an element of $\Natural$. Assume that $p$ is equal to $4 \times k + 1$. Then there exist elements $x$ and $y$ of $\Natural$, such that $p = x ^{ 2}+ y ^{ 2}$.

Thm20a. Let $p$ be an element of $\Natural$. Assume that $p$ is prime. Let $k$ be an element of $\Natural$. Assume that $p$ is equal to $4 \times k + 1$. Then there exist natural numbers $x$ and $y$, such that $p = x ^{ 2}+ y ^{ 2}$.

Thm20a. Let $p$ be an element of $\Natural$. Assume that $p$ is prime. Let $k$ be a natural number. Assume that $p = 4 \times k + 1$. Then there exist elements $x$ and $y$ of $\Natural$, such that $p$ is equal to $x ^{ 2}+ y ^{ 2}$.

Thm20a. Let $p$ be a natural number. Assume that $p$ is prime. Let $k$ be an element of $\Natural$. Assume that $p = 4 \times k + 1$. Then there exist elements $x$ and $y$ of $\Natural$, such that $p$ is equal to $x ^{ 2}+ y ^{ 2}$.

Thm20a. Let $p$ be an element of $\Natural$. Assume that $p$ is prime. Let $k$ be an element of $\Natural$. Assume that $p = 4 \times k + 1$. Then there exist natural numbers $x$ and $y$, such that $p$ is equal to $x ^{ 2}+ y ^{ 2}$.

Thm20a. Let $p$ be a natural number. Assume that $p$ is prime. Let $k$ be a natural number. Assume that $p$ is equal to $4 \times k + 1$. Then there exist elements $x$ and $y$ of $\Natural$, such that $p$ is equal to $x ^{ 2}+ y ^{ 2}$.

Thm20a. Let $p$ be an element of $\Natural$. Assume that $p$ is prime. Let $k$ be a natural number. Assume that $p$ is equal to $4 \times k + 1$. Then there exist natural numbers $x$ and $y$, such that $p$ is equal to $x ^{ 2}+ y ^{ 2}$.

Thm20a. Let $p$ be a natural number. Assume that $p$ is prime. Let $k$ be an element of $\Natural$. Assume that $p$ is equal to $4 \times k + 1$. Then there exist natural numbers $x$ and $y$, such that $p$ is equal to $x ^{ 2}+ y ^{ 2}$.

Thm20a. Let $p$ be a natural number. Assume that $p$ is prime. Let $k$ be a natural number. Assume that $p = 4 \times k + 1$. Then there exist natural numbers $x$ and $y$, such that $p$ is equal to the sum of the square of $x$ and $y ^{ 2}$.

Thm20a. Let $p$ be a natural number. Assume that $p$ is prime. Let $k$ be a natural number. Assume that $p = 4 \times k + 1$. Then there exist natural numbers $x$ and $y$, such that $p$ is equal to the sum of $x ^{ 2}$ and the square of $y$.

Thm20a. Let $p$ be a natural number. Assume that $p$ is prime. Let $k$ be a natural number. Assume that $p$ is equal to the sum of $4 \times k$ and $1$. Then there exist elements $x$ and $y$ of $\Natural$, such that $p = x ^{ 2}+ y ^{ 2}$.

Thm20a. Let $p$ be an element of $\Natural$. Assume that $p$ is prime. Let $k$ be a natural number. Assume that $p$ is equal to the sum of $4 \times k$ and $1$. Then there exist natural numbers $x$ and $y$, such that $p = x ^{ 2}+ y ^{ 2}$.

Thm20a. Let $p$ be a natural number. Assume that $p$ is prime. Let $k$ be an element of $\Natural$. Assume that $p$ is equal to the sum of $4 \times k$ and $1$. Then there exist natural numbers $x$ and $y$, such that $p = x ^{ 2}+ y ^{ 2}$.

Thm20a. Let $p$ be a natural number. Assume that $p$ is prime. Let $k$ be a natural number. Assume that $p$ is equal to the sum of $4 \times k$ and $1$. Then there exist natural numbers $x$ and $y$, such that $p$ is equal to $x ^{ 2}+ y ^{ 2}$.

Thm20a. Let $p$ be a natural number. Assume that $p$ is prime. Let $k$ be a natural number. Assume that $p = 4 \times k + 1$. Then there exist elements $x$ and $y$ of $\Natural$, such that $p$ is equal to the sum of $x ^{ 2}$ and $y ^{ 2}$.

Thm20a. Let $p$ be an element of $\Natural$. Assume that $p$ is prime. Let $k$ be a natural number. Assume that $p = 4 \times k + 1$. Then there exist natural numbers $x$ and $y$, such that $p$ is equal to the sum of $x ^{ 2}$ and $y ^{ 2}$.

Thm20a. Let $p$ be a natural number. Assume that $p$ is prime. Let $k$ be an element of $\Natural$. Assume that $p = 4 \times k + 1$. Then there exist natural numbers $x$ and $y$, such that $p$ is equal to the sum of $x ^{ 2}$ and $y ^{ 2}$.

Thm20a. Let $p$ be a natural number. Assume that $p$ is prime. Let $k$ be a natural number. Assume that $p = 4 \times k + 1$. Then there exist natural numbers $x$ and $y$, such that $p$ is equal to the sum of the square of $x$ and the square of $y$.

Thm20a. Let $p$ be a natural number. Assume that $p$ is prime. Let $k$ be a natural number. Assume that $p$ is equal to $4 \times k + 1$. Then there exist natural numbers $x$ and $y$, such that $p$ is equal to the sum of $x ^{ 2}$ and $y ^{ 2}$.

Thm20a. Let $p$ be a natural number. Assume that $p$ is prime. Let $k$ be a natural number. Assume that $p$ is equal to the sum of the product of $4$ and $k$ and $1$. Then there exist natural numbers $x$ and $y$, such that $p = x ^{ 2}+ y ^{ 2}$.

Thm20a. Let $p$ be an element of $\Natural$. Assume that $p$ is prime. Let $k$ be an element of $\Natural$. Assume that $p$ is equal to $4 \times k + 1$. Then there exist elements $x$ and $y$ of $\Natural$, such that $p = x ^{ 2}+ y ^{ 2}$.

Thm20a. Let $p$ be an element of $\Natural$. Assume that $p$ is prime. Let $k$ be an element of $\Natural$. Assume that $p = 4 \times k + 1$. Then there exist elements $x$ and $y$ of $\Natural$, such that $p$ is equal to $x ^{ 2}+ y ^{ 2}$.

Thm20a. Let $p$ be an element of $\Natural$. Assume that $p$ is prime. Let $k$ be a natural number. Assume that $p$ is equal to $4 \times k + 1$. Then there exist elements $x$ and $y$ of $\Natural$, such that $p$ is equal to $x ^{ 2}+ y ^{ 2}$.

Thm20a. Let $p$ be a natural number. Assume that $p$ is prime. Let $k$ be an element of $\Natural$. Assume that $p$ is equal to $4 \times k + 1$. Then there exist elements $x$ and $y$ of $\Natural$, such that $p$ is equal to $x ^{ 2}+ y ^{ 2}$.

Thm20a. Let $p$ be a natural number. Assume that $p$ is prime. Let $k$ be a natural number. Assume that $p = 4 \times k + 1$. Then there exist elements $x$ and $y$ of $\Natural$, such that $p$ is equal to the sum of the square of $x$ and $y ^{ 2}$.

Thm20a. Let $p$ be a natural number. Assume that $p$ is prime. Let $k$ be a natural number. Assume that $p = 4 \times k + 1$. Then there exist elements $x$ and $y$ of $\Natural$, such that $p$ is equal to the sum of $x ^{ 2}$ and the square of $y$.

Thm20a. Let $p$ be an element of $\Natural$. Assume that $p$ is prime. Let $k$ be an element of $\Natural$. Assume that $p$ is equal to $4 \times k + 1$. Then there exist natural numbers $x$ and $y$, such that $p$ is equal to $x ^{ 2}+ y ^{ 2}$.

Thm20a. Let $p$ be an element of $\Natural$. Assume that $p$ is prime. Let $k$ be a natural number. Assume that $p = 4 \times k + 1$. Then there exist natural numbers $x$ and $y$, such that $p$ is equal to the sum of the square of $x$ and $y ^{ 2}$.

Thm20a. Let $p$ be an element of $\Natural$. Assume that $p$ is prime. Let $k$ be a natural number. Assume that $p = 4 \times k + 1$. Then there exist natural numbers $x$ and $y$, such that $p$ is equal to the sum of $x ^{ 2}$ and the square of $y$.

Thm20a. Let $p$ be a natural number. Assume that $p$ is prime. Let $k$ be an element of $\Natural$. Assume that $p = 4 \times k + 1$. Then there exist natural numbers $x$ and $y$, such that $p$ is equal to the sum of the square of $x$ and $y ^{ 2}$.

Thm20a. Let $p$ be a natural number. Assume that $p$ is prime. Let $k$ be an element of $\Natural$. Assume that $p = 4 \times k + 1$. Then there exist natural numbers $x$ and $y$, such that $p$ is equal to the sum of $x ^{ 2}$ and the square of $y$.

Thm20a. Let $p$ be a natural number. Assume that $p$ is prime. Let $k$ be a natural number. Assume that $p$ is equal to $4 \times k + 1$. Then there exist natural numbers $x$ and $y$, such that $p$ is equal to the sum of the square of $x$ and $y ^{ 2}$.

Thm20a. Let $p$ be a natural number. Assume that $p$ is prime. Let $k$ be a natural number. Assume that $p$ is equal to $4 \times k + 1$. Then there exist natural numbers $x$ and $y$, such that $p$ is equal to the sum of $x ^{ 2}$ and the square of $y$.

Thm20a. Let $p$ be an element of $\Natural$. Assume that $p$ is prime. Let $k$ be a natural number. Assume that $p$ is equal to the sum of $4 \times k$ and $1$. Then there exist elements $x$ and $y$ of $\Natural$, such that $p = x ^{ 2}+ y ^{ 2}$.

Thm20a. Let $p$ be a natural number. Assume that $p$ is prime. Let $k$ be an element of $\Natural$. Assume that $p$ is equal to the sum of $4 \times k$ and $1$. Then there exist elements $x$ and $y$ of $\Natural$, such that $p = x ^{ 2}+ y ^{ 2}$.

Thm20a. Let $p$ be an element of $\Natural$. Assume that $p$ is prime. Let $k$ be an element of $\Natural$. Assume that $p$ is equal to the sum of $4 \times k$ and $1$. Then there exist natural numbers $x$ and $y$, such that $p = x ^{ 2}+ y ^{ 2}$.

Thm20a. Let $p$ be a natural number. Assume that $p$ is prime. Let $k$ be a natural number. Assume that $p$ is equal to the sum of $4 \times k$ and $1$. Then there exist elements $x$ and $y$ of $\Natural$, such that $p$ is equal to $x ^{ 2}+ y ^{ 2}$.

Thm20a. Let $p$ be an element of $\Natural$. Assume that $p$ is prime. Let $k$ be a natural number. Assume that $p$ is equal to the sum of $4 \times k$ and $1$. Then there exist natural numbers $x$ and $y$, such that $p$ is equal to $x ^{ 2}+ y ^{ 2}$.

Thm20a. Let $p$ be an element of $\Natural$. Assume that $p$ is prime. Let $k$ be a natural number. Assume that $p = 4 \times k + 1$. Then there exist elements $x$ and $y$ of $\Natural$, such that $p$ is equal to the sum of $x ^{ 2}$ and $y ^{ 2}$.

Thm20a. Let $p$ be a natural number. Assume that $p$ is prime. Let $k$ be an element of $\Natural$. Assume that $p$ is equal to the sum of $4 \times k$ and $1$. Then there exist natural numbers $x$ and $y$, such that $p$ is equal to $x ^{ 2}+ y ^{ 2}$.

Thm20a. Let $p$ be a natural number. Assume that $p$ is prime. Let $k$ be an element of $\Natural$. Assume that $p = 4 \times k + 1$. Then there exist elements $x$ and $y$ of $\Natural$, such that $p$ is equal to the sum of $x ^{ 2}$ and $y ^{ 2}$.

Thm20a. Let $p$ be a natural number. Assume that $p$ is prime. Let $k$ be a natural number. Assume that $p = 4 \times k + 1$. Then there exist elements $x$ and $y$ of $\Natural$, such that $p$ is equal to the sum of the square of $x$ and the square of $y$.

Thm20a. Let $p$ be an element of $\Natural$. Assume that $p$ is prime. Let $k$ be an element of $\Natural$. Assume that $p = 4 \times k + 1$. Then there exist natural numbers $x$ and $y$, such that $p$ is equal to the sum of $x ^{ 2}$ and $y ^{ 2}$.

Thm20a. Let $p$ be an element of $\Natural$. Assume that $p$ is prime. Let $k$ be a natural number. Assume that $p = 4 \times k + 1$. Then there exist natural numbers $x$ and $y$, such that $p$ is equal to the sum of the square of $x$ and the square of $y$.

Thm20a. Let $p$ be a natural number. Assume that $p$ is prime. Let $k$ be an element of $\Natural$. Assume that $p = 4 \times k + 1$. Then there exist natural numbers $x$ and $y$, such that $p$ is equal to the sum of the square of $x$ and the square of $y$.

Thm20a. Let $p$ be a natural number. Assume that $p$ is prime. Let $k$ be a natural number. Assume that $p$ is equal to $4 \times k + 1$. Then there exist elements $x$ and $y$ of $\Natural$, such that $p$ is equal to the sum of $x ^{ 2}$ and $y ^{ 2}$.

Thm20a. Let $p$ be a natural number. Assume that $p$ is prime. Let $k$ be a natural number. Assume that $p = 4 \times k + 1$. Then there exists an element $x$ of $\Natural$, such that there exists a natural number $y$, such that $p = x ^{ 2}+ y ^{ 2}$.

Thm20a. Let $p$ be a natural number. Assume that $p$ is prime. Let $k$ be a natural number. Assume that $p = 4 \times k + 1$. Then there exists a natural number $x$, such that there exists an element $y$ of $\Natural$, such that $p = x ^{ 2}+ y ^{ 2}$.

Thm20a. Let $p$ be an element of $\Natural$. Assume that $p$ is prime. Let $k$ be a natural number. Assume that $p$ is equal to $4 \times k + 1$. Then there exist natural numbers $x$ and $y$, such that $p$ is equal to the sum of $x ^{ 2}$ and $y ^{ 2}$.

Thm20a. Let $p$ be a natural number. Assume that $p$ is prime. Let $k$ be an element of $\Natural$. Assume that $p$ is equal to $4 \times k + 1$. Then there exist natural numbers $x$ and $y$, such that $p$ is equal to the sum of $x ^{ 2}$ and $y ^{ 2}$.

Thm20a. Let $p$ be a natural number. Assume that $p$ is prime. Let $k$ be a natural number. Assume that $p$ is equal to the sum of the product of $4$ and $k$ and $1$. Then there exist elements $x$ and $y$ of $\Natural$, such that $p = x ^{ 2}+ y ^{ 2}$.

Thm20a. Let $p$ be a natural number. Assume that $p$ is prime. Let $k$ be a natural number. Assume that $p$ is equal to $4 \times k + 1$. Then there exist natural numbers $x$ and $y$, such that $p$ is equal to the sum of the square of $x$ and the square of $y$.

Thm20a. Let $p$ be an element of $\Natural$. Assume that $p$ is prime. Let $k$ be a natural number. Assume that $p$ is equal to the sum of the product of $4$ and $k$ and $1$. Then there exist natural numbers $x$ and $y$, such that $p = x ^{ 2}+ y ^{ 2}$.

Thm20a. Let $p$ be a natural number. Assume that $p$ is prime. Let $k$ be an element of $\Natural$. Assume that $p$ is equal to the sum of the product of $4$ and $k$ and $1$. Then there exist natural numbers $x$ and $y$, such that $p = x ^{ 2}+ y ^{ 2}$.

Thm20a. Let $p$ be a natural number. Assume that $p$ is prime. Let $k$ be a natural number. Assume that $p$ is equal to the sum of the product of $4$ and $k$ and $1$. Then there exist natural numbers $x$ and $y$, such that $p$ is equal to $x ^{ 2}+ y ^{ 2}$.

Thm20a. Let $p$ be an element of $\Natural$. Assume that $p$ is prime. Let $k$ be an element of $\Natural$. Assume that $p$ is equal to $4 \times k + 1$. Then there exist elements $x$ and $y$ of $\Natural$, such that $p$ is equal to $x ^{ 2}+ y ^{ 2}$.

Thm20a. Let $p$ be an element of $\Natural$. Assume that $p$ is prime. Let $k$ be a natural number. Assume that $p = 4 \times k + 1$. Then there exist elements $x$ and $y$ of $\Natural$, such that $p$ is equal to the sum of the square of $x$ and $y ^{ 2}$.

Thm20a. Let $p$ be an element of $\Natural$. Assume that $p$ is prime. Let $k$ be a natural number. Assume that $p = 4 \times k + 1$. Then there exist elements $x$ and $y$ of $\Natural$, such that $p$ is equal to the sum of $x ^{ 2}$ and the square of $y$.

Thm20a. Let $p$ be a natural number. Assume that $p$ is prime. Let $k$ be an element of $\Natural$. Assume that $p = 4 \times k + 1$. Then there exist elements $x$ and $y$ of $\Natural$, such that $p$ is equal to the sum of the square of $x$ and $y ^{ 2}$.

Thm20a. Let $p$ be a natural number. Assume that $p$ is prime. Let $k$ be an element of $\Natural$. Assume that $p = 4 \times k + 1$. Then there exist elements $x$ and $y$ of $\Natural$, such that $p$ is equal to the sum of $x ^{ 2}$ and the square of $y$.

Thm20a. Let $p$ be an element of $\Natural$. Assume that $p$ is prime. Let $k$ be an element of $\Natural$. Assume that $p = 4 \times k + 1$. Then there exist natural numbers $x$ and $y$, such that $p$ is equal to the sum of the square of $x$ and $y ^{ 2}$.

Thm20a. Let $p$ be an element of $\Natural$. Assume that $p$ is prime. Let $k$ be an element of $\Natural$. Assume that $p = 4 \times k + 1$. Then there exist natural numbers $x$ and $y$, such that $p$ is equal to the sum of $x ^{ 2}$ and the square of $y$.

Thm20a. Let $p$ be a natural number. Assume that $p$ is prime. Let $k$ be a natural number. Assume that $p$ is equal to the sum of $4 \times k$ and $1$. Then there exist natural numbers $x$ and $y$, such that $p$ is equal to the sum of $x ^{ 2}$ and $y ^{ 2}$.

Thm20a. Let $p$ be a natural number. Assume that $p$ is prime. Let $k$ be a natural number. Assume that $p$ is equal to $4 \times k + 1$. Then there exist elements $x$ and $y$ of $\Natural$, such that $p$ is equal to the sum of the square of $x$ and $y ^{ 2}$.

Thm20a. Let $p$ be a natural number. Assume that $p$ is prime. Let $k$ be a natural number. Assume that $p$ is equal to $4 \times k + 1$. Then there exist elements $x$ and $y$ of $\Natural$, such that $p$ is equal to the sum of $x ^{ 2}$ and the square of $y$.

Thm20a. Let $p$ be an element of $\Natural$. Assume that $p$ is prime. Let $k$ be a natural number. Assume that $p$ is equal to $4 \times k + 1$. Then there exist natural numbers $x$ and $y$, such that $p$ is equal to the sum of the square of $x$ and $y ^{ 2}$.

Thm20a. Let $p$ be an element of $\Natural$. Assume that $p$ is prime. Let $k$ be a natural number. Assume that $p$ is equal to $4 \times k + 1$. Then there exist natural numbers $x$ and $y$, such that $p$ is equal to the sum of $x ^{ 2}$ and the square of $y$.

Thm20a. Let $p$ be a natural number. Assume that $p$ is prime. Let $k$ be an element of $\Natural$. Assume that $p$ is equal to $4 \times k + 1$. Then there exist natural numbers $x$ and $y$, such that $p$ is equal to the sum of the square of $x$ and $y ^{ 2}$.

Thm20a. Let $p$ be a natural number. Assume that $p$ is prime. Let $k$ be an element of $\Natural$. Assume that $p$ is equal to $4 \times k + 1$. Then there exist natural numbers $x$ and $y$, such that $p$ is equal to the sum of $x ^{ 2}$ and the square of $y$.

Thm20a. Let $p$ be an element of $\Natural$. Assume that $p$ is prime. Let $k$ be an element of $\Natural$. Assume that $p$ is equal to the sum of $4 \times k$ and $1$. Then there exist elements $x$ and $y$ of $\Natural$, such that $p = x ^{ 2}+ y ^{ 2}$.

Thm20a. Let $p$ be an element of $\Natural$. Assume that $p$ is prime. Let $k$ be a natural number. Assume that $p$ is equal to the sum of $4 \times k$ and $1$. Then there exist elements $x$ and $y$ of $\Natural$, such that $p$ is equal to $x ^{ 2}+ y ^{ 2}$.

Thm20a. Let $p$ be a natural number. Assume that $p$ is prime. Let $k$ be an element of $\Natural$. Assume that $p$ is equal to the sum of $4 \times k$ and $1$. Then there exist elements $x$ and $y$ of $\Natural$, such that $p$ is equal to $x ^{ 2}+ y ^{ 2}$.

Thm20a. Let $p$ be an element of $\Natural$. Assume that $p$ is prime. Let $k$ be an element of $\Natural$. Assume that $p$ is equal to the sum of $4 \times k$ and $1$. Then there exist natural numbers $x$ and $y$, such that $p$ is equal to $x ^{ 2}+ y ^{ 2}$.

Thm20a. Let $p$ be an element of $\Natural$. Assume that $p$ is prime. Let $k$ be an element of $\Natural$. Assume that $p = 4 \times k + 1$. Then there exist elements $x$ and $y$ of $\Natural$, such that $p$ is equal to the sum of $x ^{ 2}$ and $y ^{ 2}$.

Thm20a. Let $p$ be an element of $\Natural$. Assume that $p$ is prime. Let $k$ be a natural number. Assume that $p = 4 \times k + 1$. Then there exist elements $x$ and $y$ of $\Natural$, such that $p$ is equal to the sum of the square of $x$ and the square of $y$.

Thm20a. Let $p$ be a natural number. Assume that $p$ is prime. Let $k$ be an element of $\Natural$. Assume that $p = 4 \times k + 1$. Then there exist elements $x$ and $y$ of $\Natural$, such that $p$ is equal to the sum of the square of $x$ and the square of $y$.

Thm20a. Let $p$ be an element of $\Natural$. Assume that $p$ is prime. Let $k$ be an element of $\Natural$. Assume that $p = 4 \times k + 1$. Then there exist natural numbers $x$ and $y$, such that $p$ is equal to the sum of the square of $x$ and the square of $y$.

Thm20a. Let $p$ be an element of $\Natural$. Assume that $p$ is prime. Let $k$ be a natural number. Assume that $p$ is equal to $4 \times k + 1$. Then there exist elements $x$ and $y$ of $\Natural$, such that $p$ is equal to the sum of $x ^{ 2}$ and $y ^{ 2}$.

Thm20a. Let $p$ be an element of $\Natural$. Assume that $p$ is prime. Let $k$ be a natural number. Assume that $p = 4 \times k + 1$. Then there exists an element $x$ of $\Natural$, such that there exists a natural number $y$, such that $p = x ^{ 2}+ y ^{ 2}$.

Thm20a. Let $p$ be an element of $\Natural$. Assume that $p$ is prime. Let $k$ be a natural number. Assume that $p = 4 \times k + 1$. Then there exists a natural number $x$, such that there exists an element $y$ of $\Natural$, such that $p = x ^{ 2}+ y ^{ 2}$.

Thm20a. Let $p$ be a natural number. Assume that $p$ is prime. Let $k$ be an element of $\Natural$. Assume that $p$ is equal to $4 \times k + 1$. Then there exist elements $x$ and $y$ of $\Natural$, such that $p$ is equal to the sum of $x ^{ 2}$ and $y ^{ 2}$.

Thm20a. Let $p$ be a natural number. Assume that $p$ is prime. Let $k$ be an element of $\Natural$. Assume that $p = 4 \times k + 1$. Then there exists an element $x$ of $\Natural$, such that there exists a natural number $y$, such that $p = x ^{ 2}+ y ^{ 2}$.

Thm20a. Let $p$ be a natural number. Assume that $p$ is prime. Let $k$ be an element of $\Natural$. Assume that $p = 4 \times k + 1$. Then there exists a natural number $x$, such that there exists an element $y$ of $\Natural$, such that $p = x ^{ 2}+ y ^{ 2}$.

Thm20a. Let $p$ be a natural number. Assume that $p$ is prime. Let $k$ be a natural number. Assume that $p$ is equal to the sum of $4 \times k$ and $1$. Then there exist natural numbers $x$ and $y$, such that $p$ is equal to the sum of the square of $x$ and $y ^{ 2}$.

Thm20a. Let $p$ be a natural number. Assume that $p$ is prime. Let $k$ be a natural number. Assume that $p$ is equal to the sum of $4 \times k$ and $1$. Then there exist natural numbers $x$ and $y$, such that $p$ is equal to the sum of $x ^{ 2}$ and the square of $y$.

Thm20a. Let $p$ be a natural number. Assume that $p$ is prime. Let $k$ be a natural number. Assume that $p$ is equal to $4 \times k + 1$. Then there exist elements $x$ and $y$ of $\Natural$, such that $p$ is equal to the sum of the square of $x$ and the square of $y$.

Thm20a. Let $p$ be an element of $\Natural$. Assume that $p$ is prime. Let $k$ be an element of $\Natural$. Assume that $p$ is equal to $4 \times k + 1$. Then there exist natural numbers $x$ and $y$, such that $p$ is equal to the sum of $x ^{ 2}$ and $y ^{ 2}$.

Thm20a. Let $p$ be an element of $\Natural$. Assume that $p$ is prime. Let $k$ be a natural number. Assume that $p$ is equal to the sum of the product of $4$ and $k$ and $1$. Then there exist elements $x$ and $y$ of $\Natural$, such that $p = x ^{ 2}+ y ^{ 2}$.

Thm20a. Let $p$ be an element of $\Natural$. Assume that $p$ is prime. Let $k$ be a natural number. Assume that $p$ is equal to $4 \times k + 1$. Then there exist natural numbers $x$ and $y$, such that $p$ is equal to the sum of the square of $x$ and the square of $y$.

Thm20a. Let $p$ be a natural number. Assume that $p$ is prime. Let $k$ be an element of $\Natural$. Assume that $p$ is equal to the sum of the product of $4$ and $k$ and $1$. Then there exist elements $x$ and $y$ of $\Natural$, such that $p = x ^{ 2}+ y ^{ 2}$.

Thm20a. Let $p$ be a natural number. Assume that $p$ is prime. Let $k$ be an element of $\Natural$. Assume that $p$ is equal to $4 \times k + 1$. Then there exist natural numbers $x$ and $y$, such that $p$ is equal to the sum of the square of $x$ and the square of $y$.

Thm20a. Let $p$ be a natural number. Assume that $p$ is prime. Let $k$ be a natural number. Assume that $p$ is equal to $4 \times k + 1$. Then there exists an element $x$ of $\Natural$, such that there exists a natural number $y$, such that $p = x ^{ 2}+ y ^{ 2}$.

Thm20a. Let $p$ be a natural number. Assume that $p$ is prime. Let $k$ be a natural number. Assume that $p$ is equal to $4 \times k + 1$. Then there exists a natural number $x$, such that there exists an element $y$ of $\Natural$, such that $p = x ^{ 2}+ y ^{ 2}$.

Thm20a. Let $p$ be an element of $\Natural$. Assume that $p$ is prime. Let $k$ be an element of $\Natural$. Assume that $p$ is equal to the sum of the product of $4$ and $k$ and $1$. Then there exist natural numbers $x$ and $y$, such that $p = x ^{ 2}+ y ^{ 2}$.

Thm20a. Let $p$ be a natural number. Assume that $p$ is prime. Let $k$ be a natural number. Assume that $p = 4 \times k + 1$. Then there exists an element $x$ of $\Natural$, such that there exists a natural number $y$, such that $p$ is equal to $x ^{ 2}+ y ^{ 2}$.

Thm20a. Let $p$ be a natural number. Assume that $p$ is prime. Let $k$ be a natural number. Assume that $p = 4 \times k + 1$. Then there exists a natural number $x$, such that there exists an element $y$ of $\Natural$, such that $p$ is equal to $x ^{ 2}+ y ^{ 2}$.

Thm20a. Let $p$ be a natural number. Assume that $p$ is prime. Let $k$ be a natural number. Assume that $p$ is equal to the sum of the product of $4$ and $k$ and $1$. Then there exist elements $x$ and $y$ of $\Natural$, such that $p$ is equal to $x ^{ 2}+ y ^{ 2}$.

Thm20a. Let $p$ be an element of $\Natural$. Assume that $p$ is prime. Let $k$ be a natural number. Assume that $p$ is equal to the sum of the product of $4$ and $k$ and $1$. Then there exist natural numbers $x$ and $y$, such that $p$ is equal to $x ^{ 2}+ y ^{ 2}$.

Thm20a. Let $p$ be a natural number. Assume that $p$ is prime. Let $k$ be an element of $\Natural$. Assume that $p$ is equal to the sum of the product of $4$ and $k$ and $1$. Then there exist natural numbers $x$ and $y$, such that $p$ is equal to $x ^{ 2}+ y ^{ 2}$.

Thm20a. Let $p$ be an element of $\Natural$. Assume that $p$ is prime. Let $k$ be an element of $\Natural$. Assume that $p = 4 \times k + 1$. Then there exist elements $x$ and $y$ of $\Natural$, such that $p$ is equal to the sum of the square of $x$ and $y ^{ 2}$.

Thm20a. Let $p$ be an element of $\Natural$. Assume that $p$ is prime. Let $k$ be an element of $\Natural$. Assume that $p = 4 \times k + 1$. Then there exist elements $x$ and $y$ of $\Natural$, such that $p$ is equal to the sum of $x ^{ 2}$ and the square of $y$.

Thm20a. Let $p$ be a natural number. Assume that $p$ is prime. Let $k$ be a natural number. Assume that $p$ is equal to the sum of $4 \times k$ and $1$. Then there exist elements $x$ and $y$ of $\Natural$, such that $p$ is equal to the sum of $x ^{ 2}$ and $y ^{ 2}$.

Thm20a. Let $p$ be an element of $\Natural$. Assume that $p$ is prime. Let $k$ be a natural number. Assume that $p$ is equal to the sum of $4 \times k$ and $1$. Then there exist natural numbers $x$ and $y$, such that $p$ is equal to the sum of $x ^{ 2}$ and $y ^{ 2}$.

Thm20a. Let $p$ be an element of $\Natural$. Assume that $p$ is prime. Let $k$ be a natural number. Assume that $p$ is equal to $4 \times k + 1$. Then there exist elements $x$ and $y$ of $\Natural$, such that $p$ is equal to the sum of the square of $x$ and $y ^{ 2}$.

Thm20a. Let $p$ be an element of $\Natural$. Assume that $p$ is prime. Let $k$ be a natural number. Assume that $p$ is equal to $4 \times k + 1$. Then there exist elements $x$ and $y$ of $\Natural$, such that $p$ is equal to the sum of $x ^{ 2}$ and the square of $y$.

Thm20a. Let $p$ be a natural number. Assume that $p$ is prime. Let $k$ be an element of $\Natural$. Assume that $p$ is equal to the sum of $4 \times k$ and $1$. Then there exist natural numbers $x$ and $y$, such that $p$ is equal to the sum of $x ^{ 2}$ and $y ^{ 2}$.

Thm20a. Let $p$ be a natural number. Assume that $p$ is prime. Let $k$ be an element of $\Natural$. Assume that $p$ is equal to $4 \times k + 1$. Then there exist elements $x$ and $y$ of $\Natural$, such that $p$ is equal to the sum of the square of $x$ and $y ^{ 2}$.

Thm20a. Let $p$ be a natural number. Assume that $p$ is prime. Let $k$ be an element of $\Natural$. Assume that $p$ is equal to $4 \times k + 1$. Then there exist elements $x$ and $y$ of $\Natural$, such that $p$ is equal to the sum of $x ^{ 2}$ and the square of $y$.

Thm20a. Let $p$ be a natural number. Assume that $p$ is prime. Let $k$ be a natural number. Assume that $p$ is equal to the sum of $4 \times k$ and $1$. Then there exist natural numbers $x$ and $y$, such that $p$ is equal to the sum of the square of $x$ and the square of $y$.

Thm20a. Let $p$ be an element of $\Natural$. Assume that $p$ is prime. Let $k$ be an element of $\Natural$. Assume that $p$ is equal to $4 \times k + 1$. Then there exist natural numbers $x$ and $y$, such that $p$ is equal to the sum of the square of $x$ and $y ^{ 2}$.

Thm20a. Let $p$ be an element of $\Natural$. Assume that $p$ is prime. Let $k$ be an element of $\Natural$. Assume that $p$ is equal to $4 \times k + 1$. Then there exist natural numbers $x$ and $y$, such that $p$ is equal to the sum of $x ^{ 2}$ and the square of $y$.

Thm20a. Let $p$ be an element of $\Natural$. Assume that $p$ is prime. Let $k$ be an element of $\Natural$. Assume that $p$ is equal to the sum of $4 \times k$ and $1$. Then there exist elements $x$ and $y$ of $\Natural$, such that $p$ is equal to $x ^{ 2}+ y ^{ 2}$.

Thm20a. Let $p$ be a natural number. Assume that $p$ is prime. Let $k$ be a natural number. Assume that $p$ is equal to the sum of the product of $4$ and $k$ and $1$. Then there exist natural numbers $x$ and $y$, such that $p$ is equal to the sum of $x ^{ 2}$ and $y ^{ 2}$.

Thm20a. Let $p$ be an element of $\Natural$. Assume that $p$ is prime. Let $k$ be an element of $\Natural$. Assume that $p = 4 \times k + 1$. Then there exist elements $x$ and $y$ of $\Natural$, such that $p$ is equal to the sum of the square of $x$ and the square of $y$.

Thm20a. Let $p$ be a natural number. Assume that $p$ is prime. Let $k$ be a natural number. Assume that $p$ is equal to the sum of $4 \times k$ and $1$. Then there exist elements $x$ and $y$ of $\Natural$, such that $p$ is equal to the sum of the square of $x$ and $y ^{ 2}$.

Thm20a. Let $p$ be a natural number. Assume that $p$ is prime. Let $k$ be a natural number. Assume that $p$ is equal to the sum of $4 \times k$ and $1$. Then there exist elements $x$ and $y$ of $\Natural$, such that $p$ is equal to the sum of $x ^{ 2}$ and the square of $y$.

Thm20a. Let $p$ be an element of $\Natural$. Assume that $p$ is prime. Let $k$ be an element of $\Natural$. Assume that $p$ is equal to $4 \times k + 1$. Then there exist elements $x$ and $y$ of $\Natural$, such that $p$ is equal to the sum of $x ^{ 2}$ and $y ^{ 2}$.

Thm20a. Let $p$ be an element of $\Natural$. Assume that $p$ is prime. Let $k$ be an element of $\Natural$. Assume that $p = 4 \times k + 1$. Then there exists an element $x$ of $\Natural$, such that there exists a natural number $y$, such that $p = x ^{ 2}+ y ^{ 2}$.

Thm20a. Let $p$ be an element of $\Natural$. Assume that $p$ is prime. Let $k$ be an element of $\Natural$. Assume that $p = 4 \times k + 1$. Then there exists a natural number $x$, such that there exists an element $y$ of $\Natural$, such that $p = x ^{ 2}+ y ^{ 2}$.

Thm20a. Let $p$ be an element of $\Natural$. Assume that $p$ is prime. Let $k$ be a natural number. Assume that $p$ is equal to the sum of $4 \times k$ and $1$. Then there exist natural numbers $x$ and $y$, such that $p$ is equal to the sum of the square of $x$ and $y ^{ 2}$.

Thm20a. Let $p$ be an element of $\Natural$. Assume that $p$ is prime. Let $k$ be a natural number. Assume that $p$ is equal to the sum of $4 \times k$ and $1$. Then there exist natural numbers $x$ and $y$, such that $p$ is equal to the sum of $x ^{ 2}$ and the square of $y$.

Thm20a. Let $p$ be an element of $\Natural$. Assume that $p$ is prime. Let $k$ be a natural number. Assume that $p$ is equal to $4 \times k + 1$. Then there exist elements $x$ and $y$ of $\Natural$, such that $p$ is equal to the sum of the square of $x$ and the square of $y$.

Thm20a. Let $p$ be a natural number. Assume that $p$ is prime. Let $k$ be an element of $\Natural$. Assume that $p$ is equal to the sum of $4 \times k$ and $1$. Then there exist natural numbers $x$ and $y$, such that $p$ is equal to the sum of the square of $x$ and $y ^{ 2}$.

Thm20a. Let $p$ be a natural number. Assume that $p$ is prime. Let $k$ be an element of $\Natural$. Assume that $p$ is equal to the sum of $4 \times k$ and $1$. Then there exist natural numbers $x$ and $y$, such that $p$ is equal to the sum of $x ^{ 2}$ and the square of $y$.

Thm20a. Let $p$ be a natural number. Assume that $p$ is prime. Let $k$ be an element of $\Natural$. Assume that $p$ is equal to $4 \times k + 1$. Then there exist elements $x$ and $y$ of $\Natural$, such that $p$ is equal to the sum of the square of $x$ and the square of $y$.

Thm20a. Let $p$ be an element of $\Natural$. Assume that $p$ is prime. Let $k$ be an element of $\Natural$. Assume that $p$ is equal to the sum of the product of $4$ and $k$ and $1$. Then there exist elements $x$ and $y$ of $\Natural$, such that $p = x ^{ 2}+ y ^{ 2}$.

Thm20a. Let $p$ be an element of $\Natural$. Assume that $p$ is prime. Let $k$ be an element of $\Natural$. Assume that $p$ is equal to $4 \times k + 1$. Then there exist natural numbers $x$ and $y$, such that $p$ is equal to the sum of the square of $x$ and the square of $y$.

Thm20a. Let $p$ be an element of $\Natural$. Assume that $p$ is prime. Let $k$ be a natural number. Assume that $p$ is equal to $4 \times k + 1$. Then there exists an element $x$ of $\Natural$, such that there exists a natural number $y$, such that $p = x ^{ 2}+ y ^{ 2}$.

Thm20a. Let $p$ be an element of $\Natural$. Assume that $p$ is prime. Let $k$ be a natural number. Assume that $p$ is equal to $4 \times k + 1$. Then there exists a natural number $x$, such that there exists an element $y$ of $\Natural$, such that $p = x ^{ 2}+ y ^{ 2}$.

Thm20a. Let $p$ be a natural number. Assume that $p$ is prime. Let $k$ be an element of $\Natural$. Assume that $p$ is equal to $4 \times k + 1$. Then there exists an element $x$ of $\Natural$, such that there exists a natural number $y$, such that $p = x ^{ 2}+ y ^{ 2}$.

Thm20a. Let $p$ be a natural number. Assume that $p$ is prime. Let $k$ be an element of $\Natural$. Assume that $p$ is equal to $4 \times k + 1$. Then there exists a natural number $x$, such that there exists an element $y$ of $\Natural$, such that $p = x ^{ 2}+ y ^{ 2}$.

Thm20a. Let $p$ be an element of $\Natural$. Assume that $p$ is prime. Let $k$ be a natural number. Assume that $p = 4 \times k + 1$. Then there exists an element $x$ of $\Natural$, such that there exists a natural number $y$, such that $p$ is equal to $x ^{ 2}+ y ^{ 2}$.

Thm20a. Let $p$ be an element of $\Natural$. Assume that $p$ is prime. Let $k$ be a natural number. Assume that $p = 4 \times k + 1$. Then there exists a natural number $x$, such that there exists an element $y$ of $\Natural$, such that $p$ is equal to $x ^{ 2}+ y ^{ 2}$.

Thm20a. Let $p$ be a natural number. Assume that $p$ is prime. Let $k$ be an element of $\Natural$. Assume that $p = 4 \times k + 1$. Then there exists an element $x$ of $\Natural$, such that there exists a natural number $y$, such that $p$ is equal to $x ^{ 2}+ y ^{ 2}$.

Thm20a. Let $p$ be a natural number. Assume that $p$ is prime. Let $k$ be an element of $\Natural$. Assume that $p = 4 \times k + 1$. Then there exists a natural number $x$, such that there exists an element $y$ of $\Natural$, such that $p$ is equal to $x ^{ 2}+ y ^{ 2}$.

Thm20a. Let $p$ be an element of $\Natural$. Assume that $p$ is prime. Let $k$ be a natural number. Assume that $p$ is equal to the sum of the product of $4$ and $k$ and $1$. Then there exist elements $x$ and $y$ of $\Natural$, such that $p$ is equal to $x ^{ 2}+ y ^{ 2}$.

Thm20a. Let $p$ be a natural number. Assume that $p$ is prime. Let $k$ be an element of $\Natural$. Assume that $p$ is equal to the sum of the product of $4$ and $k$ and $1$. Then there exist elements $x$ and $y$ of $\Natural$, such that $p$ is equal to $x ^{ 2}+ y ^{ 2}$.

Thm20a. Let $p$ be a natural number. Assume that $p$ is prime. Let $k$ be a natural number. Assume that $p$ is equal to $4 \times k + 1$. Then there exists an element $x$ of $\Natural$, such that there exists a natural number $y$, such that $p$ is equal to $x ^{ 2}+ y ^{ 2}$.

Thm20a. Let $p$ be a natural number. Assume that $p$ is prime. Let $k$ be a natural number. Assume that $p$ is equal to $4 \times k + 1$. Then there exists a natural number $x$, such that there exists an element $y$ of $\Natural$, such that $p$ is equal to $x ^{ 2}+ y ^{ 2}$.

Thm20a. Let $p$ be an element of $\Natural$. Assume that $p$ is prime. Let $k$ be an element of $\Natural$. Assume that $p$ is equal to the sum of the product of $4$ and $k$ and $1$. Then there exist natural numbers $x$ and $y$, such that $p$ is equal to $x ^{ 2}+ y ^{ 2}$.

Thm20a. Let $p$ be a natural number. Assume that $p$ is prime. Let $k$ be a natural number. Assume that $p$ is equal to the sum of the product of $4$ and $k$ and $1$. Then there exist natural numbers $x$ and $y$, such that $p$ is equal to the sum of the square of $x$ and $y ^{ 2}$.

Thm20a. Let $p$ be a natural number. Assume that $p$ is prime. Let $k$ be a natural number. Assume that $p$ is equal to the sum of the product of $4$ and $k$ and $1$. Then there exist natural numbers $x$ and $y$, such that $p$ is equal to the sum of $x ^{ 2}$ and the square of $y$.

Thm20a. Let $p$ be an element of $\Natural$. Assume that $p$ is prime. Let $k$ be a natural number. Assume that $p$ is equal to the sum of $4 \times k$ and $1$. Then there exist elements $x$ and $y$ of $\Natural$, such that $p$ is equal to the sum of $x ^{ 2}$ and $y ^{ 2}$.

Thm20a. Let $p$ be a natural number. Assume that $p$ is prime. Let $k$ be an element of $\Natural$. Assume that $p$ is equal to the sum of $4 \times k$ and $1$. Then there exist elements $x$ and $y$ of $\Natural$, such that $p$ is equal to the sum of $x ^{ 2}$ and $y ^{ 2}$.

Thm20a. Let $p$ be a natural number. Assume that $p$ is prime. Let $k$ be a natural number. Assume that $p$ is equal to the sum of $4 \times k$ and $1$. Then there exist elements $x$ and $y$ of $\Natural$, such that $p$ is equal to the sum of the square of $x$ and the square of $y$.

Thm20a. Let $p$ be an element of $\Natural$. Assume that $p$ is prime. Let $k$ be an element of $\Natural$. Assume that $p$ is equal to the sum of $4 \times k$ and $1$. Then there exist natural numbers $x$ and $y$, such that $p$ is equal to the sum of $x ^{ 2}$ and $y ^{ 2}$.

Thm20a. Let $p$ be an element of $\Natural$. Assume that $p$ is prime. Let $k$ be an element of $\Natural$. Assume that $p$ is equal to $4 \times k + 1$. Then there exist elements $x$ and $y$ of $\Natural$, such that $p$ is equal to the sum of the square of $x$ and $y ^{ 2}$.

Thm20a. Let $p$ be an element of $\Natural$. Assume that $p$ is prime. Let $k$ be an element of $\Natural$. Assume that $p$ is equal to $4 \times k + 1$. Then there exist elements $x$ and $y$ of $\Natural$, such that $p$ is equal to the sum of $x ^{ 2}$ and the square of $y$.

Thm20a. Let $p$ be an element of $\Natural$. Assume that $p$ is prime. Let $k$ be a natural number. Assume that $p$ is equal to the sum of $4 \times k$ and $1$. Then there exist natural numbers $x$ and $y$, such that $p$ is equal to the sum of the square of $x$ and the square of $y$.

Thm20a. Let $p$ be a natural number. Assume that $p$ is prime. Let $k$ be an element of $\Natural$. Assume that $p$ is equal to the sum of $4 \times k$ and $1$. Then there exist natural numbers $x$ and $y$, such that $p$ is equal to the sum of the square of $x$ and the square of $y$.

Thm20a. Let $p$ be a natural number. Assume that $p$ is prime. Let $k$ be a natural number. Assume that $p$ is equal to the sum of $4 \times k$ and $1$. Then there exists an element $x$ of $\Natural$, such that there exists a natural number $y$, such that $p = x ^{ 2}+ y ^{ 2}$.

Thm20a. Let $p$ be a natural number. Assume that $p$ is prime. Let $k$ be a natural number. Assume that $p$ is equal to the sum of $4 \times k$ and $1$. Then there exists a natural number $x$, such that there exists an element $y$ of $\Natural$, such that $p = x ^{ 2}+ y ^{ 2}$.

Thm20a. Let $p$ be a natural number. Assume that $p$ is prime. Let $k$ be a natural number. Assume that $p = 4 \times k + 1$. Then there exists an element $x$ of $\Natural$, such that there exists a natural number $y$, such that $p$ is equal to the sum of $x ^{ 2}$ and $y ^{ 2}$.

Thm20a. Let $p$ be a natural number. Assume that $p$ is prime. Let $k$ be a natural number. Assume that $p = 4 \times k + 1$. Then there exists a natural number $x$, such that there exists an element $y$ of $\Natural$, such that $p$ is equal to the sum of $x ^{ 2}$ and $y ^{ 2}$.

Thm20a. Let $p$ be a natural number. Assume that $p$ is prime. Let $k$ be a natural number. Assume that $p$ is equal to the sum of the product of $4$ and $k$ and $1$. Then there exist elements $x$ and $y$ of $\Natural$, such that $p$ is equal to the sum of $x ^{ 2}$ and $y ^{ 2}$.

Thm20a. Let $p$ be an element of $\Natural$. Assume that $p$ is prime. Let $k$ be a natural number. Assume that $p$ is equal to the sum of the product of $4$ and $k$ and $1$. Then there exist natural numbers $x$ and $y$, such that $p$ is equal to the sum of $x ^{ 2}$ and $y ^{ 2}$.

Thm20a. Let $p$ be a natural number. Assume that $p$ is prime. Let $k$ be an element of $\Natural$. Assume that $p$ is equal to the sum of the product of $4$ and $k$ and $1$. Then there exist natural numbers $x$ and $y$, such that $p$ is equal to the sum of $x ^{ 2}$ and $y ^{ 2}$.

Thm20a. Let $p$ be a natural number. Assume that $p$ is prime. Let $k$ be a natural number. Assume that $p$ is equal to the sum of the product of $4$ and $k$ and $1$. Then there exist natural numbers $x$ and $y$, such that $p$ is equal to the sum of the square of $x$ and the square of $y$.

Thm20a. Let $p$ be an element of $\Natural$. Assume that $p$ is prime. Let $k$ be a natural number. Assume that $p$ is equal to the sum of $4 \times k$ and $1$. Then there exist elements $x$ and $y$ of $\Natural$, such that $p$ is equal to the sum of the square of $x$ and $y ^{ 2}$.

Thm20a. Let $p$ be an element of $\Natural$. Assume that $p$ is prime. Let $k$ be a natural number. Assume that $p$ is equal to the sum of $4 \times k$ and $1$. Then there exist elements $x$ and $y$ of $\Natural$, such that $p$ is equal to the sum of $x ^{ 2}$ and the square of $y$.

Thm20a. Let $p$ be a natural number. Assume that $p$ is prime. Let $k$ be an element of $\Natural$. Assume that $p$ is equal to the sum of $4 \times k$ and $1$. Then there exist elements $x$ and $y$ of $\Natural$, such that $p$ is equal to the sum of the square of $x$ and $y ^{ 2}$.

Thm20a. Let $p$ be a natural number. Assume that $p$ is prime. Let $k$ be an element of $\Natural$. Assume that $p$ is equal to the sum of $4 \times k$ and $1$. Then there exist elements $x$ and $y$ of $\Natural$, such that $p$ is equal to the sum of $x ^{ 2}$ and the square of $y$.

Thm20a. Let $p$ be an element of $\Natural$. Assume that $p$ is prime. Let $k$ be an element of $\Natural$. Assume that $p$ is equal to the sum of $4 \times k$ and $1$. Then there exist natural numbers $x$ and $y$, such that $p$ is equal to the sum of the square of $x$ and $y ^{ 2}$.

Thm20a. Let $p$ be an element of $\Natural$. Assume that $p$ is prime. Let $k$ be an element of $\Natural$. Assume that $p$ is equal to the sum of $4 \times k$ and $1$. Then there exist natural numbers $x$ and $y$, such that $p$ is equal to the sum of $x ^{ 2}$ and the square of $y$.

Thm20a. Let $p$ be an element of $\Natural$. Assume that $p$ is prime. Let $k$ be an element of $\Natural$. Assume that $p$ is equal to $4 \times k + 1$. Then there exist elements $x$ and $y$ of $\Natural$, such that $p$ is equal to the sum of the square of $x$ and the square of $y$.

Thm20a. Let $p$ be an element of $\Natural$. Assume that $p$ is prime. Let $k$ be an element of $\Natural$. Assume that $p$ is equal to $4 \times k + 1$. Then there exists an element $x$ of $\Natural$, such that there exists a natural number $y$, such that $p = x ^{ 2}+ y ^{ 2}$.

Thm20a. Let $p$ be an element of $\Natural$. Assume that $p$ is prime. Let $k$ be an element of $\Natural$. Assume that $p$ is equal to $4 \times k + 1$. Then there exists a natural number $x$, such that there exists an element $y$ of $\Natural$, such that $p = x ^{ 2}+ y ^{ 2}$.

Thm20a. Let $p$ be an element of $\Natural$. Assume that $p$ is prime. Let $k$ be an element of $\Natural$. Assume that $p = 4 \times k + 1$. Then there exists an element $x$ of $\Natural$, such that there exists a natural number $y$, such that $p$ is equal to $x ^{ 2}+ y ^{ 2}$.

Thm20a. Let $p$ be an element of $\Natural$. Assume that $p$ is prime. Let $k$ be an element of $\Natural$. Assume that $p = 4 \times k + 1$. Then there exists a natural number $x$, such that there exists an element $y$ of $\Natural$, such that $p$ is equal to $x ^{ 2}+ y ^{ 2}$.

Thm20a. Let $p$ be an element of $\Natural$. Assume that $p$ is prime. Let $k$ be an element of $\Natural$. Assume that $p$ is equal to the sum of the product of $4$ and $k$ and $1$. Then there exist elements $x$ and $y$ of $\Natural$, such that $p$ is equal to $x ^{ 2}+ y ^{ 2}$.

Thm20a. Let $p$ be an element of $\Natural$. Assume that $p$ is prime. Let $k$ be a natural number. Assume that $p$ is equal to $4 \times k + 1$. Then there exists an element $x$ of $\Natural$, such that there exists a natural number $y$, such that $p$ is equal to $x ^{ 2}+ y ^{ 2}$.

Thm20a. Let $p$ be an element of $\Natural$. Assume that $p$ is prime. Let $k$ be a natural number. Assume that $p$ is equal to $4 \times k + 1$. Then there exists a natural number $x$, such that there exists an element $y$ of $\Natural$, such that $p$ is equal to $x ^{ 2}+ y ^{ 2}$.

Thm20a. Let $p$ be a natural number. Assume that $p$ is prime. Let $k$ be an element of $\Natural$. Assume that $p$ is equal to $4 \times k + 1$. Then there exists an element $x$ of $\Natural$, such that there exists a natural number $y$, such that $p$ is equal to $x ^{ 2}+ y ^{ 2}$.

Thm20a. Let $p$ be a natural number. Assume that $p$ is prime. Let $k$ be an element of $\Natural$. Assume that $p$ is equal to $4 \times k + 1$. Then there exists a natural number $x$, such that there exists an element $y$ of $\Natural$, such that $p$ is equal to $x ^{ 2}+ y ^{ 2}$.

Thm20a. Let $p$ be a natural number. Assume that $p$ is prime. Let $k$ be a natural number. Assume that $p = 4 \times k + 1$. Then there exists an element $x$ of $\Natural$, such that there exists a natural number $y$, such that $p$ is equal to the sum of the square of $x$ and $y ^{ 2}$.

Thm20a. Let $p$ be a natural number. Assume that $p$ is prime. Let $k$ be a natural number. Assume that $p = 4 \times k + 1$. Then there exists an element $x$ of $\Natural$, such that there exists a natural number $y$, such that $p$ is equal to the sum of $x ^{ 2}$ and the square of $y$.

Thm20a. Let $p$ be a natural number. Assume that $p$ is prime. Let $k$ be a natural number. Assume that $p = 4 \times k + 1$. Then there exists a natural number $x$, such that there exists an element $y$ of $\Natural$, such that $p$ is equal to the sum of the square of $x$ and $y ^{ 2}$.

Thm20a. Let $p$ be a natural number. Assume that $p$ is prime. Let $k$ be a natural number. Assume that $p = 4 \times k + 1$. Then there exists a natural number $x$, such that there exists an element $y$ of $\Natural$, such that $p$ is equal to the sum of $x ^{ 2}$ and the square of $y$.

Thm20a. Let $p$ be a natural number. Assume that $p$ is prime. Let $k$ be a natural number. Assume that $p$ is equal to the sum of the product of $4$ and $k$ and $1$. Then there exist elements $x$ and $y$ of $\Natural$, such that $p$ is equal to the sum of the square of $x$ and $y ^{ 2}$.

Thm20a. Let $p$ be a natural number. Assume that $p$ is prime. Let $k$ be a natural number. Assume that $p$ is equal to the sum of the product of $4$ and $k$ and $1$. Then there exist elements $x$ and $y$ of $\Natural$, such that $p$ is equal to the sum of $x ^{ 2}$ and the square of $y$.

Thm20a. Let $p$ be an element of $\Natural$. Assume that $p$ is prime. Let $k$ be a natural number. Assume that $p$ is equal to the sum of the product of $4$ and $k$ and $1$. Then there exist natural numbers $x$ and $y$, such that $p$ is equal to the sum of the square of $x$ and $y ^{ 2}$.

Thm20a. Let $p$ be an element of $\Natural$. Assume that $p$ is prime. Let $k$ be a natural number. Assume that $p$ is equal to the sum of the product of $4$ and $k$ and $1$. Then there exist natural numbers $x$ and $y$, such that $p$ is equal to the sum of $x ^{ 2}$ and the square of $y$.

Thm20a. Let $p$ be a natural number. Assume that $p$ is prime. Let $k$ be an element of $\Natural$. Assume that $p$ is equal to the sum of the product of $4$ and $k$ and $1$. Then there exist natural numbers $x$ and $y$, such that $p$ is equal to the sum of the square of $x$ and $y ^{ 2}$.

Thm20a. Let $p$ be a natural number. Assume that $p$ is prime. Let $k$ be an element of $\Natural$. Assume that $p$ is equal to the sum of the product of $4$ and $k$ and $1$. Then there exist natural numbers $x$ and $y$, such that $p$ is equal to the sum of $x ^{ 2}$ and the square of $y$.

Thm20a. Let $p$ be an element of $\Natural$. Assume that $p$ is prime. Let $k$ be an element of $\Natural$. Assume that $p$ is equal to the sum of $4 \times k$ and $1$. Then there exist elements $x$ and $y$ of $\Natural$, such that $p$ is equal to the sum of $x ^{ 2}$ and $y ^{ 2}$.

Thm20a. Let $p$ be an element of $\Natural$. Assume that $p$ is prime. Let $k$ be a natural number. Assume that $p$ is equal to the sum of $4 \times k$ and $1$. Then there exist elements $x$ and $y$ of $\Natural$, such that $p$ is equal to the sum of the square of $x$ and the square of $y$.

Thm20a. Let $p$ be a natural number. Assume that $p$ is prime. Let $k$ be an element of $\Natural$. Assume that $p$ is equal to the sum of $4 \times k$ and $1$. Then there exist elements $x$ and $y$ of $\Natural$, such that $p$ is equal to the sum of the square of $x$ and the square of $y$.

Thm20a. Let $p$ be an element of $\Natural$. Assume that $p$ is prime. Let $k$ be an element of $\Natural$. Assume that $p$ is equal to the sum of $4 \times k$ and $1$. Then there exist natural numbers $x$ and $y$, such that $p$ is equal to the sum of the square of $x$ and the square of $y$.

Thm20a. Let $p$ be an element of $\Natural$. Assume that $p$ is prime. Let $k$ be a natural number. Assume that $p$ is equal to the sum of $4 \times k$ and $1$. Then there exists an element $x$ of $\Natural$, such that there exists a natural number $y$, such that $p = x ^{ 2}+ y ^{ 2}$.

Thm20a. Let $p$ be an element of $\Natural$. Assume that $p$ is prime. Let $k$ be a natural number. Assume that $p$ is equal to the sum of $4 \times k$ and $1$. Then there exists a natural number $x$, such that there exists an element $y$ of $\Natural$, such that $p = x ^{ 2}+ y ^{ 2}$.

Thm20a. Let $p$ be a natural number. Assume that $p$ is prime. Let $k$ be an element of $\Natural$. Assume that $p$ is equal to the sum of $4 \times k$ and $1$. Then there exists an element $x$ of $\Natural$, such that there exists a natural number $y$, such that $p = x ^{ 2}+ y ^{ 2}$.

Thm20a. Let $p$ be a natural number. Assume that $p$ is prime. Let $k$ be an element of $\Natural$. Assume that $p$ is equal to the sum of $4 \times k$ and $1$. Then there exists a natural number $x$, such that there exists an element $y$ of $\Natural$, such that $p = x ^{ 2}+ y ^{ 2}$.

Thm20a. Let $p$ be a natural number. Assume that $p$ is prime. Let $k$ be a natural number. Assume that $p$ is equal to the sum of $4 \times k$ and $1$. Then there exists an element $x$ of $\Natural$, such that there exists a natural number $y$, such that $p$ is equal to $x ^{ 2}+ y ^{ 2}$.

Thm20a. Let $p$ be a natural number. Assume that $p$ is prime. Let $k$ be a natural number. Assume that $p$ is equal to the sum of $4 \times k$ and $1$. Then there exists a natural number $x$, such that there exists an element $y$ of $\Natural$, such that $p$ is equal to $x ^{ 2}+ y ^{ 2}$.

Thm20a. Let $p$ be an element of $\Natural$. Assume that $p$ is prime. Let $k$ be a natural number. Assume that $p = 4 \times k + 1$. Then there exists an element $x$ of $\Natural$, such that there exists a natural number $y$, such that $p$ is equal to the sum of $x ^{ 2}$ and $y ^{ 2}$.

Thm20a. Let $p$ be an element of $\Natural$. Assume that $p$ is prime. Let $k$ be a natural number. Assume that $p = 4 \times k + 1$. Then there exists a natural number $x$, such that there exists an element $y$ of $\Natural$, such that $p$ is equal to the sum of $x ^{ 2}$ and $y ^{ 2}$.

Thm20a. Let $p$ be a natural number. Assume that $p$ is prime. Let $k$ be an element of $\Natural$. Assume that $p = 4 \times k + 1$. Then there exists an element $x$ of $\Natural$, such that there exists a natural number $y$, such that $p$ is equal to the sum of $x ^{ 2}$ and $y ^{ 2}$.

Thm20a. Let $p$ be a natural number. Assume that $p$ is prime. Let $k$ be an element of $\Natural$. Assume that $p = 4 \times k + 1$. Then there exists a natural number $x$, such that there exists an element $y$ of $\Natural$, such that $p$ is equal to the sum of $x ^{ 2}$ and $y ^{ 2}$.

Thm20a. Let $p$ be a natural number. Assume that $p$ is prime. Let $k$ be a natural number. Assume that $p = 4 \times k + 1$. Then there exists an element $x$ of $\Natural$, such that there exists a natural number $y$, such that $p$ is equal to the sum of the square of $x$ and the square of $y$.

Thm20a. Let $p$ be a natural number. Assume that $p$ is prime. Let $k$ be a natural number. Assume that $p = 4 \times k + 1$. Then there exists a natural number $x$, such that there exists an element $y$ of $\Natural$, such that $p$ is equal to the sum of the square of $x$ and the square of $y$.

Thm20a. Let $p$ be an element of $\Natural$. Assume that $p$ is prime. Let $k$ be a natural number. Assume that $p$ is equal to the sum of the product of $4$ and $k$ and $1$. Then there exist elements $x$ and $y$ of $\Natural$, such that $p$ is equal to the sum of $x ^{ 2}$ and $y ^{ 2}$.

Thm20a. Let $p$ be a natural number. Assume that $p$ is prime. Let $k$ be an element of $\Natural$. Assume that $p$ is equal to the sum of the product of $4$ and $k$ and $1$. Then there exist elements $x$ and $y$ of $\Natural$, such that $p$ is equal to the sum of $x ^{ 2}$ and $y ^{ 2}$.

Thm20a. Let $p$ be a natural number. Assume that $p$ is prime. Let $k$ be a natural number. Assume that $p$ is equal to the sum of the product of $4$ and $k$ and $1$. Then there exist elements $x$ and $y$ of $\Natural$, such that $p$ is equal to the sum of the square of $x$ and the square of $y$.

Thm20a. Let $p$ be a natural number. Assume that $p$ is prime. Let $k$ be a natural number. Assume that $p$ is equal to $4 \times k + 1$. Then there exists an element $x$ of $\Natural$, such that there exists a natural number $y$, such that $p$ is equal to the sum of $x ^{ 2}$ and $y ^{ 2}$.

Thm20a. Let $p$ be a natural number. Assume that $p$ is prime. Let $k$ be a natural number. Assume that $p$ is equal to $4 \times k + 1$. Then there exists a natural number $x$, such that there exists an element $y$ of $\Natural$, such that $p$ is equal to the sum of $x ^{ 2}$ and $y ^{ 2}$.

Thm20a. Let $p$ be an element of $\Natural$. Assume that $p$ is prime. Let $k$ be an element of $\Natural$. Assume that $p$ is equal to the sum of the product of $4$ and $k$ and $1$. Then there exist natural numbers $x$ and $y$, such that $p$ is equal to the sum of $x ^{ 2}$ and $y ^{ 2}$.

Thm20a. Let $p$ be an element of $\Natural$. Assume that $p$ is prime. Let $k$ be a natural number. Assume that $p$ is equal to the sum of the product of $4$ and $k$ and $1$. Then there exist natural numbers $x$ and $y$, such that $p$ is equal to the sum of the square of $x$ and the square of $y$.

Thm20a. Let $p$ be a natural number. Assume that $p$ is prime. Let $k$ be an element of $\Natural$. Assume that $p$ is equal to the sum of the product of $4$ and $k$ and $1$. Then there exist natural numbers $x$ and $y$, such that $p$ is equal to the sum of the square of $x$ and the square of $y$.

Thm20a. Let $p$ be a natural number. Assume that $p$ is prime. Let $k$ be a natural number. Assume that $p$ is equal to the sum of the product of $4$ and $k$ and $1$. Then there exists an element $x$ of $\Natural$, such that there exists a natural number $y$, such that $p = x ^{ 2}+ y ^{ 2}$.

Thm20a. Let $p$ be a natural number. Assume that $p$ is prime. Let $k$ be a natural number. Assume that $p$ is equal to the sum of the product of $4$ and $k$ and $1$. Then there exists a natural number $x$, such that there exists an element $y$ of $\Natural$, such that $p = x ^{ 2}+ y ^{ 2}$.

Thm20a. Let $p$ be an element of $\Natural$. Assume that $p$ is prime. Let $k$ be an element of $\Natural$. Assume that $p$ is equal to the sum of $4 \times k$ and $1$. Then there exist elements $x$ and $y$ of $\Natural$, such that $p$ is equal to the sum of the square of $x$ and $y ^{ 2}$.

Thm20a. Let $p$ be an element of $\Natural$. Assume that $p$ is prime. Let $k$ be an element of $\Natural$. Assume that $p$ is equal to the sum of $4 \times k$ and $1$. Then there exist elements $x$ and $y$ of $\Natural$, such that $p$ is equal to the sum of $x ^{ 2}$ and the square of $y$.

Thm20a. Let $p$ be an element of $\Natural$. Assume that $p$ is prime. Let $k$ be an element of $\Natural$. Assume that $p$ is equal to $4 \times k + 1$. Then there exists an element $x$ of $\Natural$, such that there exists a natural number $y$, such that $p$ is equal to $x ^{ 2}+ y ^{ 2}$.

Thm20a. Let $p$ be an element of $\Natural$. Assume that $p$ is prime. Let $k$ be an element of $\Natural$. Assume that $p$ is equal to $4 \times k + 1$. Then there exists a natural number $x$, such that there exists an element $y$ of $\Natural$, such that $p$ is equal to $x ^{ 2}+ y ^{ 2}$.

Thm20a. Let $p$ be an element of $\Natural$. Assume that $p$ is prime. Let $k$ be a natural number. Assume that $p = 4 \times k + 1$. Then there exists an element $x$ of $\Natural$, such that there exists a natural number $y$, such that $p$ is equal to the sum of the square of $x$ and $y ^{ 2}$.

Thm20a. Let $p$ be an element of $\Natural$. Assume that $p$ is prime. Let $k$ be a natural number. Assume that $p = 4 \times k + 1$. Then there exists an element $x$ of $\Natural$, such that there exists a natural number $y$, such that $p$ is equal to the sum of $x ^{ 2}$ and the square of $y$.

Thm20a. Let $p$ be an element of $\Natural$. Assume that $p$ is prime. Let $k$ be a natural number. Assume that $p = 4 \times k + 1$. Then there exists a natural number $x$, such that there exists an element $y$ of $\Natural$, such that $p$ is equal to the sum of the square of $x$ and $y ^{ 2}$.

Thm20a. Let $p$ be an element of $\Natural$. Assume that $p$ is prime. Let $k$ be a natural number. Assume that $p = 4 \times k + 1$. Then there exists a natural number $x$, such that there exists an element $y$ of $\Natural$, such that $p$ is equal to the sum of $x ^{ 2}$ and the square of $y$.

Thm20a. Let $p$ be a natural number. Assume that $p$ is prime. Let $k$ be an element of $\Natural$. Assume that $p = 4 \times k + 1$. Then there exists an element $x$ of $\Natural$, such that there exists a natural number $y$, such that $p$ is equal to the sum of the square of $x$ and $y ^{ 2}$.

Thm20a. Let $p$ be a natural number. Assume that $p$ is prime. Let $k$ be an element of $\Natural$. Assume that $p = 4 \times k + 1$. Then there exists an element $x$ of $\Natural$, such that there exists a natural number $y$, such that $p$ is equal to the sum of $x ^{ 2}$ and the square of $y$.

Thm20a. Let $p$ be a natural number. Assume that $p$ is prime. Let $k$ be an element of $\Natural$. Assume that $p = 4 \times k + 1$. Then there exists a natural number $x$, such that there exists an element $y$ of $\Natural$, such that $p$ is equal to the sum of the square of $x$ and $y ^{ 2}$.

Thm20a. Let $p$ be a natural number. Assume that $p$ is prime. Let $k$ be an element of $\Natural$. Assume that $p = 4 \times k + 1$. Then there exists a natural number $x$, such that there exists an element $y$ of $\Natural$, such that $p$ is equal to the sum of $x ^{ 2}$ and the square of $y$.

Thm20a. Let $p$ be an element of $\Natural$. Assume that $p$ is prime. Let $k$ be a natural number. Assume that $p$ is equal to the sum of the product of $4$ and $k$ and $1$. Then there exist elements $x$ and $y$ of $\Natural$, such that $p$ is equal to the sum of the square of $x$ and $y ^{ 2}$.

Thm20a. Let $p$ be an element of $\Natural$. Assume that $p$ is prime. Let $k$ be a natural number. Assume that $p$ is equal to the sum of the product of $4$ and $k$ and $1$. Then there exist elements $x$ and $y$ of $\Natural$, such that $p$ is equal to the sum of $x ^{ 2}$ and the square of $y$.

Thm20a. Let $p$ be a natural number. Assume that $p$ is prime. Let $k$ be an element of $\Natural$. Assume that $p$ is equal to the sum of the product of $4$ and $k$ and $1$. Then there exist elements $x$ and $y$ of $\Natural$, such that $p$ is equal to the sum of the square of $x$ and $y ^{ 2}$.

Thm20a. Let $p$ be a natural number. Assume that $p$ is prime. Let $k$ be an element of $\Natural$. Assume that $p$ is equal to the sum of the product of $4$ and $k$ and $1$. Then there exist elements $x$ and $y$ of $\Natural$, such that $p$ is equal to the sum of $x ^{ 2}$ and the square of $y$.

Thm20a. Let $p$ be a natural number. Assume that $p$ is prime. Let $k$ be a natural number. Assume that $p$ is equal to $4 \times k + 1$. Then there exists an element $x$ of $\Natural$, such that there exists a natural number $y$, such that $p$ is equal to the sum of the square of $x$ and $y ^{ 2}$.

Thm20a. Let $p$ be a natural number. Assume that $p$ is prime. Let $k$ be a natural number. Assume that $p$ is equal to $4 \times k + 1$. Then there exists an element $x$ of $\Natural$, such that there exists a natural number $y$, such that $p$ is equal to the sum of $x ^{ 2}$ and the square of $y$.

Thm20a. Let $p$ be a natural number. Assume that $p$ is prime. Let $k$ be a natural number. Assume that $p$ is equal to $4 \times k + 1$. Then there exists a natural number $x$, such that there exists an element $y$ of $\Natural$, such that $p$ is equal to the sum of the square of $x$ and $y ^{ 2}$.

Thm20a. Let $p$ be a natural number. Assume that $p$ is prime. Let $k$ be a natural number. Assume that $p$ is equal to $4 \times k + 1$. Then there exists a natural number $x$, such that there exists an element $y$ of $\Natural$, such that $p$ is equal to the sum of $x ^{ 2}$ and the square of $y$.

Thm20a. Let $p$ be an element of $\Natural$. Assume that $p$ is prime. Let $k$ be an element of $\Natural$. Assume that $p$ is equal to the sum of the product of $4$ and $k$ and $1$. Then there exist natural numbers $x$ and $y$, such that $p$ is equal to the sum of the square of $x$ and $y ^{ 2}$.

Thm20a. Let $p$ be an element of $\Natural$. Assume that $p$ is prime. Let $k$ be an element of $\Natural$. Assume that $p$ is equal to the sum of the product of $4$ and $k$ and $1$. Then there exist natural numbers $x$ and $y$, such that $p$ is equal to the sum of $x ^{ 2}$ and the square of $y$.

Thm20a. Let $p$ be an element of $\Natural$. Assume that $p$ is prime. Let $k$ be an element of $\Natural$. Assume that $p$ is equal to the sum of $4 \times k$ and $1$. Then there exist elements $x$ and $y$ of $\Natural$, such that $p$ is equal to the sum of the square of $x$ and the square of $y$.

Thm20a. Let $p$ be an element of $\Natural$. Assume that $p$ is prime. Let $k$ be an element of $\Natural$. Assume that $p$ is equal to the sum of $4 \times k$ and $1$. Then there exists an element $x$ of $\Natural$, such that there exists a natural number $y$, such that $p = x ^{ 2}+ y ^{ 2}$.

Thm20a. Let $p$ be an element of $\Natural$. Assume that $p$ is prime. Let $k$ be an element of $\Natural$. Assume that $p$ is equal to the sum of $4 \times k$ and $1$. Then there exists a natural number $x$, such that there exists an element $y$ of $\Natural$, such that $p = x ^{ 2}+ y ^{ 2}$.

Thm20a. Let $p$ be an element of $\Natural$. Assume that $p$ is prime. Let $k$ be a natural number. Assume that $p$ is equal to the sum of $4 \times k$ and $1$. Then there exists an element $x$ of $\Natural$, such that there exists a natural number $y$, such that $p$ is equal to $x ^{ 2}+ y ^{ 2}$.

Thm20a. Let $p$ be an element of $\Natural$. Assume that $p$ is prime. Let $k$ be a natural number. Assume that $p$ is equal to the sum of $4 \times k$ and $1$. Then there exists a natural number $x$, such that there exists an element $y$ of $\Natural$, such that $p$ is equal to $x ^{ 2}+ y ^{ 2}$.

Thm20a. Let $p$ be a natural number. Assume that $p$ is prime. Let $k$ be an element of $\Natural$. Assume that $p$ is equal to the sum of $4 \times k$ and $1$. Then there exists an element $x$ of $\Natural$, such that there exists a natural number $y$, such that $p$ is equal to $x ^{ 2}+ y ^{ 2}$.

Thm20a. Let $p$ be a natural number. Assume that $p$ is prime. Let $k$ be an element of $\Natural$. Assume that $p$ is equal to the sum of $4 \times k$ and $1$. Then there exists a natural number $x$, such that there exists an element $y$ of $\Natural$, such that $p$ is equal to $x ^{ 2}+ y ^{ 2}$.

Thm20a. Let $p$ be an element of $\Natural$. Assume that $p$ is prime. Let $k$ be an element of $\Natural$. Assume that $p = 4 \times k + 1$. Then there exists an element $x$ of $\Natural$, such that there exists a natural number $y$, such that $p$ is equal to the sum of $x ^{ 2}$ and $y ^{ 2}$.

Thm20a. Let $p$ be an element of $\Natural$. Assume that $p$ is prime. Let $k$ be an element of $\Natural$. Assume that $p = 4 \times k + 1$. Then there exists a natural number $x$, such that there exists an element $y$ of $\Natural$, such that $p$ is equal to the sum of $x ^{ 2}$ and $y ^{ 2}$.

Thm20a. Let $p$ be an element of $\Natural$. Assume that $p$ is prime. Let $k$ be a natural number. Assume that $p = 4 \times k + 1$. Then there exists an element $x$ of $\Natural$, such that there exists a natural number $y$, such that $p$ is equal to the sum of the square of $x$ and the square of $y$.

Thm20a. Let $p$ be an element of $\Natural$. Assume that $p$ is prime. Let $k$ be a natural number. Assume that $p = 4 \times k + 1$. Then there exists a natural number $x$, such that there exists an element $y$ of $\Natural$, such that $p$ is equal to the sum of the square of $x$ and the square of $y$.

Thm20a. Let $p$ be a natural number. Assume that $p$ is prime. Let $k$ be an element of $\Natural$. Assume that $p = 4 \times k + 1$. Then there exists an element $x$ of $\Natural$, such that there exists a natural number $y$, such that $p$ is equal to the sum of the square of $x$ and the square of $y$.

Thm20a. Let $p$ be a natural number. Assume that $p$ is prime. Let $k$ be an element of $\Natural$. Assume that $p = 4 \times k + 1$. Then there exists a natural number $x$, such that there exists an element $y$ of $\Natural$, such that $p$ is equal to the sum of the square of $x$ and the square of $y$.

Thm20a. Let $p$ be an element of $\Natural$. Assume that $p$ is prime. Let $k$ be an element of $\Natural$. Assume that $p$ is equal to the sum of the product of $4$ and $k$ and $1$. Then there exist elements $x$ and $y$ of $\Natural$, such that $p$ is equal to the sum of $x ^{ 2}$ and $y ^{ 2}$.

Thm20a. Let $p$ be an element of $\Natural$. Assume that $p$ is prime. Let $k$ be a natural number. Assume that $p$ is equal to the sum of the product of $4$ and $k$ and $1$. Then there exist elements $x$ and $y$ of $\Natural$, such that $p$ is equal to the sum of the square of $x$ and the square of $y$.

Thm20a. Let $p$ be an element of $\Natural$. Assume that $p$ is prime. Let $k$ be a natural number. Assume that $p$ is equal to $4 \times k + 1$. Then there exists an element $x$ of $\Natural$, such that there exists a natural number $y$, such that $p$ is equal to the sum of $x ^{ 2}$ and $y ^{ 2}$.

Thm20a. Let $p$ be an element of $\Natural$. Assume that $p$ is prime. Let $k$ be a natural number. Assume that $p$ is equal to $4 \times k + 1$. Then there exists a natural number $x$, such that there exists an element $y$ of $\Natural$, such that $p$ is equal to the sum of $x ^{ 2}$ and $y ^{ 2}$.

Thm20a. Let $p$ be a natural number. Assume that $p$ is prime. Let $k$ be an element of $\Natural$. Assume that $p$ is equal to the sum of the product of $4$ and $k$ and $1$. Then there exist elements $x$ and $y$ of $\Natural$, such that $p$ is equal to the sum of the square of $x$ and the square of $y$.

Thm20a. Let $p$ be a natural number. Assume that $p$ is prime. Let $k$ be an element of $\Natural$. Assume that $p$ is equal to $4 \times k + 1$. Then there exists an element $x$ of $\Natural$, such that there exists a natural number $y$, such that $p$ is equal to the sum of $x ^{ 2}$ and $y ^{ 2}$.

Thm20a. Let $p$ be a natural number. Assume that $p$ is prime. Let $k$ be an element of $\Natural$. Assume that $p$ is equal to $4 \times k + 1$. Then there exists a natural number $x$, such that there exists an element $y$ of $\Natural$, such that $p$ is equal to the sum of $x ^{ 2}$ and $y ^{ 2}$.

Thm20a. Let $p$ be a natural number. Assume that $p$ is prime. Let $k$ be a natural number. Assume that $p$ is equal to $4 \times k + 1$. Then there exists an element $x$ of $\Natural$, such that there exists a natural number $y$, such that $p$ is equal to the sum of the square of $x$ and the square of $y$.

Thm20a. Let $p$ be a natural number. Assume that $p$ is prime. Let $k$ be a natural number. Assume that $p$ is equal to $4 \times k + 1$. Then there exists a natural number $x$, such that there exists an element $y$ of $\Natural$, such that $p$ is equal to the sum of the square of $x$ and the square of $y$.

Thm20a. Let $p$ be an element of $\Natural$. Assume that $p$ is prime. Let $k$ be an element of $\Natural$. Assume that $p$ is equal to the sum of the product of $4$ and $k$ and $1$. Then there exist natural numbers $x$ and $y$, such that $p$ is equal to the sum of the square of $x$ and the square of $y$.

Thm20a. Let $p$ be an element of $\Natural$. Assume that $p$ is prime. Let $k$ be a natural number. Assume that $p$ is equal to the sum of the product of $4$ and $k$ and $1$. Then there exists an element $x$ of $\Natural$, such that there exists a natural number $y$, such that $p = x ^{ 2}+ y ^{ 2}$.

Thm20a. Let $p$ be an element of $\Natural$. Assume that $p$ is prime. Let $k$ be a natural number. Assume that $p$ is equal to the sum of the product of $4$ and $k$ and $1$. Then there exists a natural number $x$, such that there exists an element $y$ of $\Natural$, such that $p = x ^{ 2}+ y ^{ 2}$.

Thm20a. Let $p$ be a natural number. Assume that $p$ is prime. Let $k$ be an element of $\Natural$. Assume that $p$ is equal to the sum of the product of $4$ and $k$ and $1$. Then there exists an element $x$ of $\Natural$, such that there exists a natural number $y$, such that $p = x ^{ 2}+ y ^{ 2}$.

Thm20a. Let $p$ be a natural number. Assume that $p$ is prime. Let $k$ be an element of $\Natural$. Assume that $p$ is equal to the sum of the product of $4$ and $k$ and $1$. Then there exists a natural number $x$, such that there exists an element $y$ of $\Natural$, such that $p = x ^{ 2}+ y ^{ 2}$.

Thm20a. Let $p$ be a natural number. Assume that $p$ is prime. Let $k$ be a natural number. Assume that $p$ is equal to the sum of the product of $4$ and $k$ and $1$. Then there exists an element $x$ of $\Natural$, such that there exists a natural number $y$, such that $p$ is equal to $x ^{ 2}+ y ^{ 2}$.

Thm20a. Let $p$ be a natural number. Assume that $p$ is prime. Let $k$ be a natural number. Assume that $p$ is equal to the sum of the product of $4$ and $k$ and $1$. Then there exists a natural number $x$, such that there exists an element $y$ of $\Natural$, such that $p$ is equal to $x ^{ 2}+ y ^{ 2}$.

Thm20a. Let $p$ be an element of $\Natural$. Assume that $p$ is prime. Let $k$ be an element of $\Natural$. Assume that $p = 4 \times k + 1$. Then there exists an element $x$ of $\Natural$, such that there exists a natural number $y$, such that $p$ is equal to the sum of the square of $x$ and $y ^{ 2}$.

Thm20a. Let $p$ be an element of $\Natural$. Assume that $p$ is prime. Let $k$ be an element of $\Natural$. Assume that $p = 4 \times k + 1$. Then there exists an element $x$ of $\Natural$, such that there exists a natural number $y$, such that $p$ is equal to the sum of $x ^{ 2}$ and the square of $y$.

Thm20a. Let $p$ be an element of $\Natural$. Assume that $p$ is prime. Let $k$ be an element of $\Natural$. Assume that $p = 4 \times k + 1$. Then there exists a natural number $x$, such that there exists an element $y$ of $\Natural$, such that $p$ is equal to the sum of the square of $x$ and $y ^{ 2}$.

Thm20a. Let $p$ be an element of $\Natural$. Assume that $p$ is prime. Let $k$ be an element of $\Natural$. Assume that $p = 4 \times k + 1$. Then there exists a natural number $x$, such that there exists an element $y$ of $\Natural$, such that $p$ is equal to the sum of $x ^{ 2}$ and the square of $y$.

Thm20a. Let $p$ be a natural number. Assume that $p$ is prime. Let $k$ be a natural number. Assume that $p$ is equal to the sum of $4 \times k$ and $1$. Then there exists an element $x$ of $\Natural$, such that there exists a natural number $y$, such that $p$ is equal to the sum of $x ^{ 2}$ and $y ^{ 2}$.

Thm20a. Let $p$ be a natural number. Assume that $p$ is prime. Let $k$ be a natural number. Assume that $p$ is equal to the sum of $4 \times k$ and $1$. Then there exists a natural number $x$, such that there exists an element $y$ of $\Natural$, such that $p$ is equal to the sum of $x ^{ 2}$ and $y ^{ 2}$.

Thm20a. Let $p$ be an element of $\Natural$. Assume that $p$ is prime. Let $k$ be an element of $\Natural$. Assume that $p$ is equal to the sum of the product of $4$ and $k$ and $1$. Then there exist elements $x$ and $y$ of $\Natural$, such that $p$ is equal to the sum of the square of $x$ and $y ^{ 2}$.

Thm20a. Let $p$ be an element of $\Natural$. Assume that $p$ is prime. Let $k$ be an element of $\Natural$. Assume that $p$ is equal to the sum of the product of $4$ and $k$ and $1$. Then there exist elements $x$ and $y$ of $\Natural$, such that $p$ is equal to the sum of $x ^{ 2}$ and the square of $y$.

Thm20a. Let $p$ be an element of $\Natural$. Assume that $p$ is prime. Let $k$ be a natural number. Assume that $p$ is equal to $4 \times k + 1$. Then there exists an element $x$ of $\Natural$, such that there exists a natural number $y$, such that $p$ is equal to the sum of the square of $x$ and $y ^{ 2}$.

Thm20a. Let $p$ be an element of $\Natural$. Assume that $p$ is prime. Let $k$ be a natural number. Assume that $p$ is equal to $4 \times k + 1$. Then there exists an element $x$ of $\Natural$, such that there exists a natural number $y$, such that $p$ is equal to the sum of $x ^{ 2}$ and the square of $y$.

Thm20a. Let $p$ be an element of $\Natural$. Assume that $p$ is prime. Let $k$ be a natural number. Assume that $p$ is equal to $4 \times k + 1$. Then there exists a natural number $x$, such that there exists an element $y$ of $\Natural$, such that $p$ is equal to the sum of the square of $x$ and $y ^{ 2}$.

Thm20a. Let $p$ be an element of $\Natural$. Assume that $p$ is prime. Let $k$ be a natural number. Assume that $p$ is equal to $4 \times k + 1$. Then there exists a natural number $x$, such that there exists an element $y$ of $\Natural$, such that $p$ is equal to the sum of $x ^{ 2}$ and the square of $y$.

Thm20a. Let $p$ be a natural number. Assume that $p$ is prime. Let $k$ be an element of $\Natural$. Assume that $p$ is equal to $4 \times k + 1$. Then there exists an element $x$ of $\Natural$, such that there exists a natural number $y$, such that $p$ is equal to the sum of the square of $x$ and $y ^{ 2}$.

Thm20a. Let $p$ be a natural number. Assume that $p$ is prime. Let $k$ be an element of $\Natural$. Assume that $p$ is equal to $4 \times k + 1$. Then there exists an element $x$ of $\Natural$, such that there exists a natural number $y$, such that $p$ is equal to the sum of $x ^{ 2}$ and the square of $y$.

Thm20a. Let $p$ be a natural number. Assume that $p$ is prime. Let $k$ be an element of $\Natural$. Assume that $p$ is equal to $4 \times k + 1$. Then there exists a natural number $x$, such that there exists an element $y$ of $\Natural$, such that $p$ is equal to the sum of the square of $x$ and $y ^{ 2}$.

Thm20a. Let $p$ be a natural number. Assume that $p$ is prime. Let $k$ be an element of $\Natural$. Assume that $p$ is equal to $4 \times k + 1$. Then there exists a natural number $x$, such that there exists an element $y$ of $\Natural$, such that $p$ is equal to the sum of $x ^{ 2}$ and the square of $y$.

Thm20a. Let $p$ be an element of $\Natural$. Assume that $p$ is prime. Let $k$ be an element of $\Natural$. Assume that $p$ is equal to the sum of $4 \times k$ and $1$. Then there exists an element $x$ of $\Natural$, such that there exists a natural number $y$, such that $p$ is equal to $x ^{ 2}+ y ^{ 2}$.

Thm20a. Let $p$ be an element of $\Natural$. Assume that $p$ is prime. Let $k$ be an element of $\Natural$. Assume that $p$ is equal to the sum of $4 \times k$ and $1$. Then there exists a natural number $x$, such that there exists an element $y$ of $\Natural$, such that $p$ is equal to $x ^{ 2}+ y ^{ 2}$.

Thm20a. Let $p$ be an element of $\Natural$. Assume that $p$ is prime. Let $k$ be an element of $\Natural$. Assume that $p = 4 \times k + 1$. Then there exists an element $x$ of $\Natural$, such that there exists a natural number $y$, such that $p$ is equal to the sum of the square of $x$ and the square of $y$.

Thm20a. Let $p$ be an element of $\Natural$. Assume that $p$ is prime. Let $k$ be an element of $\Natural$. Assume that $p = 4 \times k + 1$. Then there exists a natural number $x$, such that there exists an element $y$ of $\Natural$, such that $p$ is equal to the sum of the square of $x$ and the square of $y$.

Thm20a. Let $p$ be a natural number. Assume that $p$ is prime. Let $k$ be a natural number. Assume that $p$ is equal to the sum of $4 \times k$ and $1$. Then there exists an element $x$ of $\Natural$, such that there exists a natural number $y$, such that $p$ is equal to the sum of the square of $x$ and $y ^{ 2}$.

Thm20a. Let $p$ be a natural number. Assume that $p$ is prime. Let $k$ be a natural number. Assume that $p$ is equal to the sum of $4 \times k$ and $1$. Then there exists an element $x$ of $\Natural$, such that there exists a natural number $y$, such that $p$ is equal to the sum of $x ^{ 2}$ and the square of $y$.

Thm20a. Let $p$ be a natural number. Assume that $p$ is prime. Let $k$ be a natural number. Assume that $p$ is equal to the sum of $4 \times k$ and $1$. Then there exists a natural number $x$, such that there exists an element $y$ of $\Natural$, such that $p$ is equal to the sum of the square of $x$ and $y ^{ 2}$.

Thm20a. Let $p$ be a natural number. Assume that $p$ is prime. Let $k$ be a natural number. Assume that $p$ is equal to the sum of $4 \times k$ and $1$. Then there exists a natural number $x$, such that there exists an element $y$ of $\Natural$, such that $p$ is equal to the sum of $x ^{ 2}$ and the square of $y$.

Thm20a. Let $p$ be an element of $\Natural$. Assume that $p$ is prime. Let $k$ be an element of $\Natural$. Assume that $p$ is equal to the sum of the product of $4$ and $k$ and $1$. Then there exist elements $x$ and $y$ of $\Natural$, such that $p$ is equal to the sum of the square of $x$ and the square of $y$.

Thm20a. Let $p$ be an element of $\Natural$. Assume that $p$ is prime. Let $k$ be an element of $\Natural$. Assume that $p$ is equal to $4 \times k + 1$. Then there exists an element $x$ of $\Natural$, such that there exists a natural number $y$, such that $p$ is equal to the sum of $x ^{ 2}$ and $y ^{ 2}$.

Thm20a. Let $p$ be an element of $\Natural$. Assume that $p$ is prime. Let $k$ be an element of $\Natural$. Assume that $p$ is equal to $4 \times k + 1$. Then there exists a natural number $x$, such that there exists an element $y$ of $\Natural$, such that $p$ is equal to the sum of $x ^{ 2}$ and $y ^{ 2}$.

Thm20a. Let $p$ be an element of $\Natural$. Assume that $p$ is prime. Let $k$ be a natural number. Assume that $p$ is equal to $4 \times k + 1$. Then there exists an element $x$ of $\Natural$, such that there exists a natural number $y$, such that $p$ is equal to the sum of the square of $x$ and the square of $y$.

Thm20a. Let $p$ be an element of $\Natural$. Assume that $p$ is prime. Let $k$ be a natural number. Assume that $p$ is equal to $4 \times k + 1$. Then there exists a natural number $x$, such that there exists an element $y$ of $\Natural$, such that $p$ is equal to the sum of the square of $x$ and the square of $y$.

Thm20a. Let $p$ be a natural number. Assume that $p$ is prime. Let $k$ be an element of $\Natural$. Assume that $p$ is equal to $4 \times k + 1$. Then there exists an element $x$ of $\Natural$, such that there exists a natural number $y$, such that $p$ is equal to the sum of the square of $x$ and the square of $y$.

Thm20a. Let $p$ be a natural number. Assume that $p$ is prime. Let $k$ be an element of $\Natural$. Assume that $p$ is equal to $4 \times k + 1$. Then there exists a natural number $x$, such that there exists an element $y$ of $\Natural$, such that $p$ is equal to the sum of the square of $x$ and the square of $y$.

Thm20a. Let $p$ be an element of $\Natural$. Assume that $p$ is prime. Let $k$ be an element of $\Natural$. Assume that $p$ is equal to the sum of the product of $4$ and $k$ and $1$. Then there exists an element $x$ of $\Natural$, such that there exists a natural number $y$, such that $p = x ^{ 2}+ y ^{ 2}$.

Thm20a. Let $p$ be an element of $\Natural$. Assume that $p$ is prime. Let $k$ be an element of $\Natural$. Assume that $p$ is equal to the sum of the product of $4$ and $k$ and $1$. Then there exists a natural number $x$, such that there exists an element $y$ of $\Natural$, such that $p = x ^{ 2}+ y ^{ 2}$.

Thm20a. Let $p$ be an element of $\Natural$. Assume that $p$ is prime. Let $k$ be a natural number. Assume that $p$ is equal to the sum of the product of $4$ and $k$ and $1$. Then there exists an element $x$ of $\Natural$, such that there exists a natural number $y$, such that $p$ is equal to $x ^{ 2}+ y ^{ 2}$.

Thm20a. Let $p$ be an element of $\Natural$. Assume that $p$ is prime. Let $k$ be a natural number. Assume that $p$ is equal to the sum of the product of $4$ and $k$ and $1$. Then there exists a natural number $x$, such that there exists an element $y$ of $\Natural$, such that $p$ is equal to $x ^{ 2}+ y ^{ 2}$.

Thm20a. Let $p$ be a natural number. Assume that $p$ is prime. Let $k$ be an element of $\Natural$. Assume that $p$ is equal to the sum of the product of $4$ and $k$ and $1$. Then there exists an element $x$ of $\Natural$, such that there exists a natural number $y$, such that $p$ is equal to $x ^{ 2}+ y ^{ 2}$.

Thm20a. Let $p$ be a natural number. Assume that $p$ is prime. Let $k$ be an element of $\Natural$. Assume that $p$ is equal to the sum of the product of $4$ and $k$ and $1$. Then there exists a natural number $x$, such that there exists an element $y$ of $\Natural$, such that $p$ is equal to $x ^{ 2}+ y ^{ 2}$.

Thm20a. Let $p$ be an element of $\Natural$. Assume that $p$ is prime. Let $k$ be a natural number. Assume that $p$ is equal to the sum of $4 \times k$ and $1$. Then there exists an element $x$ of $\Natural$, such that there exists a natural number $y$, such that $p$ is equal to the sum of $x ^{ 2}$ and $y ^{ 2}$.

Thm20a. Let $p$ be an element of $\Natural$. Assume that $p$ is prime. Let $k$ be a natural number. Assume that $p$ is equal to the sum of $4 \times k$ and $1$. Then there exists a natural number $x$, such that there exists an element $y$ of $\Natural$, such that $p$ is equal to the sum of $x ^{ 2}$ and $y ^{ 2}$.

Thm20a. Let $p$ be a natural number. Assume that $p$ is prime. Let $k$ be an element of $\Natural$. Assume that $p$ is equal to the sum of $4 \times k$ and $1$. Then there exists an element $x$ of $\Natural$, such that there exists a natural number $y$, such that $p$ is equal to the sum of $x ^{ 2}$ and $y ^{ 2}$.

Thm20a. Let $p$ be a natural number. Assume that $p$ is prime. Let $k$ be an element of $\Natural$. Assume that $p$ is equal to the sum of $4 \times k$ and $1$. Then there exists a natural number $x$, such that there exists an element $y$ of $\Natural$, such that $p$ is equal to the sum of $x ^{ 2}$ and $y ^{ 2}$.

Thm20a. Let $p$ be a natural number. Assume that $p$ is prime. Let $k$ be a natural number. Assume that $p$ is equal to the sum of $4 \times k$ and $1$. Then there exists an element $x$ of $\Natural$, such that there exists a natural number $y$, such that $p$ is equal to the sum of the square of $x$ and the square of $y$.

Thm20a. Let $p$ be a natural number. Assume that $p$ is prime. Let $k$ be a natural number. Assume that $p$ is equal to the sum of $4 \times k$ and $1$. Then there exists a natural number $x$, such that there exists an element $y$ of $\Natural$, such that $p$ is equal to the sum of the square of $x$ and the square of $y$.

Thm20a. Let $p$ be an element of $\Natural$. Assume that $p$ is prime. Let $k$ be an element of $\Natural$. Assume that $p$ is equal to $4 \times k + 1$. Then there exists an element $x$ of $\Natural$, such that there exists a natural number $y$, such that $p$ is equal to the sum of the square of $x$ and $y ^{ 2}$.

Thm20a. Let $p$ be an element of $\Natural$. Assume that $p$ is prime. Let $k$ be an element of $\Natural$. Assume that $p$ is equal to $4 \times k + 1$. Then there exists an element $x$ of $\Natural$, such that there exists a natural number $y$, such that $p$ is equal to the sum of $x ^{ 2}$ and the square of $y$.

Thm20a. Let $p$ be an element of $\Natural$. Assume that $p$ is prime. Let $k$ be an element of $\Natural$. Assume that $p$ is equal to $4 \times k + 1$. Then there exists a natural number $x$, such that there exists an element $y$ of $\Natural$, such that $p$ is equal to the sum of the square of $x$ and $y ^{ 2}$.

Thm20a. Let $p$ be an element of $\Natural$. Assume that $p$ is prime. Let $k$ be an element of $\Natural$. Assume that $p$ is equal to $4 \times k + 1$. Then there exists a natural number $x$, such that there exists an element $y$ of $\Natural$, such that $p$ is equal to the sum of $x ^{ 2}$ and the square of $y$.

Thm20a. Let $p$ be a natural number. Assume that $p$ is prime. Let $k$ be a natural number. Assume that $p$ is equal to the sum of the product of $4$ and $k$ and $1$. Then there exists an element $x$ of $\Natural$, such that there exists a natural number $y$, such that $p$ is equal to the sum of $x ^{ 2}$ and $y ^{ 2}$.

Thm20a. Let $p$ be a natural number. Assume that $p$ is prime. Let $k$ be a natural number. Assume that $p$ is equal to the sum of the product of $4$ and $k$ and $1$. Then there exists a natural number $x$, such that there exists an element $y$ of $\Natural$, such that $p$ is equal to the sum of $x ^{ 2}$ and $y ^{ 2}$.

Thm20a. Let $p$ be an element of $\Natural$. Assume that $p$ is prime. Let $k$ be a natural number. Assume that $p$ is equal to the sum of $4 \times k$ and $1$. Then there exists an element $x$ of $\Natural$, such that there exists a natural number $y$, such that $p$ is equal to the sum of the square of $x$ and $y ^{ 2}$.

Thm20a. Let $p$ be an element of $\Natural$. Assume that $p$ is prime. Let $k$ be a natural number. Assume that $p$ is equal to the sum of $4 \times k$ and $1$. Then there exists an element $x$ of $\Natural$, such that there exists a natural number $y$, such that $p$ is equal to the sum of $x ^{ 2}$ and the square of $y$.

Thm20a. Let $p$ be an element of $\Natural$. Assume that $p$ is prime. Let $k$ be a natural number. Assume that $p$ is equal to the sum of $4 \times k$ and $1$. Then there exists a natural number $x$, such that there exists an element $y$ of $\Natural$, such that $p$ is equal to the sum of the square of $x$ and $y ^{ 2}$.

Thm20a. Let $p$ be an element of $\Natural$. Assume that $p$ is prime. Let $k$ be a natural number. Assume that $p$ is equal to the sum of $4 \times k$ and $1$. Then there exists a natural number $x$, such that there exists an element $y$ of $\Natural$, such that $p$ is equal to the sum of $x ^{ 2}$ and the square of $y$.

Thm20a. Let $p$ be a natural number. Assume that $p$ is prime. Let $k$ be an element of $\Natural$. Assume that $p$ is equal to the sum of $4 \times k$ and $1$. Then there exists an element $x$ of $\Natural$, such that there exists a natural number $y$, such that $p$ is equal to the sum of the square of $x$ and $y ^{ 2}$.

Thm20a. Let $p$ be a natural number. Assume that $p$ is prime. Let $k$ be an element of $\Natural$. Assume that $p$ is equal to the sum of $4 \times k$ and $1$. Then there exists an element $x$ of $\Natural$, such that there exists a natural number $y$, such that $p$ is equal to the sum of $x ^{ 2}$ and the square of $y$.

Thm20a. Let $p$ be a natural number. Assume that $p$ is prime. Let $k$ be an element of $\Natural$. Assume that $p$ is equal to the sum of $4 \times k$ and $1$. Then there exists a natural number $x$, such that there exists an element $y$ of $\Natural$, such that $p$ is equal to the sum of the square of $x$ and $y ^{ 2}$.

Thm20a. Let $p$ be a natural number. Assume that $p$ is prime. Let $k$ be an element of $\Natural$. Assume that $p$ is equal to the sum of $4 \times k$ and $1$. Then there exists a natural number $x$, such that there exists an element $y$ of $\Natural$, such that $p$ is equal to the sum of $x ^{ 2}$ and the square of $y$.

Thm20a. Let $p$ be an element of $\Natural$. Assume that $p$ is prime. Let $k$ be an element of $\Natural$. Assume that $p$ is equal to $4 \times k + 1$. Then there exists an element $x$ of $\Natural$, such that there exists a natural number $y$, such that $p$ is equal to the sum of the square of $x$ and the square of $y$.

Thm20a. Let $p$ be an element of $\Natural$. Assume that $p$ is prime. Let $k$ be an element of $\Natural$. Assume that $p$ is equal to $4 \times k + 1$. Then there exists a natural number $x$, such that there exists an element $y$ of $\Natural$, such that $p$ is equal to the sum of the square of $x$ and the square of $y$.

Thm20a. Let $p$ be an element of $\Natural$. Assume that $p$ is prime. Let $k$ be an element of $\Natural$. Assume that $p$ is equal to the sum of the product of $4$ and $k$ and $1$. Then there exists an element $x$ of $\Natural$, such that there exists a natural number $y$, such that $p$ is equal to $x ^{ 2}+ y ^{ 2}$.

Thm20a. Let $p$ be an element of $\Natural$. Assume that $p$ is prime. Let $k$ be an element of $\Natural$. Assume that $p$ is equal to the sum of the product of $4$ and $k$ and $1$. Then there exists a natural number $x$, such that there exists an element $y$ of $\Natural$, such that $p$ is equal to $x ^{ 2}+ y ^{ 2}$.

Thm20a. Let $p$ be a natural number. Assume that $p$ is prime. Let $k$ be a natural number. Assume that $p$ is equal to the sum of the product of $4$ and $k$ and $1$. Then there exists an element $x$ of $\Natural$, such that there exists a natural number $y$, such that $p$ is equal to the sum of the square of $x$ and $y ^{ 2}$.

Thm20a. Let $p$ be a natural number. Assume that $p$ is prime. Let $k$ be a natural number. Assume that $p$ is equal to the sum of the product of $4$ and $k$ and $1$. Then there exists an element $x$ of $\Natural$, such that there exists a natural number $y$, such that $p$ is equal to the sum of $x ^{ 2}$ and the square of $y$.

Thm20a. Let $p$ be a natural number. Assume that $p$ is prime. Let $k$ be a natural number. Assume that $p$ is equal to the sum of the product of $4$ and $k$ and $1$. Then there exists a natural number $x$, such that there exists an element $y$ of $\Natural$, such that $p$ is equal to the sum of the square of $x$ and $y ^{ 2}$.

Thm20a. Let $p$ be a natural number. Assume that $p$ is prime. Let $k$ be a natural number. Assume that $p$ is equal to the sum of the product of $4$ and $k$ and $1$. Then there exists a natural number $x$, such that there exists an element $y$ of $\Natural$, such that $p$ is equal to the sum of $x ^{ 2}$ and the square of $y$.

Thm20a. Let $p$ be an element of $\Natural$. Assume that $p$ is prime. Let $k$ be an element of $\Natural$. Assume that $p$ is equal to the sum of $4 \times k$ and $1$. Then there exists an element $x$ of $\Natural$, such that there exists a natural number $y$, such that $p$ is equal to the sum of $x ^{ 2}$ and $y ^{ 2}$.

Thm20a. Let $p$ be an element of $\Natural$. Assume that $p$ is prime. Let $k$ be an element of $\Natural$. Assume that $p$ is equal to the sum of $4 \times k$ and $1$. Then there exists a natural number $x$, such that there exists an element $y$ of $\Natural$, such that $p$ is equal to the sum of $x ^{ 2}$ and $y ^{ 2}$.

Thm20a. Let $p$ be an element of $\Natural$. Assume that $p$ is prime. Let $k$ be a natural number. Assume that $p$ is equal to the sum of $4 \times k$ and $1$. Then there exists an element $x$ of $\Natural$, such that there exists a natural number $y$, such that $p$ is equal to the sum of the square of $x$ and the square of $y$.

Thm20a. Let $p$ be an element of $\Natural$. Assume that $p$ is prime. Let $k$ be a natural number. Assume that $p$ is equal to the sum of $4 \times k$ and $1$. Then there exists a natural number $x$, such that there exists an element $y$ of $\Natural$, such that $p$ is equal to the sum of the square of $x$ and the square of $y$.

Thm20a. Let $p$ be a natural number. Assume that $p$ is prime. Let $k$ be an element of $\Natural$. Assume that $p$ is equal to the sum of $4 \times k$ and $1$. Then there exists an element $x$ of $\Natural$, such that there exists a natural number $y$, such that $p$ is equal to the sum of the square of $x$ and the square of $y$.

Thm20a. Let $p$ be a natural number. Assume that $p$ is prime. Let $k$ be an element of $\Natural$. Assume that $p$ is equal to the sum of $4 \times k$ and $1$. Then there exists a natural number $x$, such that there exists an element $y$ of $\Natural$, such that $p$ is equal to the sum of the square of $x$ and the square of $y$.

Thm20a. Let $p$ be an element of $\Natural$. Assume that $p$ is prime. Let $k$ be a natural number. Assume that $p$ is equal to the sum of the product of $4$ and $k$ and $1$. Then there exists an element $x$ of $\Natural$, such that there exists a natural number $y$, such that $p$ is equal to the sum of $x ^{ 2}$ and $y ^{ 2}$.

Thm20a. Let $p$ be an element of $\Natural$. Assume that $p$ is prime. Let $k$ be a natural number. Assume that $p$ is equal to the sum of the product of $4$ and $k$ and $1$. Then there exists a natural number $x$, such that there exists an element $y$ of $\Natural$, such that $p$ is equal to the sum of $x ^{ 2}$ and $y ^{ 2}$.

Thm20a. Let $p$ be a natural number. Assume that $p$ is prime. Let $k$ be an element of $\Natural$. Assume that $p$ is equal to the sum of the product of $4$ and $k$ and $1$. Then there exists an element $x$ of $\Natural$, such that there exists a natural number $y$, such that $p$ is equal to the sum of $x ^{ 2}$ and $y ^{ 2}$.

Thm20a. Let $p$ be a natural number. Assume that $p$ is prime. Let $k$ be an element of $\Natural$. Assume that $p$ is equal to the sum of the product of $4$ and $k$ and $1$. Then there exists a natural number $x$, such that there exists an element $y$ of $\Natural$, such that $p$ is equal to the sum of $x ^{ 2}$ and $y ^{ 2}$.

Thm20a. Let $p$ be a natural number. Assume that $p$ is prime. Let $k$ be a natural number. Assume that $p$ is equal to the sum of the product of $4$ and $k$ and $1$. Then there exists an element $x$ of $\Natural$, such that there exists a natural number $y$, such that $p$ is equal to the sum of the square of $x$ and the square of $y$.

Thm20a. Let $p$ be a natural number. Assume that $p$ is prime. Let $k$ be a natural number. Assume that $p$ is equal to the sum of the product of $4$ and $k$ and $1$. Then there exists a natural number $x$, such that there exists an element $y$ of $\Natural$, such that $p$ is equal to the sum of the square of $x$ and the square of $y$.

Thm20a. Let $p$ be an element of $\Natural$. Assume that $p$ is prime. Let $k$ be an element of $\Natural$. Assume that $p$ is equal to the sum of $4 \times k$ and $1$. Then there exists an element $x$ of $\Natural$, such that there exists a natural number $y$, such that $p$ is equal to the sum of the square of $x$ and $y ^{ 2}$.

Thm20a. Let $p$ be an element of $\Natural$. Assume that $p$ is prime. Let $k$ be an element of $\Natural$. Assume that $p$ is equal to the sum of $4 \times k$ and $1$. Then there exists an element $x$ of $\Natural$, such that there exists a natural number $y$, such that $p$ is equal to the sum of $x ^{ 2}$ and the square of $y$.

Thm20a. Let $p$ be an element of $\Natural$. Assume that $p$ is prime. Let $k$ be an element of $\Natural$. Assume that $p$ is equal to the sum of $4 \times k$ and $1$. Then there exists a natural number $x$, such that there exists an element $y$ of $\Natural$, such that $p$ is equal to the sum of the square of $x$ and $y ^{ 2}$.

Thm20a. Let $p$ be an element of $\Natural$. Assume that $p$ is prime. Let $k$ be an element of $\Natural$. Assume that $p$ is equal to the sum of $4 \times k$ and $1$. Then there exists a natural number $x$, such that there exists an element $y$ of $\Natural$, such that $p$ is equal to the sum of $x ^{ 2}$ and the square of $y$.

Thm20a. Let $p$ be an element of $\Natural$. Assume that $p$ is prime. Let $k$ be a natural number. Assume that $p$ is equal to the sum of the product of $4$ and $k$ and $1$. Then there exists an element $x$ of $\Natural$, such that there exists a natural number $y$, such that $p$ is equal to the sum of the square of $x$ and $y ^{ 2}$.

Thm20a. Let $p$ be an element of $\Natural$. Assume that $p$ is prime. Let $k$ be a natural number. Assume that $p$ is equal to the sum of the product of $4$ and $k$ and $1$. Then there exists an element $x$ of $\Natural$, such that there exists a natural number $y$, such that $p$ is equal to the sum of $x ^{ 2}$ and the square of $y$.

Thm20a. Let $p$ be an element of $\Natural$. Assume that $p$ is prime. Let $k$ be a natural number. Assume that $p$ is equal to the sum of the product of $4$ and $k$ and $1$. Then there exists a natural number $x$, such that there exists an element $y$ of $\Natural$, such that $p$ is equal to the sum of the square of $x$ and $y ^{ 2}$.

Thm20a. Let $p$ be an element of $\Natural$. Assume that $p$ is prime. Let $k$ be a natural number. Assume that $p$ is equal to the sum of the product of $4$ and $k$ and $1$. Then there exists a natural number $x$, such that there exists an element $y$ of $\Natural$, such that $p$ is equal to the sum of $x ^{ 2}$ and the square of $y$.

Thm20a. Let $p$ be a natural number. Assume that $p$ is prime. Let $k$ be an element of $\Natural$. Assume that $p$ is equal to the sum of the product of $4$ and $k$ and $1$. Then there exists an element $x$ of $\Natural$, such that there exists a natural number $y$, such that $p$ is equal to the sum of the square of $x$ and $y ^{ 2}$.

Thm20a. Let $p$ be a natural number. Assume that $p$ is prime. Let $k$ be an element of $\Natural$. Assume that $p$ is equal to the sum of the product of $4$ and $k$ and $1$. Then there exists an element $x$ of $\Natural$, such that there exists a natural number $y$, such that $p$ is equal to the sum of $x ^{ 2}$ and the square of $y$.

Thm20a. Let $p$ be a natural number. Assume that $p$ is prime. Let $k$ be an element of $\Natural$. Assume that $p$ is equal to the sum of the product of $4$ and $k$ and $1$. Then there exists a natural number $x$, such that there exists an element $y$ of $\Natural$, such that $p$ is equal to the sum of the square of $x$ and $y ^{ 2}$.

Thm20a. Let $p$ be a natural number. Assume that $p$ is prime. Let $k$ be an element of $\Natural$. Assume that $p$ is equal to the sum of the product of $4$ and $k$ and $1$. Then there exists a natural number $x$, such that there exists an element $y$ of $\Natural$, such that $p$ is equal to the sum of $x ^{ 2}$ and the square of $y$.

Thm20a. Let $p$ be an element of $\Natural$. Assume that $p$ is prime. Let $k$ be an element of $\Natural$. Assume that $p$ is equal to the sum of $4 \times k$ and $1$. Then there exists an element $x$ of $\Natural$, such that there exists a natural number $y$, such that $p$ is equal to the sum of the square of $x$ and the square of $y$.

Thm20a. Let $p$ be an element of $\Natural$. Assume that $p$ is prime. Let $k$ be an element of $\Natural$. Assume that $p$ is equal to the sum of $4 \times k$ and $1$. Then there exists a natural number $x$, such that there exists an element $y$ of $\Natural$, such that $p$ is equal to the sum of the square of $x$ and the square of $y$.

Thm20a. Let $p$ be an element of $\Natural$. Assume that $p$ is prime. Let $k$ be an element of $\Natural$. Assume that $p$ is equal to the sum of the product of $4$ and $k$ and $1$. Then there exists an element $x$ of $\Natural$, such that there exists a natural number $y$, such that $p$ is equal to the sum of $x ^{ 2}$ and $y ^{ 2}$.

Thm20a. Let $p$ be an element of $\Natural$. Assume that $p$ is prime. Let $k$ be an element of $\Natural$. Assume that $p$ is equal to the sum of the product of $4$ and $k$ and $1$. Then there exists a natural number $x$, such that there exists an element $y$ of $\Natural$, such that $p$ is equal to the sum of $x ^{ 2}$ and $y ^{ 2}$.

Thm20a. Let $p$ be an element of $\Natural$. Assume that $p$ is prime. Let $k$ be a natural number. Assume that $p$ is equal to the sum of the product of $4$ and $k$ and $1$. Then there exists an element $x$ of $\Natural$, such that there exists a natural number $y$, such that $p$ is equal to the sum of the square of $x$ and the square of $y$.

Thm20a. Let $p$ be an element of $\Natural$. Assume that $p$ is prime. Let $k$ be a natural number. Assume that $p$ is equal to the sum of the product of $4$ and $k$ and $1$. Then there exists a natural number $x$, such that there exists an element $y$ of $\Natural$, such that $p$ is equal to the sum of the square of $x$ and the square of $y$.

Thm20a. Let $p$ be a natural number. Assume that $p$ is prime. Let $k$ be an element of $\Natural$. Assume that $p$ is equal to the sum of the product of $4$ and $k$ and $1$. Then there exists an element $x$ of $\Natural$, such that there exists a natural number $y$, such that $p$ is equal to the sum of the square of $x$ and the square of $y$.

Thm20a. Let $p$ be a natural number. Assume that $p$ is prime. Let $k$ be an element of $\Natural$. Assume that $p$ is equal to the sum of the product of $4$ and $k$ and $1$. Then there exists a natural number $x$, such that there exists an element $y$ of $\Natural$, such that $p$ is equal to the sum of the square of $x$ and the square of $y$.

Thm20a. Let $p$ be an element of $\Natural$. Assume that $p$ is prime. Let $k$ be an element of $\Natural$. Assume that $p$ is equal to the sum of the product of $4$ and $k$ and $1$. Then there exists an element $x$ of $\Natural$, such that there exists a natural number $y$, such that $p$ is equal to the sum of the square of $x$ and $y ^{ 2}$.

Thm20a. Let $p$ be an element of $\Natural$. Assume that $p$ is prime. Let $k$ be an element of $\Natural$. Assume that $p$ is equal to the sum of the product of $4$ and $k$ and $1$. Then there exists an element $x$ of $\Natural$, such that there exists a natural number $y$, such that $p$ is equal to the sum of $x ^{ 2}$ and the square of $y$.

Thm20a. Let $p$ be an element of $\Natural$. Assume that $p$ is prime. Let $k$ be an element of $\Natural$. Assume that $p$ is equal to the sum of the product of $4$ and $k$ and $1$. Then there exists a natural number $x$, such that there exists an element $y$ of $\Natural$, such that $p$ is equal to the sum of the square of $x$ and $y ^{ 2}$.

Thm20a. Let $p$ be an element of $\Natural$. Assume that $p$ is prime. Let $k$ be an element of $\Natural$. Assume that $p$ is equal to the sum of the product of $4$ and $k$ and $1$. Then there exists a natural number $x$, such that there exists an element $y$ of $\Natural$, such that $p$ is equal to the sum of $x ^{ 2}$ and the square of $y$.

Thm20a. Let $p$ be an element of $\Natural$. Assume that $p$ is prime. Let $k$ be an element of $\Natural$. Assume that $p$ is equal to the sum of the product of $4$ and $k$ and $1$. Then there exists an element $x$ of $\Natural$, such that there exists a natural number $y$, such that $p$ is equal to the sum of the square of $x$ and the square of $y$.

Thm20a. Let $p$ be an element of $\Natural$. Assume that $p$ is prime. Let $k$ be an element of $\Natural$. Assume that $p$ is equal to the sum of the product of $4$ and $k$ and $1$. Then there exists a natural number $x$, such that there exists an element $y$ of $\Natural$, such that $p$ is equal to the sum of the square of $x$ and the square of $y$.

Thm20b. Let $p$ be a natural number. Assume that $p$ is prime. Assume that $\congruent {p}{1}{4}$. Then there exist natural numbers $x$ and $y$, such that $p = x ^{ 2}+ y ^{ 2}$.

Thm20b. Let $p$ be a natural number. Assume that $p$ is prime. Assume that $p$ is congruent to $1$ modulo $4$. Then there exist natural numbers $x$ and $y$, such that $p = x ^{ 2}+ y ^{ 2}$.

Thm20b. Let $p$ be a natural number. Assume that $p$ is prime. Assume that $\congruent {p}{1}{4}$. Then there exist elements $x$ and $y$ of $\Natural$, such that $p = x ^{ 2}+ y ^{ 2}$.

Thm20b. Let $p$ be an element of $\Natural$. Assume that $p$ is prime. Assume that $\congruent {p}{1}{4}$. Then there exist natural numbers $x$ and $y$, such that $p = x ^{ 2}+ y ^{ 2}$.

Thm20b. Let $p$ be a natural number. Assume that $p$ is prime. Assume that $\congruent {p}{1}{4}$. Then there exist natural numbers $x$ and $y$, such that $p$ is equal to $x ^{ 2}+ y ^{ 2}$.

Thm20b. Let $p$ be a natural number. Assume that $p$ is prime. Assume that $p$ is congruent to $1$ modulo $4$. Then there exist elements $x$ and $y$ of $\Natural$, such that $p = x ^{ 2}+ y ^{ 2}$.

Thm20b. Let $p$ be an element of $\Natural$. Assume that $p$ is prime. Assume that $p$ is congruent to $1$ modulo $4$. Then there exist natural numbers $x$ and $y$, such that $p = x ^{ 2}+ y ^{ 2}$.

Thm20b. Let $p$ be an element of $\Natural$. Assume that $p$ is prime. Assume that $\congruent {p}{1}{4}$. Then there exist elements $x$ and $y$ of $\Natural$, such that $p = x ^{ 2}+ y ^{ 2}$.

Thm20b. Let $p$ be a natural number. Assume that $p$ is prime. Assume that $p$ is congruent to $1$ modulo $4$. Then there exist natural numbers $x$ and $y$, such that $p$ is equal to $x ^{ 2}+ y ^{ 2}$.

Thm20b. Let $p$ be a natural number. Assume that $p$ is prime. Assume that $\congruent {p}{1}{4}$. Then there exist elements $x$ and $y$ of $\Natural$, such that $p$ is equal to $x ^{ 2}+ y ^{ 2}$.

Thm20b. Let $p$ be an element of $\Natural$. Assume that $p$ is prime. Assume that $\congruent {p}{1}{4}$. Then there exist natural numbers $x$ and $y$, such that $p$ is equal to $x ^{ 2}+ y ^{ 2}$.

Thm20b. Let $p$ be a natural number. Assume that $p$ is prime. Assume that $\congruent {p}{1}{4}$. Then there exist natural numbers $x$ and $y$, such that $p$ is equal to the sum of $x ^{ 2}$ and $y ^{ 2}$.

Thm20b. Let $p$ be an element of $\Natural$. Assume that $p$ is prime. Assume that $p$ is congruent to $1$ modulo $4$. Then there exist elements $x$ and $y$ of $\Natural$, such that $p = x ^{ 2}+ y ^{ 2}$.

Thm20b. Let $p$ be a natural number. Assume that $p$ is prime. Assume that $p$ is congruent to $1$ modulo $4$. Then there exist elements $x$ and $y$ of $\Natural$, such that $p$ is equal to $x ^{ 2}+ y ^{ 2}$.

Thm20b. Let $p$ be an element of $\Natural$. Assume that $p$ is prime. Assume that $p$ is congruent to $1$ modulo $4$. Then there exist natural numbers $x$ and $y$, such that $p$ is equal to $x ^{ 2}+ y ^{ 2}$.

Thm20b. Let $p$ be an element of $\Natural$. Assume that $p$ is prime. Assume that $\congruent {p}{1}{4}$. Then there exist elements $x$ and $y$ of $\Natural$, such that $p$ is equal to $x ^{ 2}+ y ^{ 2}$.

Thm20b. Let $p$ be a natural number. Assume that $p$ is prime. Assume that $\congruent {p}{1}{4}$. Then there exist natural numbers $x$ and $y$, such that $p$ is equal to the sum of the square of $x$ and $y ^{ 2}$.

Thm20b. Let $p$ be a natural number. Assume that $p$ is prime. Assume that $\congruent {p}{1}{4}$. Then there exist natural numbers $x$ and $y$, such that $p$ is equal to the sum of $x ^{ 2}$ and the square of $y$.

Thm20b. Let $p$ be a natural number. Assume that $p$ is prime. Assume that $p$ is congruent to $1$ modulo $4$. Then there exist natural numbers $x$ and $y$, such that $p$ is equal to the sum of $x ^{ 2}$ and $y ^{ 2}$.

Thm20b. Let $p$ be a natural number. Assume that $p$ is prime. Assume that $\congruent {p}{1}{4}$. Then there exist elements $x$ and $y$ of $\Natural$, such that $p$ is equal to the sum of $x ^{ 2}$ and $y ^{ 2}$.

Thm20b. Let $p$ be an element of $\Natural$. Assume that $p$ is prime. Assume that $\congruent {p}{1}{4}$. Then there exist natural numbers $x$ and $y$, such that $p$ is equal to the sum of $x ^{ 2}$ and $y ^{ 2}$.

Thm20b. Let $p$ be a natural number. Assume that $p$ is prime. Assume that $\congruent {p}{1}{4}$. Then there exist natural numbers $x$ and $y$, such that $p$ is equal to the sum of the square of $x$ and the square of $y$.

Thm20b. Let $p$ be an element of $\Natural$. Assume that $p$ is prime. Assume that $p$ is congruent to $1$ modulo $4$. Then there exist elements $x$ and $y$ of $\Natural$, such that $p$ is equal to $x ^{ 2}+ y ^{ 2}$.

Thm20b. Let $p$ be a natural number. Assume that $p$ is prime. Assume that $p$ is congruent to $1$ modulo $4$. Then there exist natural numbers $x$ and $y$, such that $p$ is equal to the sum of the square of $x$ and $y ^{ 2}$.

Thm20b. Let $p$ be a natural number. Assume that $p$ is prime. Assume that $p$ is congruent to $1$ modulo $4$. Then there exist natural numbers $x$ and $y$, such that $p$ is equal to the sum of $x ^{ 2}$ and the square of $y$.

Thm20b. Let $p$ be a natural number. Assume that $p$ is prime. Assume that $\congruent {p}{1}{4}$. Then there exist elements $x$ and $y$ of $\Natural$, such that $p$ is equal to the sum of the square of $x$ and $y ^{ 2}$.

Thm20b. Let $p$ be a natural number. Assume that $p$ is prime. Assume that $\congruent {p}{1}{4}$. Then there exist elements $x$ and $y$ of $\Natural$, such that $p$ is equal to the sum of $x ^{ 2}$ and the square of $y$.

Thm20b. Let $p$ be an element of $\Natural$. Assume that $p$ is prime. Assume that $\congruent {p}{1}{4}$. Then there exist natural numbers $x$ and $y$, such that $p$ is equal to the sum of the square of $x$ and $y ^{ 2}$.

Thm20b. Let $p$ be an element of $\Natural$. Assume that $p$ is prime. Assume that $\congruent {p}{1}{4}$. Then there exist natural numbers $x$ and $y$, such that $p$ is equal to the sum of $x ^{ 2}$ and the square of $y$.

Thm20b. Let $p$ be a natural number. Assume that $p$ is prime. Assume that $p$ is congruent to $1$ modulo $4$. Then there exist elements $x$ and $y$ of $\Natural$, such that $p$ is equal to the sum of $x ^{ 2}$ and $y ^{ 2}$.

Thm20b. Let $p$ be an element of $\Natural$. Assume that $p$ is prime. Assume that $p$ is congruent to $1$ modulo $4$. Then there exist natural numbers $x$ and $y$, such that $p$ is equal to the sum of $x ^{ 2}$ and $y ^{ 2}$.

Thm20b. Let $p$ be a natural number. Assume that $p$ is prime. Assume that $p$ is congruent to $1$ modulo $4$. Then there exist natural numbers $x$ and $y$, such that $p$ is equal to the sum of the square of $x$ and the square of $y$.

Thm20b. Let $p$ be an element of $\Natural$. Assume that $p$ is prime. Assume that $\congruent {p}{1}{4}$. Then there exist elements $x$ and $y$ of $\Natural$, such that $p$ is equal to the sum of $x ^{ 2}$ and $y ^{ 2}$.

Thm20b. Let $p$ be a natural number. Assume that $p$ is prime. Assume that $\congruent {p}{1}{4}$. Then there exist elements $x$ and $y$ of $\Natural$, such that $p$ is equal to the sum of the square of $x$ and the square of $y$.

Thm20b. Let $p$ be an element of $\Natural$. Assume that $p$ is prime. Assume that $\congruent {p}{1}{4}$. Then there exist natural numbers $x$ and $y$, such that $p$ is equal to the sum of the square of $x$ and the square of $y$.

Thm20b. Let $p$ be a natural number. Assume that $p$ is prime. Assume that $\congruent {p}{1}{4}$. Then there exists an element $x$ of $\Natural$, such that there exists a natural number $y$, such that $p = x ^{ 2}+ y ^{ 2}$.

Thm20b. Let $p$ be a natural number. Assume that $p$ is prime. Assume that $\congruent {p}{1}{4}$. Then there exists a natural number $x$, such that there exists an element $y$ of $\Natural$, such that $p = x ^{ 2}+ y ^{ 2}$.

Thm20b. Let $p$ be a natural number. Assume that $p$ is prime. Assume that $p$ is congruent to $1$ modulo $4$. Then there exist elements $x$ and $y$ of $\Natural$, such that $p$ is equal to the sum of the square of $x$ and $y ^{ 2}$.

Thm20b. Let $p$ be a natural number. Assume that $p$ is prime. Assume that $p$ is congruent to $1$ modulo $4$. Then there exist elements $x$ and $y$ of $\Natural$, such that $p$ is equal to the sum of $x ^{ 2}$ and the square of $y$.

Thm20b. Let $p$ be an element of $\Natural$. Assume that $p$ is prime. Assume that $p$ is congruent to $1$ modulo $4$. Then there exist natural numbers $x$ and $y$, such that $p$ is equal to the sum of the square of $x$ and $y ^{ 2}$.

Thm20b. Let $p$ be an element of $\Natural$. Assume that $p$ is prime. Assume that $p$ is congruent to $1$ modulo $4$. Then there exist natural numbers $x$ and $y$, such that $p$ is equal to the sum of $x ^{ 2}$ and the square of $y$.

Thm20b. Let $p$ be an element of $\Natural$. Assume that $p$ is prime. Assume that $\congruent {p}{1}{4}$. Then there exist elements $x$ and $y$ of $\Natural$, such that $p$ is equal to the sum of the square of $x$ and $y ^{ 2}$.

Thm20b. Let $p$ be an element of $\Natural$. Assume that $p$ is prime. Assume that $\congruent {p}{1}{4}$. Then there exist elements $x$ and $y$ of $\Natural$, such that $p$ is equal to the sum of $x ^{ 2}$ and the square of $y$.

Thm20b. Let $p$ be an element of $\Natural$. Assume that $p$ is prime. Assume that $p$ is congruent to $1$ modulo $4$. Then there exist elements $x$ and $y$ of $\Natural$, such that $p$ is equal to the sum of $x ^{ 2}$ and $y ^{ 2}$.

Thm20b. Let $p$ be a natural number. Assume that $p$ is prime. Assume that $p$ is congruent to $1$ modulo $4$. Then there exist elements $x$ and $y$ of $\Natural$, such that $p$ is equal to the sum of the square of $x$ and the square of $y$.

Thm20b. Let $p$ be an element of $\Natural$. Assume that $p$ is prime. Assume that $p$ is congruent to $1$ modulo $4$. Then there exist natural numbers $x$ and $y$, such that $p$ is equal to the sum of the square of $x$ and the square of $y$.

Thm20b. Let $p$ be an element of $\Natural$. Assume that $p$ is prime. Assume that $\congruent {p}{1}{4}$. Then there exist elements $x$ and $y$ of $\Natural$, such that $p$ is equal to the sum of the square of $x$ and the square of $y$.

Thm20b. Let $p$ be a natural number. Assume that $p$ is prime. Assume that $p$ is congruent to $1$ modulo $4$. Then there exists an element $x$ of $\Natural$, such that there exists a natural number $y$, such that $p = x ^{ 2}+ y ^{ 2}$.

Thm20b. Let $p$ be a natural number. Assume that $p$ is prime. Assume that $p$ is congruent to $1$ modulo $4$. Then there exists a natural number $x$, such that there exists an element $y$ of $\Natural$, such that $p = x ^{ 2}+ y ^{ 2}$.

Thm20b. Let $p$ be an element of $\Natural$. Assume that $p$ is prime. Assume that $\congruent {p}{1}{4}$. Then there exists an element $x$ of $\Natural$, such that there exists a natural number $y$, such that $p = x ^{ 2}+ y ^{ 2}$.

Thm20b. Let $p$ be an element of $\Natural$. Assume that $p$ is prime. Assume that $\congruent {p}{1}{4}$. Then there exists a natural number $x$, such that there exists an element $y$ of $\Natural$, such that $p = x ^{ 2}+ y ^{ 2}$.

Thm20b. Let $p$ be a natural number. Assume that $p$ is prime. Assume that $\congruent {p}{1}{4}$. Then there exists an element $x$ of $\Natural$, such that there exists a natural number $y$, such that $p$ is equal to $x ^{ 2}+ y ^{ 2}$.

Thm20b. Let $p$ be a natural number. Assume that $p$ is prime. Assume that $\congruent {p}{1}{4}$. Then there exists a natural number $x$, such that there exists an element $y$ of $\Natural$, such that $p$ is equal to $x ^{ 2}+ y ^{ 2}$.

Thm20b. Let $p$ be an element of $\Natural$. Assume that $p$ is prime. Assume that $p$ is congruent to $1$ modulo $4$. Then there exist elements $x$ and $y$ of $\Natural$, such that $p$ is equal to the sum of the square of $x$ and $y ^{ 2}$.

Thm20b. Let $p$ be an element of $\Natural$. Assume that $p$ is prime. Assume that $p$ is congruent to $1$ modulo $4$. Then there exist elements $x$ and $y$ of $\Natural$, such that $p$ is equal to the sum of $x ^{ 2}$ and the square of $y$.

Thm20b. Let $p$ be an element of $\Natural$. Assume that $p$ is prime. Assume that $p$ is congruent to $1$ modulo $4$. Then there exist elements $x$ and $y$ of $\Natural$, such that $p$ is equal to the sum of the square of $x$ and the square of $y$.

Thm20b. Let $p$ be an element of $\Natural$. Assume that $p$ is prime. Assume that $p$ is congruent to $1$ modulo $4$. Then there exists an element $x$ of $\Natural$, such that there exists a natural number $y$, such that $p = x ^{ 2}+ y ^{ 2}$.

Thm20b. Let $p$ be an element of $\Natural$. Assume that $p$ is prime. Assume that $p$ is congruent to $1$ modulo $4$. Then there exists a natural number $x$, such that there exists an element $y$ of $\Natural$, such that $p = x ^{ 2}+ y ^{ 2}$.

Thm20b. Let $p$ be a natural number. Assume that $p$ is prime. Assume that $p$ is congruent to $1$ modulo $4$. Then there exists an element $x$ of $\Natural$, such that there exists a natural number $y$, such that $p$ is equal to $x ^{ 2}+ y ^{ 2}$.

Thm20b. Let $p$ be a natural number. Assume that $p$ is prime. Assume that $p$ is congruent to $1$ modulo $4$. Then there exists a natural number $x$, such that there exists an element $y$ of $\Natural$, such that $p$ is equal to $x ^{ 2}+ y ^{ 2}$.

Thm20b. Let $p$ be an element of $\Natural$. Assume that $p$ is prime. Assume that $\congruent {p}{1}{4}$. Then there exists an element $x$ of $\Natural$, such that there exists a natural number $y$, such that $p$ is equal to $x ^{ 2}+ y ^{ 2}$.

Thm20b. Let $p$ be an element of $\Natural$. Assume that $p$ is prime. Assume that $\congruent {p}{1}{4}$. Then there exists a natural number $x$, such that there exists an element $y$ of $\Natural$, such that $p$ is equal to $x ^{ 2}+ y ^{ 2}$.

Thm20b. Let $p$ be a natural number. Assume that $p$ is prime. Assume that $\congruent {p}{1}{4}$. Then there exists an element $x$ of $\Natural$, such that there exists a natural number $y$, such that $p$ is equal to the sum of $x ^{ 2}$ and $y ^{ 2}$.

Thm20b. Let $p$ be a natural number. Assume that $p$ is prime. Assume that $\congruent {p}{1}{4}$. Then there exists a natural number $x$, such that there exists an element $y$ of $\Natural$, such that $p$ is equal to the sum of $x ^{ 2}$ and $y ^{ 2}$.

Thm20b. Let $p$ be an element of $\Natural$. Assume that $p$ is prime. Assume that $p$ is congruent to $1$ modulo $4$. Then there exists an element $x$ of $\Natural$, such that there exists a natural number $y$, such that $p$ is equal to $x ^{ 2}+ y ^{ 2}$.

Thm20b. Let $p$ be an element of $\Natural$. Assume that $p$ is prime. Assume that $p$ is congruent to $1$ modulo $4$. Then there exists a natural number $x$, such that there exists an element $y$ of $\Natural$, such that $p$ is equal to $x ^{ 2}+ y ^{ 2}$.

Thm20b. Let $p$ be a natural number. Assume that $p$ is prime. Assume that $\congruent {p}{1}{4}$. Then there exists an element $x$ of $\Natural$, such that there exists a natural number $y$, such that $p$ is equal to the sum of the square of $x$ and $y ^{ 2}$.

Thm20b. Let $p$ be a natural number. Assume that $p$ is prime. Assume that $\congruent {p}{1}{4}$. Then there exists an element $x$ of $\Natural$, such that there exists a natural number $y$, such that $p$ is equal to the sum of $x ^{ 2}$ and the square of $y$.

Thm20b. Let $p$ be a natural number. Assume that $p$ is prime. Assume that $\congruent {p}{1}{4}$. Then there exists a natural number $x$, such that there exists an element $y$ of $\Natural$, such that $p$ is equal to the sum of the square of $x$ and $y ^{ 2}$.

Thm20b. Let $p$ be a natural number. Assume that $p$ is prime. Assume that $\congruent {p}{1}{4}$. Then there exists a natural number $x$, such that there exists an element $y$ of $\Natural$, such that $p$ is equal to the sum of $x ^{ 2}$ and the square of $y$.

Thm20b. Let $p$ be a natural number. Assume that $p$ is prime. Assume that $p$ is congruent to $1$ modulo $4$. Then there exists an element $x$ of $\Natural$, such that there exists a natural number $y$, such that $p$ is equal to the sum of $x ^{ 2}$ and $y ^{ 2}$.

Thm20b. Let $p$ be a natural number. Assume that $p$ is prime. Assume that $p$ is congruent to $1$ modulo $4$. Then there exists a natural number $x$, such that there exists an element $y$ of $\Natural$, such that $p$ is equal to the sum of $x ^{ 2}$ and $y ^{ 2}$.

Thm20b. Let $p$ be an element of $\Natural$. Assume that $p$ is prime. Assume that $\congruent {p}{1}{4}$. Then there exists an element $x$ of $\Natural$, such that there exists a natural number $y$, such that $p$ is equal to the sum of $x ^{ 2}$ and $y ^{ 2}$.

Thm20b. Let $p$ be an element of $\Natural$. Assume that $p$ is prime. Assume that $\congruent {p}{1}{4}$. Then there exists a natural number $x$, such that there exists an element $y$ of $\Natural$, such that $p$ is equal to the sum of $x ^{ 2}$ and $y ^{ 2}$.

Thm20b. Let $p$ be a natural number. Assume that $p$ is prime. Assume that $\congruent {p}{1}{4}$. Then there exists an element $x$ of $\Natural$, such that there exists a natural number $y$, such that $p$ is equal to the sum of the square of $x$ and the square of $y$.

Thm20b. Let $p$ be a natural number. Assume that $p$ is prime. Assume that $\congruent {p}{1}{4}$. Then there exists a natural number $x$, such that there exists an element $y$ of $\Natural$, such that $p$ is equal to the sum of the square of $x$ and the square of $y$.

Thm20b. Let $p$ be a natural number. Assume that $p$ is prime. Assume that $p$ is congruent to $1$ modulo $4$. Then there exists an element $x$ of $\Natural$, such that there exists a natural number $y$, such that $p$ is equal to the sum of the square of $x$ and $y ^{ 2}$.

Thm20b. Let $p$ be a natural number. Assume that $p$ is prime. Assume that $p$ is congruent to $1$ modulo $4$. Then there exists an element $x$ of $\Natural$, such that there exists a natural number $y$, such that $p$ is equal to the sum of $x ^{ 2}$ and the square of $y$.

Thm20b. Let $p$ be a natural number. Assume that $p$ is prime. Assume that $p$ is congruent to $1$ modulo $4$. Then there exists a natural number $x$, such that there exists an element $y$ of $\Natural$, such that $p$ is equal to the sum of the square of $x$ and $y ^{ 2}$.

Thm20b. Let $p$ be a natural number. Assume that $p$ is prime. Assume that $p$ is congruent to $1$ modulo $4$. Then there exists a natural number $x$, such that there exists an element $y$ of $\Natural$, such that $p$ is equal to the sum of $x ^{ 2}$ and the square of $y$.

Thm20b. Let $p$ be an element of $\Natural$. Assume that $p$ is prime. Assume that $\congruent {p}{1}{4}$. Then there exists an element $x$ of $\Natural$, such that there exists a natural number $y$, such that $p$ is equal to the sum of the square of $x$ and $y ^{ 2}$.

Thm20b. Let $p$ be an element of $\Natural$. Assume that $p$ is prime. Assume that $\congruent {p}{1}{4}$. Then there exists an element $x$ of $\Natural$, such that there exists a natural number $y$, such that $p$ is equal to the sum of $x ^{ 2}$ and the square of $y$.

Thm20b. Let $p$ be an element of $\Natural$. Assume that $p$ is prime. Assume that $\congruent {p}{1}{4}$. Then there exists a natural number $x$, such that there exists an element $y$ of $\Natural$, such that $p$ is equal to the sum of the square of $x$ and $y ^{ 2}$.

Thm20b. Let $p$ be an element of $\Natural$. Assume that $p$ is prime. Assume that $\congruent {p}{1}{4}$. Then there exists a natural number $x$, such that there exists an element $y$ of $\Natural$, such that $p$ is equal to the sum of $x ^{ 2}$ and the square of $y$.

Thm20b. Let $p$ be an element of $\Natural$. Assume that $p$ is prime. Assume that $p$ is congruent to $1$ modulo $4$. Then there exists an element $x$ of $\Natural$, such that there exists a natural number $y$, such that $p$ is equal to the sum of $x ^{ 2}$ and $y ^{ 2}$.

Thm20b. Let $p$ be an element of $\Natural$. Assume that $p$ is prime. Assume that $p$ is congruent to $1$ modulo $4$. Then there exists a natural number $x$, such that there exists an element $y$ of $\Natural$, such that $p$ is equal to the sum of $x ^{ 2}$ and $y ^{ 2}$.

Thm20b. Let $p$ be a natural number. Assume that $p$ is prime. Assume that $p$ is congruent to $1$ modulo $4$. Then there exists an element $x$ of $\Natural$, such that there exists a natural number $y$, such that $p$ is equal to the sum of the square of $x$ and the square of $y$.

Thm20b. Let $p$ be a natural number. Assume that $p$ is prime. Assume that $p$ is congruent to $1$ modulo $4$. Then there exists a natural number $x$, such that there exists an element $y$ of $\Natural$, such that $p$ is equal to the sum of the square of $x$ and the square of $y$.

Thm20b. Let $p$ be an element of $\Natural$. Assume that $p$ is prime. Assume that $\congruent {p}{1}{4}$. Then there exists an element $x$ of $\Natural$, such that there exists a natural number $y$, such that $p$ is equal to the sum of the square of $x$ and the square of $y$.

Thm20b. Let $p$ be an element of $\Natural$. Assume that $p$ is prime. Assume that $\congruent {p}{1}{4}$. Then there exists a natural number $x$, such that there exists an element $y$ of $\Natural$, such that $p$ is equal to the sum of the square of $x$ and the square of $y$.

Thm20b. Let $p$ be an element of $\Natural$. Assume that $p$ is prime. Assume that $p$ is congruent to $1$ modulo $4$. Then there exists an element $x$ of $\Natural$, such that there exists a natural number $y$, such that $p$ is equal to the sum of the square of $x$ and $y ^{ 2}$.

Thm20b. Let $p$ be an element of $\Natural$. Assume that $p$ is prime. Assume that $p$ is congruent to $1$ modulo $4$. Then there exists an element $x$ of $\Natural$, such that there exists a natural number $y$, such that $p$ is equal to the sum of $x ^{ 2}$ and the square of $y$.

Thm20b. Let $p$ be an element of $\Natural$. Assume that $p$ is prime. Assume that $p$ is congruent to $1$ modulo $4$. Then there exists a natural number $x$, such that there exists an element $y$ of $\Natural$, such that $p$ is equal to the sum of the square of $x$ and $y ^{ 2}$.

Thm20b. Let $p$ be an element of $\Natural$. Assume that $p$ is prime. Assume that $p$ is congruent to $1$ modulo $4$. Then there exists a natural number $x$, such that there exists an element $y$ of $\Natural$, such that $p$ is equal to the sum of $x ^{ 2}$ and the square of $y$.

Thm20b. Let $p$ be an element of $\Natural$. Assume that $p$ is prime. Assume that $p$ is congruent to $1$ modulo $4$. Then there exists an element $x$ of $\Natural$, such that there exists a natural number $y$, such that $p$ is equal to the sum of the square of $x$ and the square of $y$.

Thm20b. Let $p$ be an element of $\Natural$. Assume that $p$ is prime. Assume that $p$ is congruent to $1$ modulo $4$. Then there exists a natural number $x$, such that there exists an element $y$ of $\Natural$, such that $p$ is equal to the sum of the square of $x$ and the square of $y$.

Thm22. $\Real$ is not denumerable.

Thm22. The set of real numbers is not denumerable.

Thm51wilson. Let $n$ be a natural number. Then $n$ is prime, if and only if $\congruent {(n - 1)!}{- 1}{n}$.

Thm51wilson. Let $n$ be an element of $\Natural$. Then $n$ is prime, if and only if $\congruent {(n - 1)!}{- 1}{n}$.

Thm51wilson. Let $n$ be a natural number. Then $n$ is prime, if and only if $(n - 1)!$ is congruent to $- 1$ modulo $n$.

Thm51wilson. Let $n$ be an element of $\Natural$. Then $n$ is prime, if and only if $(n - 1)!$ is congruent to $- 1$ modulo $n$.

Thm51wilson. Let $n$ be a natural number. Then $n$ is prime, if and only if the factorial of $n - 1$ is congruent to $- 1$ modulo $n$.

Thm51wilson. Let $n$ be a natural number. Then $n$ is prime, if and only if $(n - 1)!$ is congruent to the negation of $1$ modulo $n$.

Thm51wilson. Let $n$ be an element of $\Natural$. Then $n$ is prime, if and only if the factorial of $n - 1$ is congruent to $- 1$ modulo $n$.

Thm51wilson. Let $n$ be an element of $\Natural$. Then $n$ is prime, if and only if $(n - 1)!$ is congruent to the negation of $1$ modulo $n$.

Thm51wilson. Let $n$ be a natural number. Then $n$ is prime, if and only if the factorial of $n - 1$ is congruent to the negation of $1$ modulo $n$.

Thm51wilson. Let $n$ be an element of $\Natural$. Then $n$ is prime, if and only if the factorial of $n - 1$ is congruent to the negation of $1$ modulo $n$.

Thm51wilson. Let $n$ be a natural number. Then $n$ is prime, if and only if the factorial of the difference between $n$ and $1$ is congruent to $- 1$ modulo $n$.

Thm51wilson. Let $n$ be an element of $\Natural$. Then $n$ is prime, if and only if the factorial of the difference between $n$ and $1$ is congruent to $- 1$ modulo $n$.

Thm51wilson. Let $n$ be a natural number. Then $n$ is prime, if and only if the factorial of the difference between $n$ and $1$ is congruent to the negation of $1$ modulo $n$.

Thm51wilson. Let $n$ be an element of $\Natural$. Then $n$ is prime, if and only if the factorial of the difference between $n$ and $1$ is congruent to the negation of $1$ modulo $n$.

Thm51b. Let $n$ be a natural number. Then $n$ is prime, if and only if $\divisible {(n - 1)! + 1}{n}$.

Thm51b. Let $n$ be a natural number. Then $n$ is prime, if and only if $(n - 1)! + 1$ is divisible by $n$.

Thm51b. Let $n$ be an element of $\Natural$. Then $n$ is prime, if and only if $\divisible {(n - 1)! + 1}{n}$.

Thm51b. Let $n$ be an element of $\Natural$. Then $n$ is prime, if and only if $(n - 1)! + 1$ is divisible by $n$.

Thm51b. Let $n$ be a natural number. Then $n$ is prime, if and only if the sum of $(n - 1)!$ and $1$ is divisible by $n$.

Thm51b. Let $n$ be an element of $\Natural$. Then $n$ is prime, if and only if the sum of $(n - 1)!$ and $1$ is divisible by $n$.

Thm51b. Let $n$ be a natural number. Then $n$ is prime, if and only if the sum of the factorial of $n - 1$ and $1$ is divisible by $n$.

Thm51b. Let $n$ be an element of $\Natural$. Then $n$ is prime, if and only if the sum of the factorial of $n - 1$ and $1$ is divisible by $n$.

Thm51b. Let $n$ be a natural number. Then $n$ is prime, if and only if the sum of the factorial of the difference between $n$ and $1$ and $1$ is divisible by $n$.

Thm51b. Let $n$ be an element of $\Natural$. Then $n$ is prime, if and only if the sum of the factorial of the difference between $n$ and $1$ and $1$ is divisible by $n$.

Thm52. Let $A$ be a set. Assume that $A$ is finite. Then $| \wp A | = 2 ^ {| A |}$.

Thm52. Let $A$ be a set. Assume that $A$ is finite. Then $| \wp A |$ is equal to $2 ^ {| A |}$.

Thm52. Let $A$ be a set. Assume that $A$ is finite. Then the cardinality of $\wp A$ is equal to $2 ^ {| A |}$.

Thm52. Let $A$ be a set. Assume that $A$ is finite. Then $| \wp A |$ is equal to the exponentiation of $2$ to $| A |$.

Thm52. Let $A$ be a set. Assume that $A$ is finite. Then the cardinality of the power set of $A$ is equal to $2 ^ {| A |}$.

Thm52. Let $A$ be a set. Assume that $A$ is finite. Then the cardinality of $\wp A$ is equal to the exponentiation of $2$ to $| A |$.

Thm52. Let $A$ be a set. Assume that $A$ is finite. Then $| \wp A |$ is equal to the exponentiation of $2$ to the cardinality of $A$.

Thm52. Let $A$ be a set. Assume that $A$ is finite. Then the cardinality of the power set of $A$ is equal to the exponentiation of $2$ to $| A |$.

Thm52. Let $A$ be a set. Assume that $A$ is finite. Then the cardinality of $\wp A$ is equal to the exponentiation of $2$ to the cardinality of $A$.

Thm52. Let $A$ be a set. Assume that $A$ is finite. Then the cardinality of the power set of $A$ is equal to the exponentiation of $2$ to the cardinality of $A$.

Thm58. Let $A$ be a set. Let $n$ be a natural number. Assume that $| A | = n$. Let $k$ be a natural number. Assume that $k \leq n$. Then $| C^{ A }_{ k}| = \binom{ n }{ k}$.

Thm58. Let $A$ be a set. Let $n$ be an element of $\Natural$. Assume that $| A | = n$. Let $k$ be a natural number. Assume that $k \leq n$. Then $| C^{ A }_{ k}| = \binom{ n }{ k}$.

Thm58. Let $A$ be a set. Let $n$ be a natural number. Assume that $| A | = n$. Let $k$ be an element of $\Natural$. Assume that $k \leq n$. Then $| C^{ A }_{ k}| = \binom{ n }{ k}$.

Thm58. Let $A$ be a set. Let $n$ be a natural number. Assume that $| A |$ is equal to $n$. Let $k$ be a natural number. Assume that $k \leq n$. Then $| C^{ A }_{ k}| = \binom{ n }{ k}$.

Thm58. Let $A$ be a set. Let $n$ be a natural number. Assume that $| A | = n$. Let $k$ be a natural number. Assume that $k \leq n$. Then $| C^{ A }_{ k}|$ is equal to $\binom{ n }{ k}$.

Thm58. Let $A$ be a set. Let $n$ be an element of $\Natural$. Assume that $| A | = n$. Let $k$ be an element of $\Natural$. Assume that $k \leq n$. Then $| C^{ A }_{ k}| = \binom{ n }{ k}$.

Thm58. Let $A$ be a set. Let $n$ be a natural number. Assume that $| A | = n$. Let $k$ be a natural number. Assume that $k$ is less than or equal to $n$. Then $| C^{ A }_{ k}| = \binom{ n }{ k}$.

Thm58. Let $A$ be a set. Let $n$ be an element of $\Natural$. Assume that $| A |$ is equal to $n$. Let $k$ be a natural number. Assume that $k \leq n$. Then $| C^{ A }_{ k}| = \binom{ n }{ k}$.

Thm58. Let $A$ be a set. Let $n$ be an element of $\Natural$. Assume that $| A | = n$. Let $k$ be a natural number. Assume that $k \leq n$. Then $| C^{ A }_{ k}|$ is equal to $\binom{ n }{ k}$.

Thm58. Let $A$ be a set. Let $n$ be a natural number. Assume that $| A |$ is equal to $n$. Let $k$ be an element of $\Natural$. Assume that $k \leq n$. Then $| C^{ A }_{ k}| = \binom{ n }{ k}$.

Thm58. Let $A$ be a set. Let $n$ be a natural number. Assume that $| A | = n$. Let $k$ be an element of $\Natural$. Assume that $k \leq n$. Then $| C^{ A }_{ k}|$ is equal to $\binom{ n }{ k}$.

Thm58. Let $A$ be a set. Let $n$ be a natural number. Assume that the cardinality of $A$ is equal to $n$. Let $k$ be a natural number. Assume that $k \leq n$. Then $| C^{ A }_{ k}| = \binom{ n }{ k}$.

Thm58. Let $A$ be a set. Let $n$ be a natural number. Assume that $| A |$ is equal to $n$. Let $k$ be a natural number. Assume that $k \leq n$. Then $| C^{ A }_{ k}|$ is equal to $\binom{ n }{ k}$.

Thm58. Let $A$ be a set. Let $n$ be a natural number. Assume that $| A | = n$. Let $k$ be a natural number. Assume that $k \leq n$. Then the cardinality of $C^{ A }_{ k}$ is equal to $\binom{ n }{ k}$.

Thm58. Let $A$ be a set. Let $n$ be an element of $\Natural$. Assume that $| A | = n$. Let $k$ be a natural number. Assume that $k$ is less than or equal to $n$. Then $| C^{ A }_{ k}| = \binom{ n }{ k}$.

Thm58. Let $A$ be a set. Let $n$ be a natural number. Assume that $| A | = n$. Let $k$ be an element of $\Natural$. Assume that $k$ is less than or equal to $n$. Then $| C^{ A }_{ k}| = \binom{ n }{ k}$.

Thm58. Let $A$ be a set. Let $n$ be a natural number. Assume that $| A | = n$. Let $k$ be a natural number. Assume that $k \leq n$. Then $| C^{ A }_{ k}|$ is equal to the binomial coefficient of $n$ over $k$.

Thm58. Let $A$ be a set. Let $n$ be an element of $\Natural$. Assume that $| A |$ is equal to $n$. Let $k$ be an element of $\Natural$. Assume that $k \leq n$. Then $| C^{ A }_{ k}| = \binom{ n }{ k}$.

Thm58. Let $A$ be a set. Let $n$ be an element of $\Natural$. Assume that $| A | = n$. Let $k$ be an element of $\Natural$. Assume that $k \leq n$. Then $| C^{ A }_{ k}|$ is equal to $\binom{ n }{ k}$.

Thm58. Let $A$ be a set. Let $n$ be a natural number. Assume that $| A |$ is equal to $n$. Let $k$ be a natural number. Assume that $k$ is less than or equal to $n$. Then $| C^{ A }_{ k}| = \binom{ n }{ k}$.

Thm58. Let $A$ be a set. Let $n$ be a natural number. Assume that $| A | = n$. Let $k$ be a natural number. Assume that $k$ is less than or equal to $n$. Then $| C^{ A }_{ k}|$ is equal to $\binom{ n }{ k}$.

Thm58. Let $A$ be a set. Let $n$ be an element of $\Natural$. Assume that the cardinality of $A$ is equal to $n$. Let $k$ be a natural number. Assume that $k \leq n$. Then $| C^{ A }_{ k}| = \binom{ n }{ k}$.

Thm58. Let $A$ be a set. Let $n$ be an element of $\Natural$. Assume that $| A |$ is equal to $n$. Let $k$ be a natural number. Assume that $k \leq n$. Then $| C^{ A }_{ k}|$ is equal to $\binom{ n }{ k}$.

Thm58. Let $A$ be a set. Let $n$ be a natural number. Assume that the cardinality of $A$ is equal to $n$. Let $k$ be an element of $\Natural$. Assume that $k \leq n$. Then $| C^{ A }_{ k}| = \binom{ n }{ k}$.

Thm58. Let $A$ be a set. Let $n$ be a natural number. Assume that $| A |$ is equal to $n$. Let $k$ be an element of $\Natural$. Assume that $k \leq n$. Then $| C^{ A }_{ k}|$ is equal to $\binom{ n }{ k}$.

Thm58. Let $A$ be a set. Let $n$ be an element of $\Natural$. Assume that $| A | = n$. Let $k$ be a natural number. Assume that $k \leq n$. Then the cardinality of $C^{ A }_{ k}$ is equal to $\binom{ n }{ k}$.

Thm58. Let $A$ be a set. Let $n$ be a natural number. Assume that $| A | = n$. Let $k$ be an element of $\Natural$. Assume that $k \leq n$. Then the cardinality of $C^{ A }_{ k}$ is equal to $\binom{ n }{ k}$.

Thm58. Let $A$ be a set. Let $n$ be a natural number. Assume that the cardinality of $A$ is equal to $n$. Let $k$ be a natural number. Assume that $k \leq n$. Then $| C^{ A }_{ k}|$ is equal to $\binom{ n }{ k}$.

Thm58. Let $A$ be a set. Let $n$ be a natural number. Assume that $| A |$ is equal to $n$. Let $k$ be a natural number. Assume that $k \leq n$. Then the cardinality of $C^{ A }_{ k}$ is equal to $\binom{ n }{ k}$.

Thm58. Let $A$ be a set. Let $n$ be an element of $\Natural$. Assume that $| A | = n$. Let $k$ be an element of $\Natural$. Assume that $k$ is less than or equal to $n$. Then $| C^{ A }_{ k}| = \binom{ n }{ k}$.

Thm58. Let $A$ be a set. Let $n$ be an element of $\Natural$. Assume that $| A | = n$. Let $k$ be a natural number. Assume that $k \leq n$. Then $| C^{ A }_{ k}|$ is equal to the binomial coefficient of $n$ over $k$.

Thm58. Let $A$ be a set. Let $n$ be a natural number. Assume that $| A | = n$. Let $k$ be an element of $\Natural$. Assume that $k \leq n$. Then $| C^{ A }_{ k}|$ is equal to the binomial coefficient of $n$ over $k$.

Thm58. Let $A$ be a set. Let $n$ be an element of $\Natural$. Assume that $| A |$ is equal to $n$. Let $k$ be a natural number. Assume that $k$ is less than or equal to $n$. Then $| C^{ A }_{ k}| = \binom{ n }{ k}$.

Thm58. Let $A$ be a set. Let $n$ be an element of $\Natural$. Assume that $| A | = n$. Let $k$ be a natural number. Assume that $k$ is less than or equal to $n$. Then $| C^{ A }_{ k}|$ is equal to $\binom{ n }{ k}$.

Thm58. Let $A$ be a set. Let $n$ be a natural number. Assume that $| A |$ is equal to $n$. Let $k$ be an element of $\Natural$. Assume that $k$ is less than or equal to $n$. Then $| C^{ A }_{ k}| = \binom{ n }{ k}$.

Thm58. Let $A$ be a set. Let $n$ be a natural number. Assume that $| A |$ is equal to $n$. Let $k$ be a natural number. Assume that $k \leq n$. Then $| C^{ A }_{ k}|$ is equal to the binomial coefficient of $n$ over $k$.

Thm58. Let $A$ be a set. Let $n$ be a natural number. Assume that $| A | = n$. Let $k$ be an element of $\Natural$. Assume that $k$ is less than or equal to $n$. Then $| C^{ A }_{ k}|$ is equal to $\binom{ n }{ k}$.

Thm58. Let $A$ be a set. Let $n$ be a natural number. Assume that $| A | = n$. Let $k$ be a natural number. Assume that $k \leq n$. Then the cardinality of $C^{ A }_{ k}$ is equal to the binomial coefficient of $n$ over $k$.

Thm58. Let $A$ be a set. Let $n$ be an element of $\Natural$. Assume that the cardinality of $A$ is equal to $n$. Let $k$ be an element of $\Natural$. Assume that $k \leq n$. Then $| C^{ A }_{ k}| = \binom{ n }{ k}$.

Thm58. Let $A$ be a set. Let $n$ be an element of $\Natural$. Assume that $| A |$ is equal to $n$. Let $k$ be an element of $\Natural$. Assume that $k \leq n$. Then $| C^{ A }_{ k}|$ is equal to $\binom{ n }{ k}$.

Thm58. Let $A$ be a set. Let $n$ be a natural number. Assume that the cardinality of $A$ is equal to $n$. Let $k$ be a natural number. Assume that $k$ is less than or equal to $n$. Then $| C^{ A }_{ k}| = \binom{ n }{ k}$.

Thm58. Let $A$ be a set. Let $n$ be a natural number. Assume that $| A |$ is equal to $n$. Let $k$ be a natural number. Assume that $k$ is less than or equal to $n$. Then $| C^{ A }_{ k}|$ is equal to $\binom{ n }{ k}$.

Thm58. Let $A$ be a set. Let $n$ be an element of $\Natural$. Assume that $| A | = n$. Let $k$ be an element of $\Natural$. Assume that $k \leq n$. Then the cardinality of $C^{ A }_{ k}$ is equal to $\binom{ n }{ k}$.

Thm58. Let $A$ be a set. Let $n$ be a natural number. Assume that $| A | = n$. Let $k$ be a natural number. Assume that $k$ is less than or equal to $n$. Then the cardinality of $C^{ A }_{ k}$ is equal to $\binom{ n }{ k}$.

Thm58. Let $A$ be a set. Let $n$ be an element of $\Natural$. Assume that the cardinality of $A$ is equal to $n$. Let $k$ be a natural number. Assume that $k \leq n$. Then $| C^{ A }_{ k}|$ is equal to $\binom{ n }{ k}$.

Thm58. Let $A$ be a set. Let $n$ be a natural number. Assume that the cardinality of $A$ is equal to $n$. Let $k$ be an element of $\Natural$. Assume that $k \leq n$. Then $| C^{ A }_{ k}|$ is equal to $\binom{ n }{ k}$.

Thm58. Let $A$ be a set. Let $n$ be an element of $\Natural$. Assume that $| A |$ is equal to $n$. Let $k$ be a natural number. Assume that $k \leq n$. Then the cardinality of $C^{ A }_{ k}$ is equal to $\binom{ n }{ k}$.

Thm58. Let $A$ be a set. Let $n$ be a natural number. Assume that $| A |$ is equal to $n$. Let $k$ be an element of $\Natural$. Assume that $k \leq n$. Then the cardinality of $C^{ A }_{ k}$ is equal to $\binom{ n }{ k}$.

Thm58. Let $A$ be a set. Let $n$ be a natural number. Assume that the cardinality of $A$ is equal to $n$. Let $k$ be a natural number. Assume that $k \leq n$. Then the cardinality of $C^{ A }_{ k}$ is equal to $\binom{ n }{ k}$.

Thm58. Let $A$ be a set. Let $n$ be a natural number. Assume that $| A | = n$. Let $k$ be a natural number. Assume that $k \leq n$. Then the cardinality of the number of combinations of $A$ of size $k$ is equal to $\binom{ n }{ k}$.

Thm58. Let $A$ be a set. Let $n$ be an element of $\Natural$. Assume that $| A | = n$. Let $k$ be an element of $\Natural$. Assume that $k \leq n$. Then $| C^{ A }_{ k}|$ is equal to the binomial coefficient of $n$ over $k$.

Thm58. Let $A$ be a set. Let $n$ be a natural number. Assume that $| A | = n$. Let $k$ be a natural number. Assume that $k$ is less than or equal to $n$. Then $| C^{ A }_{ k}|$ is equal to the binomial coefficient of $n$ over $k$.

Thm58. Let $A$ be a set. Let $n$ be an element of $\Natural$. Assume that $| A |$ is equal to $n$. Let $k$ be an element of $\Natural$. Assume that $k$ is less than or equal to $n$. Then $| C^{ A }_{ k}| = \binom{ n }{ k}$.

Thm58. Let $A$ be a set. Let $n$ be an element of $\Natural$. Assume that $| A |$ is equal to $n$. Let $k$ be a natural number. Assume that $k \leq n$. Then $| C^{ A }_{ k}|$ is equal to the binomial coefficient of $n$ over $k$.

Thm58. Let $A$ be a set. Let $n$ be an element of $\Natural$. Assume that $| A | = n$. Let $k$ be an element of $\Natural$. Assume that $k$ is less than or equal to $n$. Then $| C^{ A }_{ k}|$ is equal to $\binom{ n }{ k}$.

Thm58. Let $A$ be a set. Let $n$ be a natural number. Assume that $| A |$ is equal to $n$. Let $k$ be an element of $\Natural$. Assume that $k \leq n$. Then $| C^{ A }_{ k}|$ is equal to the binomial coefficient of $n$ over $k$.

Thm58. Let $A$ be a set. Let $n$ be an element of $\Natural$. Assume that $| A | = n$. Let $k$ be a natural number. Assume that $k \leq n$. Then the cardinality of $C^{ A }_{ k}$ is equal to the binomial coefficient of $n$ over $k$.

Thm58. Let $A$ be a set. Let $n$ be a natural number. Assume that $| A | = n$. Let $k$ be an element of $\Natural$. Assume that $k \leq n$. Then the cardinality of $C^{ A }_{ k}$ is equal to the binomial coefficient of $n$ over $k$.

Thm58. Let $A$ be a set. Let $n$ be an element of $\Natural$. Assume that the cardinality of $A$ is equal to $n$. Let $k$ be a natural number. Assume that $k$ is less than or equal to $n$. Then $| C^{ A }_{ k}| = \binom{ n }{ k}$.

Thm58. Let $A$ be a set. Let $n$ be an element of $\Natural$. Assume that $| A |$ is equal to $n$. Let $k$ be a natural number. Assume that $k$ is less than or equal to $n$. Then $| C^{ A }_{ k}|$ is equal to $\binom{ n }{ k}$.

Thm58. Let $A$ be a set. Let $n$ be a natural number. Assume that the cardinality of $A$ is equal to $n$. Let $k$ be an element of $\Natural$. Assume that $k$ is less than or equal to $n$. Then $| C^{ A }_{ k}| = \binom{ n }{ k}$.

Thm58. Let $A$ be a set. Let $n$ be a natural number. Assume that the cardinality of $A$ is equal to $n$. Let $k$ be a natural number. Assume that $k \leq n$. Then $| C^{ A }_{ k}|$ is equal to the binomial coefficient of $n$ over $k$.

Thm58. Let $A$ be a set. Let $n$ be a natural number. Assume that $| A |$ is equal to $n$. Let $k$ be an element of $\Natural$. Assume that $k$ is less than or equal to $n$. Then $| C^{ A }_{ k}|$ is equal to $\binom{ n }{ k}$.

Thm58. Let $A$ be a set. Let $n$ be an element of $\Natural$. Assume that $| A | = n$. Let $k$ be a natural number. Assume that $k$ is less than or equal to $n$. Then the cardinality of $C^{ A }_{ k}$ is equal to $\binom{ n }{ k}$.

Thm58. Let $A$ be a set. Let $n$ be a natural number. Assume that $| A |$ is equal to $n$. Let $k$ be a natural number. Assume that $k \leq n$. Then the cardinality of $C^{ A }_{ k}$ is equal to the binomial coefficient of $n$ over $k$.

Thm58. Let $A$ be a set. Let $n$ be a natural number. Assume that $| A | = n$. Let $k$ be an element of $\Natural$. Assume that $k$ is less than or equal to $n$. Then the cardinality of $C^{ A }_{ k}$ is equal to $\binom{ n }{ k}$.

Thm58. Let $A$ be a set. Let $n$ be an element of $\Natural$. Assume that the cardinality of $A$ is equal to $n$. Let $k$ be an element of $\Natural$. Assume that $k \leq n$. Then $| C^{ A }_{ k}|$ is equal to $\binom{ n }{ k}$.

Thm58. Let $A$ be a set. Let $n$ be a natural number. Assume that the cardinality of $A$ is equal to $n$. Let $k$ be a natural number. Assume that $k$ is less than or equal to $n$. Then $| C^{ A }_{ k}|$ is equal to $\binom{ n }{ k}$.

Thm58. Let $A$ be a set. Let $n$ be an element of $\Natural$. Assume that $| A |$ is equal to $n$. Let $k$ be an element of $\Natural$. Assume that $k \leq n$. Then the cardinality of $C^{ A }_{ k}$ is equal to $\binom{ n }{ k}$.

Thm58. Let $A$ be a set. Let $n$ be a natural number. Assume that $| A |$ is equal to $n$. Let $k$ be a natural number. Assume that $k$ is less than or equal to $n$. Then the cardinality of $C^{ A }_{ k}$ is equal to $\binom{ n }{ k}$.

Thm58. Let $A$ be a set. Let $n$ be an element of $\Natural$. Assume that the cardinality of $A$ is equal to $n$. Let $k$ be a natural number. Assume that $k \leq n$. Then the cardinality of $C^{ A }_{ k}$ is equal to $\binom{ n }{ k}$.

Thm58. Let $A$ be a set. Let $n$ be a natural number. Assume that the cardinality of $A$ is equal to $n$. Let $k$ be an element of $\Natural$. Assume that $k \leq n$. Then the cardinality of $C^{ A }_{ k}$ is equal to $\binom{ n }{ k}$.

Thm58. Let $A$ be a set. Let $n$ be an element of $\Natural$. Assume that $| A | = n$. Let $k$ be a natural number. Assume that $k \leq n$. Then the cardinality of the number of combinations of $A$ of size $k$ is equal to $\binom{ n }{ k}$.

Thm58. Let $A$ be a set. Let $n$ be a natural number. Assume that $| A | = n$. Let $k$ be an element of $\Natural$. Assume that $k \leq n$. Then the cardinality of the number of combinations of $A$ of size $k$ is equal to $\binom{ n }{ k}$.

Thm58. Let $A$ be a set. Let $n$ be a natural number. Assume that $| A |$ is equal to $n$. Let $k$ be a natural number. Assume that $k \leq n$. Then the cardinality of the number of combinations of $A$ of size $k$ is equal to $\binom{ n }{ k}$.

Thm58. Let $A$ be a set. Let $n$ be an element of $\Natural$. Assume that $| A | = n$. Let $k$ be a natural number. Assume that $k$ is less than or equal to $n$. Then $| C^{ A }_{ k}|$ is equal to the binomial coefficient of $n$ over $k$.

Thm58. Let $A$ be a set. Let $n$ be a natural number. Assume that $| A | = n$. Let $k$ be an element of $\Natural$. Assume that $k$ is less than or equal to $n$. Then $| C^{ A }_{ k}|$ is equal to the binomial coefficient of $n$ over $k$.

Thm58. Let $A$ be a set. Let $n$ be an element of $\Natural$. Assume that $| A |$ is equal to $n$. Let $k$ be an element of $\Natural$. Assume that $k \leq n$. Then $| C^{ A }_{ k}|$ is equal to the binomial coefficient of $n$ over $k$.

Thm58. Let $A$ be a set. Let $n$ be a natural number. Assume that $| A |$ is equal to $n$. Let $k$ be a natural number. Assume that $k$ is less than or equal to $n$. Then $| C^{ A }_{ k}|$ is equal to the binomial coefficient of $n$ over $k$.

Thm58. Let $A$ be a set. Let $n$ be an element of $\Natural$. Assume that $| A | = n$. Let $k$ be an element of $\Natural$. Assume that $k \leq n$. Then the cardinality of $C^{ A }_{ k}$ is equal to the binomial coefficient of $n$ over $k$.

Thm58. Let $A$ be a set. Let $n$ be a natural number. Assume that $| A | = n$. Let $k$ be a natural number. Assume that $k$ is less than or equal to $n$. Then the cardinality of $C^{ A }_{ k}$ is equal to the binomial coefficient of $n$ over $k$.

Thm58. Let $A$ be a set. Let $n$ be an element of $\Natural$. Assume that the cardinality of $A$ is equal to $n$. Let $k$ be an element of $\Natural$. Assume that $k$ is less than or equal to $n$. Then $| C^{ A }_{ k}| = \binom{ n }{ k}$.

Thm58. Let $A$ be a set. Let $n$ be an element of $\Natural$. Assume that the cardinality of $A$ is equal to $n$. Let $k$ be a natural number. Assume that $k \leq n$. Then $| C^{ A }_{ k}|$ is equal to the binomial coefficient of $n$ over $k$.

Thm58. Let $A$ be a set. Let $n$ be an element of $\Natural$. Assume that $| A |$ is equal to $n$. Let $k$ be an element of $\Natural$. Assume that $k$ is less than or equal to $n$. Then $| C^{ A }_{ k}|$ is equal to $\binom{ n }{ k}$.

Thm58. Let $A$ be a set. Let $n$ be a natural number. Assume that the cardinality of $A$ is equal to $n$. Let $k$ be an element of $\Natural$. Assume that $k \leq n$. Then $| C^{ A }_{ k}|$ is equal to the binomial coefficient of $n$ over $k$.

Thm58. Let $A$ be a set. Let $n$ be an element of $\Natural$. Assume that $| A |$ is equal to $n$. Let $k$ be a natural number. Assume that $k \leq n$. Then the cardinality of $C^{ A }_{ k}$ is equal to the binomial coefficient of $n$ over $k$.

Thm58. Let $A$ be a set. Let $n$ be an element of $\Natural$. Assume that $| A | = n$. Let $k$ be an element of $\Natural$. Assume that $k$ is less than or equal to $n$. Then the cardinality of $C^{ A }_{ k}$ is equal to $\binom{ n }{ k}$.

Thm58. Let $A$ be a set. Let $n$ be a natural number. Assume that $| A |$ is equal to $n$. Let $k$ be an element of $\Natural$. Assume that $k \leq n$. Then the cardinality of $C^{ A }_{ k}$ is equal to the binomial coefficient of $n$ over $k$.

Thm58. Let $A$ be a set. Let $n$ be an element of $\Natural$. Assume that the cardinality of $A$ is equal to $n$. Let $k$ be a natural number. Assume that $k$ is less than or equal to $n$. Then $| C^{ A }_{ k}|$ is equal to $\binom{ n }{ k}$.

Thm58. Let $A$ be a set. Let $n$ be a natural number. Assume that the cardinality of $A$ is equal to $n$. Let $k$ be an element of $\Natural$. Assume that $k$ is less than or equal to $n$. Then $| C^{ A }_{ k}|$ is equal to $\binom{ n }{ k}$.

Thm58. Let $A$ be a set. Let $n$ be an element of $\Natural$. Assume that $| A |$ is equal to $n$. Let $k$ be a natural number. Assume that $k$ is less than or equal to $n$. Then the cardinality of $C^{ A }_{ k}$ is equal to $\binom{ n }{ k}$.

Thm58. Let $A$ be a set. Let $n$ be a natural number. Assume that the cardinality of $A$ is equal to $n$. Let $k$ be a natural number. Assume that $k \leq n$. Then the cardinality of $C^{ A }_{ k}$ is equal to the binomial coefficient of $n$ over $k$.

Thm58. Let $A$ be a set. Let $n$ be a natural number. Assume that $| A |$ is equal to $n$. Let $k$ be an element of $\Natural$. Assume that $k$ is less than or equal to $n$. Then the cardinality of $C^{ A }_{ k}$ is equal to $\binom{ n }{ k}$.

Thm58. Let $A$ be a set. Let $n$ be an element of $\Natural$. Assume that the cardinality of $A$ is equal to $n$. Let $k$ be an element of $\Natural$. Assume that $k \leq n$. Then the cardinality of $C^{ A }_{ k}$ is equal to $\binom{ n }{ k}$.

Thm58. Let $A$ be a set. Let $n$ be a natural number. Assume that the cardinality of $A$ is equal to $n$. Let $k$ be a natural number. Assume that $k$ is less than or equal to $n$. Then the cardinality of $C^{ A }_{ k}$ is equal to $\binom{ n }{ k}$.

Thm58. Let $A$ be a set. Let $n$ be a natural number. Assume that $| A | = n$. Let $k$ be a natural number. Assume that $k \leq n$. Then the cardinality of the number of combinations of $A$ of size $k$ is equal to the binomial coefficient of $n$ over $k$.

Thm58. Let $A$ be a set. Let $n$ be an element of $\Natural$. Assume that $| A | = n$. Let $k$ be an element of $\Natural$. Assume that $k \leq n$. Then the cardinality of the number of combinations of $A$ of size $k$ is equal to $\binom{ n }{ k}$.

Thm58. Let $A$ be a set. Let $n$ be a natural number. Assume that $| A | = n$. Let $k$ be a natural number. Assume that $k$ is less than or equal to $n$. Then the cardinality of the number of combinations of $A$ of size $k$ is equal to $\binom{ n }{ k}$.

Thm58. Let $A$ be a set. Let $n$ be an element of $\Natural$. Assume that $| A |$ is equal to $n$. Let $k$ be a natural number. Assume that $k \leq n$. Then the cardinality of the number of combinations of $A$ of size $k$ is equal to $\binom{ n }{ k}$.

Thm58. Let $A$ be a set. Let $n$ be a natural number. Assume that $| A |$ is equal to $n$. Let $k$ be an element of $\Natural$. Assume that $k \leq n$. Then the cardinality of the number of combinations of $A$ of size $k$ is equal to $\binom{ n }{ k}$.

Thm58. Let $A$ be a set. Let $n$ be an element of $\Natural$. Assume that $| A | = n$. Let $k$ be an element of $\Natural$. Assume that $k$ is less than or equal to $n$. Then $| C^{ A }_{ k}|$ is equal to the binomial coefficient of $n$ over $k$.

Thm58. Let $A$ be a set. Let $n$ be a natural number. Assume that the cardinality of $A$ is equal to $n$. Let $k$ be a natural number. Assume that $k \leq n$. Then the cardinality of the number of combinations of $A$ of size $k$ is equal to $\binom{ n }{ k}$.

Thm58. Let $A$ be a set. Let $n$ be an element of $\Natural$. Assume that $| A |$ is equal to $n$. Let $k$ be a natural number. Assume that $k$ is less than or equal to $n$. Then $| C^{ A }_{ k}|$ is equal to the binomial coefficient of $n$ over $k$.

Thm58. Let $A$ be a set. Let $n$ be a natural number. Assume that $| A |$ is equal to $n$. Let $k$ be an element of $\Natural$. Assume that $k$ is less than or equal to $n$. Then $| C^{ A }_{ k}|$ is equal to the binomial coefficient of $n$ over $k$.

Thm58. Let $A$ be a set. Let $n$ be an element of $\Natural$. Assume that $| A | = n$. Let $k$ be a natural number. Assume that $k$ is less than or equal to $n$. Then the cardinality of $C^{ A }_{ k}$ is equal to the binomial coefficient of $n$ over $k$.

Thm58. Let $A$ be a set. Let $n$ be a natural number. Assume that $| A | = n$. Let $k$ be an element of $\Natural$. Assume that $k$ is less than or equal to $n$. Then the cardinality of $C^{ A }_{ k}$ is equal to the binomial coefficient of $n$ over $k$.

Thm58. Let $A$ be a set. Let $n$ be an element of $\Natural$. Assume that the cardinality of $A$ is equal to $n$. Let $k$ be an element of $\Natural$. Assume that $k \leq n$. Then $| C^{ A }_{ k}|$ is equal to the binomial coefficient of $n$ over $k$.

Thm58. Let $A$ be a set. Let $n$ be a natural number. Assume that the cardinality of $A$ is equal to $n$. Let $k$ be a natural number. Assume that $k$ is less than or equal to $n$. Then $| C^{ A }_{ k}|$ is equal to the binomial coefficient of $n$ over $k$.

Thm58. Let $A$ be a set. Let $n$ be an element of $\Natural$. Assume that $| A |$ is equal to $n$. Let $k$ be an element of $\Natural$. Assume that $k \leq n$. Then the cardinality of $C^{ A }_{ k}$ is equal to the binomial coefficient of $n$ over $k$.

Thm58. Let $A$ be a set. Let $n$ be a natural number. Assume that $| A |$ is equal to $n$. Let $k$ be a natural number. Assume that $k$ is less than or equal to $n$. Then the cardinality of $C^{ A }_{ k}$ is equal to the binomial coefficient of $n$ over $k$.

Thm58. Let $A$ be a set. Let $n$ be an element of $\Natural$. Assume that the cardinality of $A$ is equal to $n$. Let $k$ be an element of $\Natural$. Assume that $k$ is less than or equal to $n$. Then $| C^{ A }_{ k}|$ is equal to $\binom{ n }{ k}$.

Thm58. Let $A$ be a set. Let $n$ be an element of $\Natural$. Assume that the cardinality of $A$ is equal to $n$. Let $k$ be a natural number. Assume that $k \leq n$. Then the cardinality of $C^{ A }_{ k}$ is equal to the binomial coefficient of $n$ over $k$.

Thm58. Let $A$ be a set. Let $n$ be an element of $\Natural$. Assume that $| A |$ is equal to $n$. Let $k$ be an element of $\Natural$. Assume that $k$ is less than or equal to $n$. Then the cardinality of $C^{ A }_{ k}$ is equal to $\binom{ n }{ k}$.

Thm58. Let $A$ be a set. Let $n$ be a natural number. Assume that the cardinality of $A$ is equal to $n$. Let $k$ be an element of $\Natural$. Assume that $k \leq n$. Then the cardinality of $C^{ A }_{ k}$ is equal to the binomial coefficient of $n$ over $k$.

Thm58. Let $A$ be a set. Let $n$ be an element of $\Natural$. Assume that the cardinality of $A$ is equal to $n$. Let $k$ be a natural number. Assume that $k$ is less than or equal to $n$. Then the cardinality of $C^{ A }_{ k}$ is equal to $\binom{ n }{ k}$.

Thm58. Let $A$ be a set. Let $n$ be an element of $\Natural$. Assume that $| A | = n$. Let $k$ be a natural number. Assume that $k \leq n$. Then the cardinality of the number of combinations of $A$ of size $k$ is equal to the binomial coefficient of $n$ over $k$.

Thm58. Let $A$ be a set. Let $n$ be a natural number. Assume that the cardinality of $A$ is equal to $n$. Let $k$ be an element of $\Natural$. Assume that $k$ is less than or equal to $n$. Then the cardinality of $C^{ A }_{ k}$ is equal to $\binom{ n }{ k}$.

Thm58. Let $A$ be a set. Let $n$ be a natural number. Assume that $| A | = n$. Let $k$ be an element of $\Natural$. Assume that $k \leq n$. Then the cardinality of the number of combinations of $A$ of size $k$ is equal to the binomial coefficient of $n$ over $k$.

Thm58. Let $A$ be a set. Let $n$ be an element of $\Natural$. Assume that $| A | = n$. Let $k$ be a natural number. Assume that $k$ is less than or equal to $n$. Then the cardinality of the number of combinations of $A$ of size $k$ is equal to $\binom{ n }{ k}$.

Thm58. Let $A$ be a set. Let $n$ be a natural number. Assume that $| A |$ is equal to $n$. Let $k$ be a natural number. Assume that $k \leq n$. Then the cardinality of the number of combinations of $A$ of size $k$ is equal to the binomial coefficient of $n$ over $k$.

Thm58. Let $A$ be a set. Let $n$ be a natural number. Assume that $| A | = n$. Let $k$ be an element of $\Natural$. Assume that $k$ is less than or equal to $n$. Then the cardinality of the number of combinations of $A$ of size $k$ is equal to $\binom{ n }{ k}$.

Thm58. Let $A$ be a set. Let $n$ be an element of $\Natural$. Assume that $| A |$ is equal to $n$. Let $k$ be an element of $\Natural$. Assume that $k \leq n$. Then the cardinality of the number of combinations of $A$ of size $k$ is equal to $\binom{ n }{ k}$.

Thm58. Let $A$ be a set. Let $n$ be a natural number. Assume that $| A |$ is equal to $n$. Let $k$ be a natural number. Assume that $k$ is less than or equal to $n$. Then the cardinality of the number of combinations of $A$ of size $k$ is equal to $\binom{ n }{ k}$.

Thm58. Let $A$ be a set. Let $n$ be an element of $\Natural$. Assume that the cardinality of $A$ is equal to $n$. Let $k$ be a natural number. Assume that $k \leq n$. Then the cardinality of the number of combinations of $A$ of size $k$ is equal to $\binom{ n }{ k}$.

Thm58. Let $A$ be a set. Let $n$ be a natural number. Assume that the cardinality of $A$ is equal to $n$. Let $k$ be an element of $\Natural$. Assume that $k \leq n$. Then the cardinality of the number of combinations of $A$ of size $k$ is equal to $\binom{ n }{ k}$.

Thm58. Let $A$ be a set. Let $n$ be an element of $\Natural$. Assume that $| A |$ is equal to $n$. Let $k$ be an element of $\Natural$. Assume that $k$ is less than or equal to $n$. Then $| C^{ A }_{ k}|$ is equal to the binomial coefficient of $n$ over $k$.

Thm58. Let $A$ be a set. Let $n$ be an element of $\Natural$. Assume that $| A | = n$. Let $k$ be an element of $\Natural$. Assume that $k$ is less than or equal to $n$. Then the cardinality of $C^{ A }_{ k}$ is equal to the binomial coefficient of $n$ over $k$.

Thm58. Let $A$ be a set. Let $n$ be an element of $\Natural$. Assume that the cardinality of $A$ is equal to $n$. Let $k$ be a natural number. Assume that $k$ is less than or equal to $n$. Then $| C^{ A }_{ k}|$ is equal to the binomial coefficient of $n$ over $k$.

Thm58. Let $A$ be a set. Let $n$ be a natural number. Assume that the cardinality of $A$ is equal to $n$. Let $k$ be an element of $\Natural$. Assume that $k$ is less than or equal to $n$. Then $| C^{ A }_{ k}|$ is equal to the binomial coefficient of $n$ over $k$.

Thm58. Let $A$ be a set. Let $n$ be an element of $\Natural$. Assume that $| A |$ is equal to $n$. Let $k$ be a natural number. Assume that $k$ is less than or equal to $n$. Then the cardinality of $C^{ A }_{ k}$ is equal to the binomial coefficient of $n$ over $k$.

Thm58. Let $A$ be a set. Let $n$ be a natural number. Assume that $| A |$ is equal to $n$. Let $k$ be an element of $\Natural$. Assume that $k$ is less than or equal to $n$. Then the cardinality of $C^{ A }_{ k}$ is equal to the binomial coefficient of $n$ over $k$.

Thm58. Let $A$ be a set. Let $n$ be an element of $\Natural$. Assume that the cardinality of $A$ is equal to $n$. Let $k$ be an element of $\Natural$. Assume that $k \leq n$. Then the cardinality of $C^{ A }_{ k}$ is equal to the binomial coefficient of $n$ over $k$.

Thm58. Let $A$ be a set. Let $n$ be a natural number. Assume that the cardinality of $A$ is equal to $n$. Let $k$ be a natural number. Assume that $k$ is less than or equal to $n$. Then the cardinality of $C^{ A }_{ k}$ is equal to the binomial coefficient of $n$ over $k$.

Thm58. Let $A$ be a set. Let $n$ be an element of $\Natural$. Assume that the cardinality of $A$ is equal to $n$. Let $k$ be an element of $\Natural$. Assume that $k$ is less than or equal to $n$. Then the cardinality of $C^{ A }_{ k}$ is equal to $\binom{ n }{ k}$.

Thm58. Let $A$ be a set. Let $n$ be an element of $\Natural$. Assume that $| A | = n$. Let $k$ be an element of $\Natural$. Assume that $k \leq n$. Then the cardinality of the number of combinations of $A$ of size $k$ is equal to the binomial coefficient of $n$ over $k$.

Thm58. Let $A$ be a set. Let $n$ be a natural number. Assume that $| A | = n$. Let $k$ be a natural number. Assume that $k$ is less than or equal to $n$. Then the cardinality of the number of combinations of $A$ of size $k$ is equal to the binomial coefficient of $n$ over $k$.

Thm58. Let $A$ be a set. Let $n$ be an element of $\Natural$. Assume that $| A |$ is equal to $n$. Let $k$ be a natural number. Assume that $k \leq n$. Then the cardinality of the number of combinations of $A$ of size $k$ is equal to the binomial coefficient of $n$ over $k$.

Thm58. Let $A$ be a set. Let $n$ be an element of $\Natural$. Assume that $| A | = n$. Let $k$ be an element of $\Natural$. Assume that $k$ is less than or equal to $n$. Then the cardinality of the number of combinations of $A$ of size $k$ is equal to $\binom{ n }{ k}$.

Thm58. Let $A$ be a set. Let $n$ be a natural number. Assume that $| A |$ is equal to $n$. Let $k$ be an element of $\Natural$. Assume that $k \leq n$. Then the cardinality of the number of combinations of $A$ of size $k$ is equal to the binomial coefficient of $n$ over $k$.

Thm58. Let $A$ be a set. Let $n$ be an element of $\Natural$. Assume that $| A |$ is equal to $n$. Let $k$ be a natural number. Assume that $k$ is less than or equal to $n$. Then the cardinality of the number of combinations of $A$ of size $k$ is equal to $\binom{ n }{ k}$.

Thm58. Let $A$ be a set. Let $n$ be a natural number. Assume that the cardinality of $A$ is equal to $n$. Let $k$ be a natural number. Assume that $k \leq n$. Then the cardinality of the number of combinations of $A$ of size $k$ is equal to the binomial coefficient of $n$ over $k$.

Thm58. Let $A$ be a set. Let $n$ be a natural number. Assume that $| A |$ is equal to $n$. Let $k$ be an element of $\Natural$. Assume that $k$ is less than or equal to $n$. Then the cardinality of the number of combinations of $A$ of size $k$ is equal to $\binom{ n }{ k}$.

Thm58. Let $A$ be a set. Let $n$ be an element of $\Natural$. Assume that the cardinality of $A$ is equal to $n$. Let $k$ be an element of $\Natural$. Assume that $k \leq n$. Then the cardinality of the number of combinations of $A$ of size $k$ is equal to $\binom{ n }{ k}$.

Thm58. Let $A$ be a set. Let $n$ be a natural number. Assume that the cardinality of $A$ is equal to $n$. Let $k$ be a natural number. Assume that $k$ is less than or equal to $n$. Then the cardinality of the number of combinations of $A$ of size $k$ is equal to $\binom{ n }{ k}$.

Thm58. Let $A$ be a set. Let $n$ be an element of $\Natural$. Assume that the cardinality of $A$ is equal to $n$. Let $k$ be an element of $\Natural$. Assume that $k$ is less than or equal to $n$. Then $| C^{ A }_{ k}|$ is equal to the binomial coefficient of $n$ over $k$.

Thm58. Let $A$ be a set. Let $n$ be an element of $\Natural$. Assume that $| A |$ is equal to $n$. Let $k$ be an element of $\Natural$. Assume that $k$ is less than or equal to $n$. Then the cardinality of $C^{ A }_{ k}$ is equal to the binomial coefficient of $n$ over $k$.

Thm58. Let $A$ be a set. Let $n$ be an element of $\Natural$. Assume that the cardinality of $A$ is equal to $n$. Let $k$ be a natural number. Assume that $k$ is less than or equal to $n$. Then the cardinality of $C^{ A }_{ k}$ is equal to the binomial coefficient of $n$ over $k$.

Thm58. Let $A$ be a set. Let $n$ be a natural number. Assume that the cardinality of $A$ is equal to $n$. Let $k$ be an element of $\Natural$. Assume that $k$ is less than or equal to $n$. Then the cardinality of $C^{ A }_{ k}$ is equal to the binomial coefficient of $n$ over $k$.

Thm58. Let $A$ be a set. Let $n$ be an element of $\Natural$. Assume that $| A | = n$. Let $k$ be a natural number. Assume that $k$ is less than or equal to $n$. Then the cardinality of the number of combinations of $A$ of size $k$ is equal to the binomial coefficient of $n$ over $k$.

Thm58. Let $A$ be a set. Let $n$ be a natural number. Assume that $| A | = n$. Let $k$ be an element of $\Natural$. Assume that $k$ is less than or equal to $n$. Then the cardinality of the number of combinations of $A$ of size $k$ is equal to the binomial coefficient of $n$ over $k$.

Thm58. Let $A$ be a set. Let $n$ be an element of $\Natural$. Assume that $| A |$ is equal to $n$. Let $k$ be an element of $\Natural$. Assume that $k \leq n$. Then the cardinality of the number of combinations of $A$ of size $k$ is equal to the binomial coefficient of $n$ over $k$.

Thm58. Let $A$ be a set. Let $n$ be a natural number. Assume that $| A |$ is equal to $n$. Let $k$ be a natural number. Assume that $k$ is less than or equal to $n$. Then the cardinality of the number of combinations of $A$ of size $k$ is equal to the binomial coefficient of $n$ over $k$.

Thm58. Let $A$ be a set. Let $n$ be an element of $\Natural$. Assume that the cardinality of $A$ is equal to $n$. Let $k$ be a natural number. Assume that $k \leq n$. Then the cardinality of the number of combinations of $A$ of size $k$ is equal to the binomial coefficient of $n$ over $k$.

Thm58. Let $A$ be a set. Let $n$ be an element of $\Natural$. Assume that $| A |$ is equal to $n$. Let $k$ be an element of $\Natural$. Assume that $k$ is less than or equal to $n$. Then the cardinality of the number of combinations of $A$ of size $k$ is equal to $\binom{ n }{ k}$.

Thm58. Let $A$ be a set. Let $n$ be a natural number. Assume that the cardinality of $A$ is equal to $n$. Let $k$ be an element of $\Natural$. Assume that $k \leq n$. Then the cardinality of the number of combinations of $A$ of size $k$ is equal to the binomial coefficient of $n$ over $k$.

Thm58. Let $A$ be a set. Let $n$ be an element of $\Natural$. Assume that the cardinality of $A$ is equal to $n$. Let $k$ be a natural number. Assume that $k$ is less than or equal to $n$. Then the cardinality of the number of combinations of $A$ of size $k$ is equal to $\binom{ n }{ k}$.

Thm58. Let $A$ be a set. Let $n$ be a natural number. Assume that the cardinality of $A$ is equal to $n$. Let $k$ be an element of $\Natural$. Assume that $k$ is less than or equal to $n$. Then the cardinality of the number of combinations of $A$ of size $k$ is equal to $\binom{ n }{ k}$.

Thm58. Let $A$ be a set. Let $n$ be an element of $\Natural$. Assume that the cardinality of $A$ is equal to $n$. Let $k$ be an element of $\Natural$. Assume that $k$ is less than or equal to $n$. Then the cardinality of $C^{ A }_{ k}$ is equal to the binomial coefficient of $n$ over $k$.

Thm58. Let $A$ be a set. Let $n$ be an element of $\Natural$. Assume that $| A | = n$. Let $k$ be an element of $\Natural$. Assume that $k$ is less than or equal to $n$. Then the cardinality of the number of combinations of $A$ of size $k$ is equal to the binomial coefficient of $n$ over $k$.

Thm58. Let $A$ be a set. Let $n$ be an element of $\Natural$. Assume that $| A |$ is equal to $n$. Let $k$ be a natural number. Assume that $k$ is less than or equal to $n$. Then the cardinality of the number of combinations of $A$ of size $k$ is equal to the binomial coefficient of $n$ over $k$.

Thm58. Let $A$ be a set. Let $n$ be a natural number. Assume that $| A |$ is equal to $n$. Let $k$ be an element of $\Natural$. Assume that $k$ is less than or equal to $n$. Then the cardinality of the number of combinations of $A$ of size $k$ is equal to the binomial coefficient of $n$ over $k$.

Thm58. Let $A$ be a set. Let $n$ be an element of $\Natural$. Assume that the cardinality of $A$ is equal to $n$. Let $k$ be an element of $\Natural$. Assume that $k \leq n$. Then the cardinality of the number of combinations of $A$ of size $k$ is equal to the binomial coefficient of $n$ over $k$.

Thm58. Let $A$ be a set. Let $n$ be a natural number. Assume that the cardinality of $A$ is equal to $n$. Let $k$ be a natural number. Assume that $k$ is less than or equal to $n$. Then the cardinality of the number of combinations of $A$ of size $k$ is equal to the binomial coefficient of $n$ over $k$.

Thm58. Let $A$ be a set. Let $n$ be an element of $\Natural$. Assume that the cardinality of $A$ is equal to $n$. Let $k$ be an element of $\Natural$. Assume that $k$ is less than or equal to $n$. Then the cardinality of the number of combinations of $A$ of size $k$ is equal to $\binom{ n }{ k}$.

Thm58. Let $A$ be a set. Let $n$ be an element of $\Natural$. Assume that $| A |$ is equal to $n$. Let $k$ be an element of $\Natural$. Assume that $k$ is less than or equal to $n$. Then the cardinality of the number of combinations of $A$ of size $k$ is equal to the binomial coefficient of $n$ over $k$.

Thm58. Let $A$ be a set. Let $n$ be an element of $\Natural$. Assume that the cardinality of $A$ is equal to $n$. Let $k$ be a natural number. Assume that $k$ is less than or equal to $n$. Then the cardinality of the number of combinations of $A$ of size $k$ is equal to the binomial coefficient of $n$ over $k$.

Thm58. Let $A$ be a set. Let $n$ be a natural number. Assume that the cardinality of $A$ is equal to $n$. Let $k$ be an element of $\Natural$. Assume that $k$ is less than or equal to $n$. Then the cardinality of the number of combinations of $A$ of size $k$ is equal to the binomial coefficient of $n$ over $k$.

Thm58. Let $A$ be a set. Let $n$ be an element of $\Natural$. Assume that the cardinality of $A$ is equal to $n$. Let $k$ be an element of $\Natural$. Assume that $k$ is less than or equal to $n$. Then the cardinality of the number of combinations of $A$ of size $k$ is equal to the binomial coefficient of $n$ over $k$.

Thm78. Let $u$ and $v$ be vectors. Then $u \cdot v \leq \| u \| \times \| v \|$.

Thm78. Let $u$ and $v$ be vectors. Then $u \cdot v$ is less than or equal to $\| u \| \times \| v \|$.

Thm78. Let $u$ and $v$ be vectors. Then $u \cdot v$ is less than or equal to the product of $\| u \|$ and $\| v \|$.

Thm78. Let $u$ and $v$ be vectors. Then the dot product of $u$ and $v$ is less than or equal to $\| u \| \times \| v \|$.

Thm78. Let $u$ and $v$ be vectors. Then $u \cdot v$ is less than or equal to the product of the length of $u$ and $\| v \|$.

Thm78. Let $u$ and $v$ be vectors. Then $u \cdot v$ is less than or equal to the product of $\| u \|$ and the length of $v$.

Thm78. Let $u$ and $v$ be vectors. Then $u \cdot v$ is less than or equal to the product of the length of $u$ and the length of $v$.

Thm78. Let $u$ and $v$ be vectors. Then the dot product of $u$ and $v$ is less than or equal to the product of $\| u \|$ and $\| v \|$.

Thm78. Let $u$ and $v$ be vectors. Then the dot product of $u$ and $v$ is less than or equal to the product of the length of $u$ and $\| v \|$.

Thm78. Let $u$ and $v$ be vectors. Then the dot product of $u$ and $v$ is less than or equal to the product of $\| u \|$ and the length of $v$.

Thm78. Let $u$ and $v$ be vectors. Then the dot product of $u$ and $v$ is less than or equal to the product of the length of $u$ and the length of $v$.

Thm78a. Let $u$ and $v$ be vectors. Then if $u \perp v$, then $u \cdot v = 0$.

Thm78a. Let $u$ and $v$ be vectors. Then if $u \perp v$, then $u \cdot v$ is equal to $0$.

Thm78a. Let $u$ and $v$ be vectors. Then if $u$ is orthogonal to $v$, then $u \cdot v = 0$.

Thm78a. Let $u$ and $v$ be vectors. Then if $u$ is orthogonal to $v$, then $u \cdot v$ is equal to $0$.

Thm78a. Let $u$ and $v$ be vectors. Then if $u \perp v$, then the dot product of $u$ and $v$ is equal to $0$.

Thm78a. Let $u$ and $v$ be vectors. Then if $u$ is orthogonal to $v$, then the dot product of $u$ and $v$ is equal to $0$.

Thm91. Let $u$ and $v$ be vectors. Then $\| u + v \| \leq \| u \| + \| v \|$.

Thm91. Let $u$ and $v$ be vectors. Then $\| u + v \|$ is less than or equal to $\| u \| + \| v \|$.

Thm91. Let $u$ and $v$ be vectors. Then the length of $u + v$ is less than or equal to $\| u \| + \| v \|$.

Thm91. Let $u$ and $v$ be vectors. Then $\| u + v \|$ is less than or equal to the sum of $\| u \|$ and $\| v \|$.

Thm91. Let $u$ and $v$ be vectors. Then the length of the sum of $u$ and $v$ is less than or equal to $\| u \| + \| v \|$.

Thm91. Let $u$ and $v$ be vectors. Then the length of $u + v$ is less than or equal to the sum of $\| u \|$ and $\| v \|$.

Thm91. Let $u$ and $v$ be vectors. Then $\| u + v \|$ is less than or equal to the sum of the length of $u$ and $\| v \|$.

Thm91. Let $u$ and $v$ be vectors. Then $\| u + v \|$ is less than or equal to the sum of $\| u \|$ and the length of $v$.

Thm91. Let $u$ and $v$ be vectors. Then the length of $u + v$ is less than or equal to the sum of the length of $u$ and $\| v \|$.

Thm91. Let $u$ and $v$ be vectors. Then the length of $u + v$ is less than or equal to the sum of $\| u \|$ and the length of $v$.

Thm91. Let $u$ and $v$ be vectors. Then $\| u + v \|$ is less than or equal to the sum of the length of $u$ and the length of $v$.

Thm91. Let $u$ and $v$ be vectors. Then the length of $u + v$ is less than or equal to the sum of the length of $u$ and the length of $v$.

Thm91. Let $u$ and $v$ be vectors. Then the length of the sum of $u$ and $v$ is less than or equal to the sum of $\| u \|$ and $\| v \|$.

Thm91. Let $u$ and $v$ be vectors. Then the length of the sum of $u$ and $v$ is less than or equal to the sum of the length of $u$ and $\| v \|$.

Thm91. Let $u$ and $v$ be vectors. Then the length of the sum of $u$ and $v$ is less than or equal to the sum of $\| u \|$ and the length of $v$.

Thm91. Let $u$ and $v$ be vectors. Then the length of the sum of $u$ and $v$ is less than or equal to the sum of the length of $u$ and the length of $v$.

Thm98. Let $n$ be a natural number. Then if $n > 1$, then there exists a natural number $p$, such that $p$ is prime and $n < p < 2 \times n$.

Thm98. Let $n$ be an element of $\Natural$. Then if $n > 1$, then there exists a natural number $p$, such that $p$ is prime and $n < p < 2 \times n$.

Thm98. Let $n$ be a natural number. Then if $n > 1$, then there exists an element $p$ of $\Natural$, such that $p$ is prime and $n < p < 2 \times n$.

Thm98. Let $n$ be a natural number. Then if $n$ is greater than $1$, then there exists a natural number $p$, such that $p$ is prime and $n < p < 2 \times n$.

Thm98. Let $n$ be an element of $\Natural$. Then if $n > 1$, then there exists an element $p$ of $\Natural$, such that $p$ is prime and $n < p < 2 \times n$.

Thm98. Let $n$ be a natural number. Then if $n > 1$, then there exists a natural number $p$, such that $p$ is prime, $n < p$ and $p$ is less than $2 \times n$.

Thm98. Let $n$ be a natural number. Then if $n > 1$, then there exists a natural number $p$, such that $p$ is prime, $n$ is less than $p$ and $p < 2 \times n$.

Thm98. Let $n$ be an element of $\Natural$. Then if $n$ is greater than $1$, then there exists a natural number $p$, such that $p$ is prime and $n < p < 2 \times n$.

Thm98. Let $n$ be a natural number. Then if $n$ is greater than $1$, then there exists an element $p$ of $\Natural$, such that $p$ is prime and $n < p < 2 \times n$.

Thm98. Let $n$ be an element of $\Natural$. Then if $n > 1$, then there exists a natural number $p$, such that $p$ is prime, $n < p$ and $p$ is less than $2 \times n$.

Thm98. Let $n$ be a natural number. Then if $n > 1$, then there exists an element $p$ of $\Natural$, such that $p$ is prime, $n < p$ and $p$ is less than $2 \times n$.

Thm98. Let $n$ be an element of $\Natural$. Then if $n > 1$, then there exists a natural number $p$, such that $p$ is prime, $n$ is less than $p$ and $p < 2 \times n$.

Thm98. Let $n$ be a natural number. Then if $n > 1$, then there exists an element $p$ of $\Natural$, such that $p$ is prime, $n$ is less than $p$ and $p < 2 \times n$.

Thm98. Let $n$ be an element of $\Natural$. Then if $n$ is greater than $1$, then there exists an element $p$ of $\Natural$, such that $p$ is prime and $n < p < 2 \times n$.

Thm98. Let $n$ be a natural number. Then if $n > 1$, then there exists a natural number $p$, such that $p$ is prime, $n$ is less than $p$ and $p$ is less than $2 \times n$.

Thm98. Let $n$ be a natural number. Then if $n$ is greater than $1$, then there exists a natural number $p$, such that $p$ is prime, $n < p$ and $p$ is less than $2 \times n$.

Thm98. Let $n$ be a natural number. Then if $n > 1$, then there exists a natural number $p$, such that $p$ is prime, $n < p$ and $p$ is less than the product of $2$ and $n$.

Thm98. Let $n$ be a natural number. Then if $n$ is greater than $1$, then there exists a natural number $p$, such that $p$ is prime, $n$ is less than $p$ and $p < 2 \times n$.

Thm98. Let $n$ be an element of $\Natural$. Then if $n > 1$, then there exists an element $p$ of $\Natural$, such that $p$ is prime, $n < p$ and $p$ is less than $2 \times n$.

Thm98. Let $n$ be an element of $\Natural$. Then if $n > 1$, then there exists an element $p$ of $\Natural$, such that $p$ is prime, $n$ is less than $p$ and $p < 2 \times n$.

Thm98. Let $n$ be an element of $\Natural$. Then if $n > 1$, then there exists a natural number $p$, such that $p$ is prime, $n$ is less than $p$ and $p$ is less than $2 \times n$.

Thm98. Let $n$ be a natural number. Then if $n > 1$, then there exists an element $p$ of $\Natural$, such that $p$ is prime, $n$ is less than $p$ and $p$ is less than $2 \times n$.

Thm98. Let $n$ be an element of $\Natural$. Then if $n$ is greater than $1$, then there exists a natural number $p$, such that $p$ is prime, $n < p$ and $p$ is less than $2 \times n$.

Thm98. Let $n$ be an element of $\Natural$. Then if $n > 1$, then there exists a natural number $p$, such that $p$ is prime, $n < p$ and $p$ is less than the product of $2$ and $n$.

Thm98. Let $n$ be a natural number. Then if $n$ is greater than $1$, then there exists an element $p$ of $\Natural$, such that $p$ is prime, $n < p$ and $p$ is less than $2 \times n$.

Thm98. Let $n$ be a natural number. Then if $n > 1$, then there exists an element $p$ of $\Natural$, such that $p$ is prime, $n < p$ and $p$ is less than the product of $2$ and $n$.

Thm98. Let $n$ be an element of $\Natural$. Then if $n$ is greater than $1$, then there exists a natural number $p$, such that $p$ is prime, $n$ is less than $p$ and $p < 2 \times n$.

Thm98. Let $n$ be a natural number. Then if $n$ is greater than $1$, then there exists an element $p$ of $\Natural$, such that $p$ is prime, $n$ is less than $p$ and $p < 2 \times n$.

Thm98. Let $n$ be a natural number. Then if $n$ is greater than $1$, then there exists a natural number $p$, such that $p$ is prime, $n$ is less than $p$ and $p$ is less than $2 \times n$.

Thm98. Let $n$ be a natural number. Then if $n > 1$, then there exists a natural number $p$, such that $p$ is prime, $n$ is less than $p$ and $p$ is less than the product of $2$ and $n$.

Thm98. Let $n$ be a natural number. Then if $n$ is greater than $1$, then there exists a natural number $p$, such that $p$ is prime, $n < p$ and $p$ is less than the product of $2$ and $n$.

Thm98. Let $n$ be an element of $\Natural$. Then if $n > 1$, then there exists an element $p$ of $\Natural$, such that $p$ is prime, $n$ is less than $p$ and $p$ is less than $2 \times n$.

Thm98. Let $n$ be an element of $\Natural$. Then if $n$ is greater than $1$, then there exists an element $p$ of $\Natural$, such that $p$ is prime, $n < p$ and $p$ is less than $2 \times n$.

Thm98. Let $n$ be an element of $\Natural$. Then if $n > 1$, then there exists an element $p$ of $\Natural$, such that $p$ is prime, $n < p$ and $p$ is less than the product of $2$ and $n$.

Thm98. Let $n$ be an element of $\Natural$. Then if $n$ is greater than $1$, then there exists an element $p$ of $\Natural$, such that $p$ is prime, $n$ is less than $p$ and $p < 2 \times n$.

Thm98. Let $n$ be an element of $\Natural$. Then if $n$ is greater than $1$, then there exists a natural number $p$, such that $p$ is prime, $n$ is less than $p$ and $p$ is less than $2 \times n$.

Thm98. Let $n$ be an element of $\Natural$. Then if $n > 1$, then there exists a natural number $p$, such that $p$ is prime, $n$ is less than $p$ and $p$ is less than the product of $2$ and $n$.

Thm98. Let $n$ be a natural number. Then if $n$ is greater than $1$, then there exists an element $p$ of $\Natural$, such that $p$ is prime, $n$ is less than $p$ and $p$ is less than $2 \times n$.

Thm98. Let $n$ be a natural number. Then if $n > 1$, then there exists an element $p$ of $\Natural$, such that $p$ is prime, $n$ is less than $p$ and $p$ is less than the product of $2$ and $n$.

Thm98. Let $n$ be an element of $\Natural$. Then if $n$ is greater than $1$, then there exists a natural number $p$, such that $p$ is prime, $n < p$ and $p$ is less than the product of $2$ and $n$.

Thm98. Let $n$ be a natural number. Then if $n$ is greater than $1$, then there exists an element $p$ of $\Natural$, such that $p$ is prime, $n < p$ and $p$ is less than the product of $2$ and $n$.

Thm98. Let $n$ be a natural number. Then if $n$ is greater than $1$, then there exists a natural number $p$, such that $p$ is prime, $n$ is less than $p$ and $p$ is less than the product of $2$ and $n$.

Thm98. Let $n$ be an element of $\Natural$. Then if $n$ is greater than $1$, then there exists an element $p$ of $\Natural$, such that $p$ is prime, $n$ is less than $p$ and $p$ is less than $2 \times n$.

Thm98. Let $n$ be an element of $\Natural$. Then if $n > 1$, then there exists an element $p$ of $\Natural$, such that $p$ is prime, $n$ is less than $p$ and $p$ is less than the product of $2$ and $n$.

Thm98. Let $n$ be an element of $\Natural$. Then if $n$ is greater than $1$, then there exists an element $p$ of $\Natural$, such that $p$ is prime, $n < p$ and $p$ is less than the product of $2$ and $n$.

Thm98. Let $n$ be an element of $\Natural$. Then if $n$ is greater than $1$, then there exists a natural number $p$, such that $p$ is prime, $n$ is less than $p$ and $p$ is less than the product of $2$ and $n$.

Thm98. Let $n$ be a natural number. Then if $n$ is greater than $1$, then there exists an element $p$ of $\Natural$, such that $p$ is prime, $n$ is less than $p$ and $p$ is less than the product of $2$ and $n$.

Thm98. Let $n$ be an element of $\Natural$. Then if $n$ is greater than $1$, then there exists an element $p$ of $\Natural$, such that $p$ is prime, $n$ is less than $p$ and $p$ is less than the product of $2$ and $n$.
\end{document}
